track_name,artist_name,acousticness,danceability,duration_ms,energy,instrumentalness,key,liveness,loudness,mode,speechiness,tempo,time_signature
"""Honest""",Nico Collins,0.0162,0.476,191948.0,0.799,0.0,4.0,0.257,-4.939,0.0,0.212,162.139,4.0
"""In The Hall Of The Mountain King"" from Peer Gynt Suite N°1, Op. 46",London Symphony Orchestra,0.916,0.475,150827.0,0.13,0.956,7.0,0.101,-17.719,1.0,0.051,112.241,4.0
#BrooklynBloodPop!,SyKo,0.0164,0.691,145611.0,0.814,0.0,1.0,0.366,-3.788,0.0,0.117,132.012,4.0
$10,Good Morning,0.475,0.624,89509.0,0.596,0.203,4.0,0.119,-9.804,1.0,0.0314,120.969,4.0
(I Just) Died In Your Arms,Cutting Crew,0.0158,0.625,280400.0,0.726,0.000169,11.0,0.0625,-11.402,0.0,0.0444,124.945,4.0
(L)only Child,salem ilese,0.29,0.645,144468.0,0.611,2.05e-05,8.0,0.237,-5.925,0.0,0.137,157.475,3.0
(lol),Eren Cannata,0.000708,0.663,217627.0,0.904,0.289,7.0,0.341,-4.71,1.0,0.0857,118.024,4.0
-Interlude-,NF,,,,,,,,,,,,
"...And to Those I Love, Thanks for Sticking Around",$uicideboy$,0.124,0.792,168490.0,0.511,9.04e-05,2.0,0.14,-6.876,1.0,0.0409,113.983,4.0
...Baby One More Time,Britney Spears,0.202,0.759,211067.0,0.699,0.000131,0.0,0.443,-5.745,0.0,0.0307,92.96,4.0
0 to 100,Sidhu Moose Wala,0.139,0.742,108493.0,0.675,0.0,8.0,0.167,-6.551,1.0,0.0907,145.989,4.0
01:22,colours in the dark,0.967,0.62,129160.0,0.122,0.963,2.0,0.0726,-19.47,0.0,0.0428,72.019,3.0
"10,000 Hours (with Justin Bieber)",Dan + Shay,0.153,0.654,167693.0,0.63,0.0,10.0,0.111,-4.644,1.0,0.0259,89.991,4.0
11:23,mj apanay,0.899,0.611,58018.0,0.256,0.00497,8.0,0.125,-11.29,1.0,0.0733,123.535,4.0
12 Hours,Chris James,0.497,0.83,133125.0,0.414,0.0,3.0,0.187,-7.387,1.0,0.148,87.99,4.0
120,OQTAN,0.0243,0.806,115125.0,0.945,0.837,8.0,0.267,-1.382,1.0,0.0486,119.992,4.0
12:45 - Stripped,Etham,0.634,0.459,179013.0,0.214,0.0,5.0,0.125,-10.66,1.0,0.0403,163.816,4.0
13 Missed Calls,Zach Hood,0.452,0.639,209538.0,0.724,0.0,7.0,0.159,-6.346,1.0,0.0664,129.712,3.0
143,Josh Golden,0.413,0.652,187885.0,0.713,0.0048,6.0,0.265,-8.331,0.0,0.105,156.031,4.0
17 (slowed + reverb),Shiloh Dynasty,0.373,0.78,209493.0,0.24,0.0141,11.0,0.452,-12.996,1.0,0.0711,140.502,4.0
18,Jeremy Zucker,0.0445,0.783,150773.0,0.599,0.0,4.0,0.108,-5.688,1.0,0.0441,113.97,4.0
1917,Thomas Newman,0.945,0.0814,77413.0,0.0155,0.915,7.0,0.0923,-33.085,0.0,0.044,171.075,1.0
1984,glaive,0.0125,0.665,150222.0,0.746,0.0,9.0,0.148,-2.98,1.0,0.044,134.999,4.0
1985,Bo Burnham,0.0432,0.646,146654.0,0.724,0.0,4.0,0.333,-7.466,0.0,0.0475,155.85,4.0
1992,Bruises,0.00173,0.579,188000.0,0.851,0.0533,5.0,0.219,-7.261,1.0,0.0278,120.01,4.0
1Stp Klosr (The Humble Brothers Reanimation) [feat. Jonathan Davis],Linkin Park,0.00272,0.471,346040.0,0.927,0.537,1.0,0.115,-5.76,1.0,0.0495,96.149,4.0
2 AM,Marco Luka,0.176,0.661,172800.0,0.528,0.000107,5.0,0.092,-9.347,0.0,0.0354,150.004,4.0
2009,glaive,0.26,0.473,110339.0,0.849,0.0,5.0,0.103,-2.434,0.0,0.052,79.538,4.0
2019,Bazanji,0.153,0.596,112245.0,0.881,0.0,11.0,0.16,-5.228,0.0,0.119,147.038,4.0
2021,Lauv,0.683,0.849,195952.0,0.489,1.91e-05,0.0,0.108,-7.433,1.0,0.0509,113.977,4.0
2055,Sleepy Hallow,0.492,0.829,123987.0,0.512,0.0,6.0,0.12,-5.865,0.0,0.187,80.511,4.0
20s,Comfort Club,0.13,0.67,175033.0,0.418,0.0,5.0,0.353,-7.74,1.0,0.0272,101.936,4.0
"21 Hungarian Dances, WoO 1 (version for orchestra): Hungarian Dance No. 5 (orch. Schmeling)",Johannes Brahms,0.929,0.32,135773.0,0.127,0.813,7.0,0.25,-15.953,0.0,0.0366,144.451,3.0
"21 Hungarian Dances, WoO 1: Hungarian Dance No. 5 in F-Sharp Minor",Seattle Symphony Orchestra,0.831,0.227,173853.0,0.0666,0.392,7.0,0.083,-21.772,0.0,0.0403,82.568,4.0
"21 Hungarian Dances, WoO 1: No. 5 in G Minor: Allegro",Johannes Brahms,0.899,0.358,138707.0,0.167,0.96,7.0,0.103,-16.0,0.0,0.0354,144.561,4.0
22,Taylor Swift,0.000443,0.642,230960.0,0.695,1.02e-05,7.0,0.0753,-5.62,1.0,0.0281,103.984,4.0
24,sundial,0.0303,0.839,133897.0,0.525,0.0,2.0,0.302,-4.873,1.0,0.131,135.996,4.0
24 Hours,Alexander Stewart,0.0908,0.512,198333.0,0.748,0.0,10.0,0.204,-7.338,1.0,0.0376,143.999,4.0
24/7,The Neighbourhood,0.00213,0.587,219973.0,0.744,0.00181,7.0,0.114,-4.611,0.0,0.0742,118.962,4.0
26,Lauv,0.809,0.643,159608.0,0.458,0.00015,6.0,0.237,-8.636,1.0,0.0875,164.16,4.0
27,Loving Caliber,0.686,0.612,211361.0,0.362,0.0,0.0,0.111,-7.85,1.0,0.0307,140.043,4.0
27 Reasons,WILLIS,0.157,0.522,208760.0,0.624,0.00598,11.0,0.253,-8.359,0.0,0.0323,130.477,4.0
29,Chris James,0.51,0.777,138281.0,0.597,0.0,4.0,0.107,-5.125,1.0,0.0496,133.854,4.0
29,Run River North,0.000268,0.439,207120.0,0.903,0.0,7.0,0.249,-4.655,0.0,0.0692,156.974,4.0
2AM,SZA,0.438,0.504,242823.0,0.267,0.0,9.0,0.141,-13.678,0.0,0.406,83.966,4.0
2chijou,Hiroyuki Sawano,0.134,0.479,407573.0,0.476,0.424,5.0,0.094,-12.218,1.0,0.0511,120.099,4.0
2lovely,Griff Clawson,0.818,0.544,184987.0,0.342,0.0744,0.0,0.131,-11.686,1.0,0.0321,132.073,4.0
2much,Idkconundrum,,,,,,,,,,,,
2step,Ed Sheeran,0.169,0.763,153627.0,0.661,0.0,4.0,0.117,-5.592,0.0,0.056,95.002,4.0
2step (feat. Armaan Malik),Ed Sheeran,0.18,0.747,153124.0,0.667,0.0,4.0,0.146,-5.181,0.0,0.0566,95.0,4.0
2step (feat. Lil Baby),Ed Sheeran,0.138,0.693,163450.0,0.643,0.0,4.0,0.108,-5.867,0.0,0.0828,95.055,4.0
2z Don Corleon,Lil 2z,0.336,0.847,117943.0,0.444,0.0,8.0,0.0996,-10.167,0.0,0.492,115.042,4.0
3 Peg,Sharry Mann,0.14,0.69,204396.0,0.926,0.0,0.0,0.112,-0.223,0.0,0.253,167.927,4.0
"3,000 Miles From Home.",Ben Zaidi,0.5,0.713,158507.0,0.418,0.000655,2.0,0.119,-9.035,1.0,0.0519,84.041,4.0
"30,000 Feet",Ben Rector,0.694,0.555,256933.0,0.452,0.0,0.0,0.0595,-9.636,1.0,0.0554,179.921,4.0
30/90,Andrew Garfield,0.0146,0.466,262505.0,0.789,0.0,0.0,0.0637,-5.956,1.0,0.0663,175.772,4.0
3005,Childish Gambino,0.112,0.664,234215.0,0.447,0.0,6.0,0.091,-7.272,0.0,0.289,83.138,4.0
3:15,Bazzi,0.385,0.651,167019.0,0.654,0.0,1.0,0.181,-5.481,1.0,0.0466,141.975,4.0
4am,girl in red,0.663,0.418,110862.0,0.392,0.335,9.0,0.204,-13.771,1.0,0.0383,168.902,4.0
4u,blackbear,0.392,0.776,158571.0,0.513,0.0,5.0,0.0642,-6.757,1.0,0.0872,153.934,4.0
5 Taara,Diljit Dosanjh,0.13,0.687,178421.0,0.855,0.0,4.0,0.311,-2.837,0.0,0.109,167.947,4.0
5 dollars,Christine and the Queens,0.424,0.726,208293.0,0.654,0.0,2.0,0.0668,-6.201,1.0,0.0423,129.013,4.0
"52 Non Stop Dilbar Dilbar Remix(Remix By Kedrock,Sd Style)",Arya Acharya,0.0593,0.521,4581483.0,0.837,1.28e-05,7.0,0.157,-4.501,1.0,0.0794,106.001,4.0
52-Hearts,Hikaru Station,0.714,0.285,316800.0,0.803,1.07e-05,1.0,0.0495,-6.128,1.0,0.158,95.806,4.0
5am in cairo,"oh, the joy.",0.936,0.751,177288.0,0.193,0.94,3.0,0.11,-15.902,1.0,0.0449,113.987,4.0
6 Underground,Sneaker Pimps,0.0281,0.587,228840.0,0.687,0.14,1.0,0.121,-8.635,0.0,0.0509,169.938,4.0
608,Carlie Hanson,0.673,0.614,204760.0,0.511,0.00176,11.0,0.339,-8.758,0.0,0.0294,148.024,3.0
6AM,Fly By Midnight,0.0318,0.637,190912.0,0.885,0.0,5.0,0.107,-4.522,1.0,0.0274,127.027,4.0
7 Minutes,Dean Lewis,0.526,0.613,211453.0,0.739,0.0,10.0,0.149,-6.478,1.0,0.0311,104.966,4.0
7 Years,Lukas Graham,0.287,0.765,237300.0,0.473,0.0,10.0,0.391,-5.829,1.0,0.0514,119.992,4.0
772 Love,YNW Melly,0.226,0.676,209489.0,0.623,1.66e-05,6.0,0.159,-7.297,0.0,0.0352,111.466,4.0
7UP,Boy In Space,0.0169,0.618,203555.0,0.47,0.0,0.0,0.111,-7.379,1.0,0.0271,135.034,4.0
8 Letters,Why Don't We,0.649,0.607,190027.0,0.478,0.0,1.0,0.0928,-5.702,0.0,0.031,88.979,4.0
85%,Loote,0.346,0.574,174107.0,0.651,0.0,7.0,0.149,-7.585,1.0,0.046,140.017,4.0
9 to 5,Young Ejecta,0.232,0.659,219258.0,0.834,0.55,8.0,0.236,-5.715,1.0,0.0387,116.048,4.0
90210 (feat. G-Eazy),blackbear,0.0306,0.707,223296.0,0.707,0.0,11.0,0.127,-6.161,0.0,0.0375,104.039,4.0
90mh,Albanos Xwris Xartia,,,,,,,,,,,,
90mh,Trefuego,,,,,,,,,,,,
911,Ellise,0.509,0.765,188387.0,0.53,4.15e-06,10.0,0.117,-7.18,0.0,0.0833,130.104,4.0
:( (sad face),Bahari,0.242,0.661,188182.0,0.552,0.0,8.0,0.0953,-8.015,0.0,0.0278,110.072,4.0
@ my worst,blackbear,0.0173,0.615,191364.0,0.774,0.0,4.0,0.15,-5.152,0.0,0.0551,136.887,4.0
A Better Place,Project AER,0.937,0.496,120000.0,0.255,0.845,9.0,0.0909,-17.984,1.0,0.0283,141.961,4.0
A Dangerous Thing,AURORA,0.465,0.541,215573.0,0.556,0.0,11.0,0.116,-6.15,0.0,0.0356,105.886,4.0
A Different Way (with Lauv),DJ Snake,0.495,0.784,198286.0,0.757,1.18e-06,8.0,0.142,-3.912,1.0,0.0384,104.996,4.0
A Drug From God,Chris Lake,0.00819,0.714,192455.0,0.883,0.843,9.0,0.231,-4.43,1.0,0.0625,126.016,4.0
A Gift Of A Thistle,James Horner,0.9,0.0828,97667.0,0.012,0.812,9.0,0.0875,-36.045,0.0,0.0451,169.895,3.0
A Little Bit Yours,JP Saxe,0.735,0.598,225680.0,0.295,0.0,1.0,0.107,-8.553,1.0,0.0276,87.025,4.0
A Little Braver,New Empire,0.771,0.497,206854.0,0.425,1.11e-05,2.0,0.109,-8.317,1.0,0.0325,148.074,4.0
A Little Longer,Sammieforreal,0.306,0.405,261346.0,0.273,0.448,4.0,0.217,-18.285,0.0,0.0515,79.91,4.0
A Little Messed Up,june,0.694,0.773,168000.0,0.528,0.0001,4.0,0.478,-7.876,0.0,0.0551,96.06,4.0
A Little More,Catie Turner,0.477,0.792,224528.0,0.484,0.0,4.0,0.106,-9.897,1.0,0.192,96.939,4.0
A Little Piece of Heaven,Avenged Sevenfold,0.0244,0.486,480707.0,0.881,0.0,2.0,0.429,-5.623,0.0,0.0474,144.997,4.0
A Million Dreams,Ziv Zaifman,0.243,0.265,269453.0,0.312,0.0,7.0,0.0893,-11.689,1.0,0.0569,54.747,3.0
A Million Dreams (Reprise),Austyn Johnson,0.726,0.253,60453.0,0.139,5.01e-05,6.0,0.269,-17.067,1.0,0.0414,74.369,3.0
A Moment Apart,ODESZA,0.179,0.515,234244.0,0.663,0.668,7.0,0.494,-7.896,0.0,0.0328,120.024,4.0
A New Beginning,Yasumu,0.771,0.695,143379.0,0.287,0.904,0.0,0.362,-14.608,1.0,0.0499,128.028,4.0
A Night to Remember,High School Musical Cast,0.0747,0.798,236400.0,0.904,6.62e-06,0.0,0.0522,-3.316,0.0,0.0476,135.008,4.0
A Night to Remember - Original Version,High School Musical Cast,0.0747,0.798,236400.0,0.904,6.62e-06,0.0,0.0522,-3.316,0.0,0.0476,135.008,4.0
A Place Among the Stars,Hans Zimmer,0.97,0.171,207118.0,0.0325,0.87,4.0,0.0756,-25.382,0.0,0.043,70.821,3.0
A Sky Full of Stars,Taron Egerton,0.152,0.44,206438.0,0.676,0.0201,6.0,0.108,-7.57,1.0,0.0582,125.013,4.0
A Soulmate Who Wasn’t Meant to Be,Jess Benko,0.948,0.571,316556.0,0.0274,6.43e-06,9.0,0.322,-20.274,0.0,0.0649,124.209,3.0
A wild river to take you home,Black Hill,0.825,0.458,229536.0,0.361,0.913,6.0,0.103,-12.066,0.0,0.0353,86.966,4.0
A+E (feat. Kandaka Moore & Nikki Cislyn),Clean Bandit,0.00623,0.808,246584.0,0.519,0.136,5.0,0.119,-8.268,0.0,0.0403,114.977,4.0
A-Punk,Vampire Weekend,0.0103,0.551,137760.0,0.819,0.0437,2.0,0.153,-4.489,1.0,0.0525,174.917,4.0
A.S.A.G.,Ori Rose,0.0879,0.739,187317.0,0.625,0.0,8.0,0.251,-6.013,1.0,0.0382,122.976,4.0
AFTERLIFE,CYREX,0.314,0.692,196673.0,0.735,0.959,1.0,0.117,-8.691,1.0,0.0348,110.007,4.0
AGEN WIDA,JOYRYDE,0.0114,0.784,199048.0,0.913,0.00162,1.0,0.0831,-1.208,1.0,0.177,126.054,4.0
ALIEN SUPERSTAR,Beyoncé,0.00453,0.545,215460.0,0.641,6.59e-05,10.0,0.171,-6.398,0.0,0.0998,121.892,4.0
ALIENSPEAK (feat. Curtis Waters),Brevin Kim,,,,,,,,,,,,
ALL MINE,Brent Faiyaz,0.428,0.617,216063.0,0.378,9.16e-05,9.0,0.11,-8.54,1.0,0.0315,141.967,4.0
ALLERGIC,clide,0.538,0.609,155200.0,0.428,0.0,11.0,0.064,-7.796,1.0,0.0244,96.071,4.0
AMAZING,Rex Orange County,0.279,0.719,209200.0,0.461,0.0,8.0,0.0875,-8.191,1.0,0.0454,123.915,4.0
AMNESIA,Hikki Gaya,0.000974,0.605,131253.0,0.887,0.919,1.0,0.352,-2.298,1.0,0.0448,99.998,4.0
AMNESIA (feat. Boy In Space),DREAMDNVR,0.471,0.708,175827.0,0.42,0.0,9.0,0.353,-9.478,0.0,0.121,145.981,4.0
ANGOSTURA,keshi,0.406,0.536,171020.0,0.659,0.004,6.0,0.107,-9.732,1.0,0.0483,170.035,4.0
ANKLES,Jessie Reyez,0.234,0.514,169240.0,0.749,7.98e-05,8.0,0.19,-4.336,1.0,0.403,179.623,3.0
ANUBIS,KUTE,0.00142,0.627,131455.0,0.993,0.254,1.0,0.239,-1.304,1.0,0.0714,109.975,4.0
AVOID ME,KUTE,0.123,0.656,105789.0,0.964,0.813,6.0,0.78,-2.087,0.0,0.0964,114.007,4.0
AVOID ME 3,KUTE,0.11,0.706,120000.0,0.933,0.878,10.0,0.058,-0.096,1.0,0.0721,114.042,4.0
Aaftaab,The Local Train,0.755,0.464,233472.0,0.391,9.64e-05,6.0,0.105,-9.884,1.0,0.0384,106.887,4.0
Aag Lage Chahe Basti Mai,Sirazee,0.113,0.613,142410.0,0.551,0.0,9.0,0.266,-8.613,1.0,0.198,110.243,5.0
Aahe Neelasaila,Bhikhari Bala,0.654,0.328,313748.0,0.571,1.15e-05,1.0,0.27,-6.913,1.0,0.0395,186.602,1.0
"Aahun Aahun (From ""Love Aaj Kal"")",Master Saleem,,,,,,,,,,,,
Aaj Bhi,Vishal Mishra,0.886,0.581,241206.0,0.304,2.79e-05,1.0,0.103,-9.707,0.0,0.0274,109.006,4.0
Aaj Bhi (Lofi Flip),It's DPK,,,,,,,,,,,,
Aaj Bhi - WORMONO LoFi Remake,Vishal Mishra,0.561,0.307,217976.0,0.265,0.000517,1.0,0.398,-14.701,0.0,0.0497,94.115,1.0
Aaja We Mahiya,Imran Khan,0.131,0.639,232067.0,0.594,0.0,10.0,0.119,-6.497,1.0,0.0347,80.034,4.0
Aajkal Tere Mere Pyar Ke Charche,Suman Kalyanpur,0.858,0.556,309493.0,0.792,0.007,9.0,0.596,-10.683,1.0,0.0715,98.554,4.0
"Aankh Marey (From ""Simmba"")",Neha Kakkar,,,,,,,,,,,,
Aankhein Khuli,Jatin-Lalit,0.349,0.792,422713.0,0.635,5.92e-06,7.0,0.324,-13.94,0.0,0.0863,122.004,4.0
Aap Ki Kashish,Himesh Reshammiya,0.117,0.69,333653.0,0.78,0.0,8.0,0.0696,-7.412,0.0,0.0489,110.963,4.0
Aaron's Aria,Music Circle,,,,,,,,,,,,
Aasan Nahin Yahan,Arijit Singh,0.766,0.549,214470.0,0.437,0.000407,10.0,0.133,-7.169,0.0,0.0263,93.976,4.0
Aashayein,KK,0.232,0.561,260142.0,0.709,0.0,9.0,0.0992,-10.247,1.0,0.0484,115.006,4.0
Aashayein - Slow Version,KK,0.979,0.417,72292.0,0.134,9.61e-05,9.0,0.101,-12.096,1.0,0.0321,83.176,4.0
Aashiqui 2 Mashup,Arijit Singh,0.393,0.616,302658.0,0.757,0.00267,8.0,0.165,-5.877,0.0,0.0337,96.976,4.0
Aasman Ke,KK,0.0852,0.558,257280.0,0.746,0.000302,7.0,0.258,-6.338,0.0,0.0389,120.096,4.0
Ab Mujhe Raat Din,Sonu Nigam,0.161,0.68,385253.0,0.524,0.0015,5.0,0.101,-12.536,1.0,0.0306,100.054,4.0
Abhi Abhi,KK,0.145,0.566,342669.0,0.634,0.000716,2.0,0.0814,-5.551,1.0,0.0443,143.89,4.0
Abhi Mujh Mein Kahin,Ajay-Atul,0.755,0.334,364787.0,0.387,3.94e-05,2.0,0.113,-9.483,1.0,0.0332,129.959,1.0
Abhi Na Jao Chhod Kar,Asha Bhosle,0.79,0.569,258387.0,0.31,0.0,3.0,0.341,-13.287,1.0,0.0371,97.244,3.0
Abki Dussehra Me Mana Tu Baat,Uttam Singh,,,,,,,,,,,,
About Love - From The Netflix Film “To All The Boys: P.S. I Still Love You”,MARINA,0.331,0.636,214107.0,0.758,1.01e-05,0.0,0.16,-5.567,1.0,0.0427,97.025,4.0
Actually I'm Good,Foreign Forest,0.568,0.727,252203.0,0.486,0.0,8.0,0.0889,-8.364,1.0,0.0325,118.038,4.0
Addict,Lund,0.1,0.577,174247.0,0.553,0.0,4.0,0.21,-7.648,0.0,0.0479,145.974,4.0
Adiyogi (The Source of Yoga),Kailash Kher,0.3,0.611,393220.0,0.512,0.000851,11.0,0.219,-12.533,0.0,0.0361,99.987,1.0
Admiral Benbow,Michiel Schrey,0.579,0.516,113973.0,0.482,0.0,7.0,0.307,-6.04,1.0,0.0421,170.178,4.0
Admit,Player1,0.428,0.574,189103.0,0.647,0.0,9.0,0.124,-6.497,0.0,0.0618,145.033,4.0
Adrenaline,Lauv,0.354,0.651,206368.0,0.688,2.57e-06,6.0,0.0741,-4.407,1.0,0.109,95.017,4.0
Adrift,Kurt Stewart,0.616,0.587,124174.0,0.0548,0.827,6.0,0.0999,-22.15,0.0,0.0345,109.905,4.0
Adult,Sasha Alex Sloan,0.174,0.607,184253.0,0.849,2.03e-05,8.0,0.0964,-6.389,1.0,0.0444,89.988,4.0
Ae Watan (Male),Arijit Singh,,,,,,,,,,,,
Affection,Fiji Blue,0.321,0.827,174211.0,0.49,0.000137,10.0,0.095,-8.37,0.0,0.055,113.002,4.0
Afghan Jalebi (Film Version),Pritam,0.427,0.84,224207.0,0.884,0.0,0.0,0.0885,-3.217,1.0,0.334,118.007,4.0
Afraid,The Neighbourhood,0.00892,0.464,251187.0,0.701,0.309,6.0,0.335,-5.693,0.0,0.0411,83.996,4.0
Afraid of Time,Hans Zimmer,0.92,0.245,152673.0,0.00336,0.0234,9.0,0.119,-38.793,0.0,0.0451,119.949,3.0
Africa,TOTO,0.257,0.671,295893.0,0.373,8.01e-05,9.0,0.0481,-18.064,1.0,0.0323,92.718,4.0
After All,Elton John,0.361,0.501,208715.0,0.556,0.000133,5.0,0.115,-5.628,1.0,0.0266,82.017,4.0
After Midnight,Slushii,0.0477,0.418,178519.0,0.965,3.88e-06,10.0,0.561,-2.417,0.0,0.163,139.759,4.0
After Rain,Aimer,0.00949,0.653,292760.0,0.783,0.0,10.0,0.0791,-3.859,1.0,0.0298,119.992,4.0
After the Love Has Gone,"Earth, Wind & Fire",0.532,0.424,278040.0,0.443,0.000389,6.0,0.673,-13.45,1.0,0.0382,131.675,4.0
Afterglow,Ed Sheeran,0.698,0.641,185487.0,0.324,0.0,11.0,0.328,-5.851,1.0,0.0299,110.184,4.0
Afterglow,Leroy Sanchez,0.823,0.659,186000.0,0.273,0.0,11.0,0.121,-6.352,1.0,0.0285,110.171,4.0
Afterlife,Ewan J Phillips,0.521,0.342,227778.0,0.279,0.00053,1.0,0.157,-11.252,1.0,0.0376,71.766,1.0
Again,Sasha Alex Sloan,0.778,0.62,194375.0,0.553,0.00191,2.0,0.0916,-10.228,0.0,0.0517,148.978,4.0
Again & Again,Fly By Midnight,0.188,0.728,169412.0,0.694,0.000876,1.0,0.149,-5.634,1.0,0.0645,101.985,4.0
Again to Goshintai,RADWIMPS,0.925,0.2,143253.0,0.318,0.894,5.0,0.114,-11.267,1.0,0.0449,119.593,4.0
Agar Tum Saath Ho,Alka Yagnik,0.743,0.654,261060.0,0.408,0.0145,3.0,0.278,-12.787,1.0,0.0695,95.957,4.0
Agent Vinod (Theme),Pritam,0.000223,0.658,277950.0,0.852,0.863,0.0,0.101,-3.07,1.0,0.044,140.024,4.0
Ain't Got Rhythm (Vocal),Phineas,,,,,,,,,,,,
Air Bnb,Central Cee,0.594,0.897,138121.0,0.728,0.0,0.0,0.0735,-5.833,0.0,0.167,139.895,4.0
"Air, BWV 1068 - From Orchestral Suite No.3 In D Major",André Rieu,0.674,0.157,301320.0,0.378,0.914,2.0,0.136,-14.792,1.0,0.0389,141.592,4.0
Airplanes (feat. Hayley Williams of Paramore),B.o.B,0.11,0.66,180480.0,0.867,0.0,6.0,0.0368,-4.285,0.0,0.116,93.033,4.0
Ajab Si,KK,0.397,0.697,241668.0,0.438,0.0,8.0,0.293,-8.411,1.0,0.0289,117.954,4.0
Ajnabi Hawaayein,Shreya Ghoshal,0.589,0.557,281658.0,0.58,0.000245,6.0,0.124,-6.566,0.0,0.0429,80.051,4.0
Akatsuki Theme - From Naruto Shippuden,Gabriele Motta,0.0562,0.451,131250.0,0.496,0.777,0.0,0.325,-12.905,0.0,0.0424,159.934,4.0
Akela Hoon,AMAN,0.943,0.508,224601.0,0.0901,0.000875,7.0,0.18,-22.456,1.0,0.0295,70.198,4.0
Akhiyaan,Mitraz,0.0533,0.724,191869.0,0.618,0.704,2.0,0.0886,-9.007,1.0,0.0534,100.021,4.0
Alfred - Intro,Eminem,0.887,0.764,17075.0,0.376,1.92e-06,1.0,0.375,-12.586,1.0,0.571,97.546,4.0
Alive,Audrey Mika,0.601,0.591,197224.0,0.335,0.0,9.0,0.0976,-8.331,0.0,0.0339,86.448,5.0
Alive,Empire of the Sun,0.0997,0.524,204591.0,0.885,0.0,5.0,0.0708,-3.079,1.0,0.037,119.954,4.0
Alive,Khalid,0.832,0.386,177413.0,0.406,0.0597,11.0,0.171,-10.419,1.0,0.0425,78.616,4.0
Alive,WILLIS,0.125,0.615,155136.0,0.373,0.876,6.0,0.184,-11.54,0.0,0.026,87.97,4.0
All 4 Nothing (I'm So In Love),Lauv,0.0411,0.72,183014.0,0.819,0.0,1.0,0.0606,-4.588,1.0,0.0362,131.99,4.0
All About That Bass,Meghan Trainor,0.0573,0.807,187920.0,0.887,2.87e-06,9.0,0.124,-3.726,1.0,0.0503,134.052,4.0
All Alone,Sølace,0.776,0.601,147000.0,0.556,0.0465,7.0,0.236,-10.722,0.0,0.395,80.003,4.0
All Around Me,Flyleaf,0.0216,0.473,198507.0,0.871,0.0,9.0,0.0525,-4.893,1.0,0.0456,146.975,4.0
All Around the World (La La La),R3HAB,0.479,0.733,147840.0,0.859,0.0645,9.0,0.105,-5.03,0.0,0.033,124.948,4.0
All Because of You,Stephen Day,0.797,0.426,238280.0,0.177,0.00615,7.0,0.113,-13.334,1.0,0.0346,118.155,4.0
All Black,Raftaar,0.072,0.813,218146.0,0.734,0.0,10.0,0.118,-5.464,0.0,0.0577,107.967,4.0
All Dressed up (Hot Mix),Jack Newsome,0.149,0.846,181279.0,0.628,0.0,1.0,0.0746,-5.319,1.0,0.0567,111.072,4.0
All Eyes On Me,Conro,0.0532,0.761,199286.0,0.644,0.00146,7.0,0.0838,-6.765,1.0,0.0409,111.993,4.0
All Eyes On Me,VALORANT,0.00202,0.732,160500.0,0.777,0.667,0.0,0.268,-5.253,1.0,0.111,160.061,4.0
All Eyes On Me (Song Only),Bo Burnham,0.716,0.247,212861.0,0.442,0.0,6.0,0.0655,-8.703,1.0,0.041,62.952,4.0
All I Ask of You (feat. Pennybirdrabbit),Skrillex,0.0173,0.774,340341.0,0.909,0.121,9.0,0.0739,-2.89,0.0,0.0365,126.977,4.0
All I Ever Wanted - Radio Edit,Basshunter,0.164,0.645,176453.0,0.984,0.00701,4.0,0.164,-7.051,1.0,0.0508,144.954,4.0
All I Have Is My Smile,LIL DUSTY G,0.0699,0.636,99200.0,0.808,0.0,0.0,0.153,-3.288,1.0,0.0534,75.013,4.0
All I Know So Far,P!nk,0.0586,0.578,277413.0,0.639,0.0,4.0,0.0944,-5.749,1.0,0.0374,108.045,4.0
All I Wanna Do,Jay Park,0.377,0.403,216786.0,0.724,0.0,8.0,0.0927,-6.064,1.0,0.246,97.133,4.0
All I Want,Kodaline,0.174,0.188,305747.0,0.411,0.153,0.0,0.0843,-9.733,1.0,0.0484,187.376,3.0
All In (feat. Jimmy Levy),NITTI,0.0938,0.288,234518.0,0.754,0.0,6.0,0.238,-3.376,0.0,0.0476,174.095,4.0
All Into Nothing,R3HAB,0.0421,0.571,161400.0,0.763,0.0,9.0,0.394,-6.66,1.0,0.05,99.955,4.0
All Is Fair in Love and Brostep,Skrillex,0.00112,0.581,249120.0,0.925,0.0,11.0,0.406,-3.213,1.0,0.151,139.982,4.0
All Is Full Of Love,Björk,0.0536,0.481,287000.0,0.49,0.123,6.0,0.0915,-10.098,1.0,0.0271,152.04,4.0
All Love,FLETCHER,0.272,0.665,193600.0,0.488,0.000261,4.0,0.181,-7.177,1.0,0.0981,142.087,4.0
All My Life,ODESZA,0.547,0.303,192267.0,0.68,0.929,9.0,0.872,-5.318,1.0,0.0731,118.581,3.0
All Night - Cash Cash Remix; Radio Edit,Icona Pop,0.0386,0.591,206250.0,0.864,0.0,4.0,0.139,-2.04,1.0,0.155,128.073,4.0
All Night - Slowed N Reverb,The Vamps,0.00527,0.607,244798.0,0.678,0.0,8.0,0.332,-7.045,0.0,0.0335,115.968,4.0
All Night Long,Jonas Blue,0.00887,0.572,206667.0,0.811,5.65e-06,6.0,0.124,-4.874,0.0,0.066,125.946,4.0
All The Things She Said,t.A.T.u.,0.0411,0.603,214440.0,0.834,0.00609,5.0,0.105,-5.766,0.0,0.0417,89.957,4.0
All This Time - Timmy Trumpet Remix,Deorro,0.0976,0.699,177718.0,0.709,0.000124,6.0,0.0852,-6.316,0.0,0.0889,149.975,4.0
All Time,Kurt Hugo Schneider,0.777,0.303,200972.0,0.393,0.000102,0.0,0.106,-8.926,1.0,0.0458,180.23,4.0
All Time Low,Jon Bellion,0.0584,0.617,217603.0,0.567,0.0,0.0,0.0933,-4.188,1.0,0.0828,90.246,4.0
All We Need (feat. Shy Girls),ODESZA,,,,,,,,,,,,
All Your Exes,Julia Michaels,0.0232,0.603,209276.0,0.618,0.0,1.0,0.118,-5.184,1.0,0.0319,112.114,3.0
All for Me,Hoodie Allen,0.126,0.74,224049.0,0.7,0.0,4.0,0.208,-7.066,0.0,0.165,89.971,4.0
All for Me Grog,Linda Morrison,0.755,0.765,126453.0,0.524,0.0,11.0,0.239,-5.821,0.0,0.101,114.697,4.0
All of Me,John Legend,0.922,0.422,269560.0,0.264,0.0,8.0,0.132,-7.064,1.0,0.0322,119.93,4.0
All of the Stars,Ed Sheeran,0.00886,0.54,237147.0,0.557,0.000182,11.0,0.307,-6.097,1.0,0.0259,75.035,4.0
Allah Hafiz,Pritam,0.0719,0.683,270470.0,0.975,0.000384,7.0,0.325,-3.48,1.0,0.068,103.026,4.0
Allah Ke Bande,Kailash Kher,,,,,,,,,,,,
Allah Maaf Kare,Pritam,0.184,0.664,230165.0,0.792,0.000417,6.0,0.106,-5.294,1.0,0.0283,139.961,4.0
Allah Waariyan,Shafqat Amanat Ali,0.349,0.483,314522.0,0.781,0.0,4.0,0.126,-5.926,1.0,0.0445,83.782,4.0
Allegro,Wolfgang Amadeus Mozart,0.987,0.428,460027.0,0.237,0.896,7.0,0.0849,-13.764,0.0,0.0351,79.904,4.0
Allure,DaniSogen,0.91,0.635,156000.0,0.238,0.914,11.0,0.0857,-20.089,0.0,0.0317,120.005,4.0
"Almost nothing - ""Death Stranding"" Ending Song",Silent Poets,0.249,0.453,296520.0,0.434,0.478,4.0,0.0894,-11.32,0.0,0.0291,108.016,4.0
Alone,Biting Elbows,0.0277,0.648,180930.0,0.707,2.79e-05,7.0,0.099,-7.248,1.0,0.0268,127.971,4.0
Alone,Lund,0.656,0.741,254000.0,0.354,0.702,2.0,0.384,-15.505,1.0,0.0812,120.018,4.0
Alone,Nico Collins,0.0356,0.525,234001.0,0.785,0.0,2.0,0.103,-2.407,0.0,0.0455,170.116,4.0
Alone (End Credits),Mikko Tarmia,0.936,0.257,138842.0,0.113,0.93,5.0,0.102,-18.99,0.0,0.0386,134.506,3.0
Alone (Naruto),Kato,0.0856,0.523,101820.0,0.617,0.857,9.0,0.139,-7.76,0.0,0.0265,79.964,4.0
Alone - Acoustic,Nico Collins,0.5,0.58,236451.0,0.405,0.0,5.0,0.103,-6.859,1.0,0.0994,169.661,4.0
Alone Piano,Kato,0.992,0.691,61857.0,0.00816,0.967,9.0,0.149,-25.501,0.0,0.093,67.549,4.0
Alone With You (feat. AlunaGeorge),Kito,0.476,0.722,178042.0,0.514,0.0114,0.0,0.105,-9.249,0.0,0.272,103.992,4.0
Alone in My Car,NIKI DEMAR,0.185,0.625,193173.0,0.574,0.00405,0.0,0.159,-7.343,1.0,0.0356,92.089,4.0
Alone with You,Canyon City,0.798,0.549,186584.0,0.274,6.63e-06,1.0,0.103,-12.565,1.0,0.0379,86.664,4.0
"Alone, Pt. II",Alan Walker,0.539,0.673,179053.0,0.659,0.0,3.0,0.129,-4.493,0.0,0.0439,88.011,4.0
Aloo Chaat (Title Track),RDB,0.338,0.792,309747.0,0.959,0.0,9.0,0.275,-2.579,0.0,0.0913,115.015,4.0
"Also sprach Zarathustra, Op. 30",Richard Strauss,0.637,0.115,109667.0,0.301,0.935,0.0,0.154,-13.321,1.0,0.0449,77.276,4.0
Alvida,Pritam,0.593,0.287,338587.0,0.654,7.3e-06,2.0,0.11,-5.57,1.0,0.0374,84.015,4.0
"Alvida - From ""Alvida""",Shafqat Amanat Ali,0.447,0.32,136759.0,0.437,0.0,0.0,0.279,-13.057,0.0,0.0411,81.563,4.0
Always Be There,Jonas Blue,0.16,0.702,198408.0,0.759,0.0,0.0,0.062,-3.292,1.0,0.0381,123.999,4.0
Always Looking for You,Jason Mraz,0.128,0.551,232941.0,0.596,0.0,11.0,0.0679,-8.116,1.0,0.0544,169.786,4.0
Am I The Only One (with Astrid S & HRVY),R3HAB,0.401,0.722,152143.0,0.592,1.31e-06,9.0,0.0927,-7.746,1.0,0.0564,139.903,4.0
Am I Wrong,Nico & Vinz,0.175,0.729,245867.0,0.675,1.58e-06,8.0,0.55,-6.003,1.0,0.0312,119.968,4.0
Ambarsariya,Sona Mohapatra,0.574,0.649,248182.0,0.458,0.0,4.0,0.113,-7.632,0.0,0.0446,180.071,4.0
Ameno,ERA,0.0919,0.605,235227.0,0.532,0.000576,1.0,0.0762,-10.872,0.0,0.0337,102.804,4.0
Ameno - Remix,ERA,0.165,0.69,227133.0,0.812,4.15e-05,1.0,0.0905,-7.452,0.0,0.0327,102.824,4.0
American Cars,Annie,0.149,0.567,226869.0,0.588,0.00298,7.0,0.126,-8.117,0.0,0.0315,79.381,4.0
American Honey,Current Joys,0.503,0.433,253011.0,0.501,0.0177,3.0,0.0945,-8.89,1.0,0.0346,204.06,4.0
American Idiot,Green Day,2.64e-05,0.38,176346.0,0.988,7.86e-05,1.0,0.368,-2.042,1.0,0.0639,186.113,4.0
American Psycho (with Mae Muller feat. Trippie Redd),Marshmello,0.0154,0.617,153196.0,0.514,0.0,9.0,0.118,-7.099,1.0,0.0722,81.067,4.0
Amnesia,Grace Carter,0.0849,0.616,192227.0,0.699,0.000689,0.0,0.077,-5.398,1.0,0.044,99.956,4.0
Amplifier,Imran Khan,0.0209,0.727,232907.0,0.714,0.0,2.0,0.153,-4.494,1.0,0.0872,164.003,4.0
Andira,Myríad,0.895,0.559,144000.0,0.354,0.864,5.0,0.113,-15.523,0.0,0.108,79.933,4.0
Angel 2 Me,McKay,0.655,0.636,210163.0,0.522,0.0,3.0,0.124,-5.687,1.0,0.127,83.048,4.0
Angel Baby,Troye Sivan,0.0145,0.559,220780.0,0.559,0.0,11.0,0.138,-6.425,1.0,0.0358,72.498,4.0
Angela,Flower Face,0.926,0.49,284143.0,0.126,3.36e-06,1.0,0.0992,-13.868,1.0,0.0327,99.892,3.0
Angeleyes,ABBA,0.523,0.719,260893.0,0.922,0.000163,11.0,0.0867,-6.091,1.0,0.0338,133.113,4.0
Angles,Jonas Blue,0.0148,0.708,165120.0,0.872,0.802,0.0,0.0881,-5.377,0.0,0.0463,124.996,3.0
Animal,Noah Kahan,0.163,0.709,219555.0,0.48,0.0,11.0,0.16,-8.353,1.0,0.305,175.916,4.0
Animals,Martin Garrix,0.00137,0.593,176120.0,0.914,0.445,1.0,0.0714,-5.351,1.0,0.0363,128.015,4.0
Animals,Nickelback,0.000734,0.572,186600.0,0.961,0.021,7.0,0.207,-3.089,1.0,0.0625,76.998,4.0
Anisuthide,Sonu Nigam,0.458,0.744,276428.0,0.708,0.000486,0.0,0.207,-6.073,0.0,0.0312,120.017,4.0
Anjaana Anjaani,Vishal Dadlani,0.49,0.526,354079.0,0.639,1.46e-05,0.0,0.099,-6.614,1.0,0.0322,77.053,4.0
Anjaana Anjaani Ki Kahani,Nikhil D'Souza,0.00591,0.682,285051.0,0.97,0.171,2.0,0.0448,-5.332,1.0,0.0459,137.954,4.0
Annabelle's Homework,Alec Benjamin,0.701,0.676,192501.0,0.634,1.63e-06,8.0,0.223,-5.377,1.0,0.0385,86.004,4.0
Another Life (feat. FLETCHER & Josh Golden),Surf Mesa,0.0198,0.648,162954.0,0.724,0.0,0.0,0.15,-5.189,1.0,0.0263,125.014,4.0
Another Love,Tom Odell,0.695,0.445,244360.0,0.537,1.65e-05,4.0,0.0944,-8.532,0.0,0.04,122.769,4.0
Another One Bites The Dust - Remastered 2011,Queen,0.112,0.933,214653.0,0.528,0.329,5.0,0.163,-6.472,0.0,0.162,109.975,4.0
Anvil,Lorn,0.414,0.384,209333.0,0.455,0.838,6.0,0.0933,-10.773,0.0,0.0348,100.018,4.0
Anyone,Justin Bieber,0.181,0.686,190779.0,0.538,3.13e-06,2.0,0.113,-8.026,1.0,0.0345,115.884,4.0
Anything You Need,Low Roar,0.806,0.221,195653.0,0.34,0.989,9.0,0.104,-10.935,0.0,0.0314,85.665,4.0
Anywhere,Passenger,0.0947,0.597,216207.0,0.624,8.62e-05,7.0,0.0946,-6.931,1.0,0.0283,104.541,4.0
Anywhere,Rita Ora,0.0364,0.628,215064.0,0.797,0.0,11.0,0.104,-3.953,0.0,0.0596,106.93,4.0
Ao No Waltz,Eve,0.19,0.417,277337.0,0.52,0.0,3.0,0.0783,-4.872,1.0,0.0324,123.934,3.0
Apocalypse,Cigarettes After Sex,0.0194,0.369,290147.0,0.467,0.46,5.0,0.109,-9.018,1.0,0.0274,94.473,4.0
Apollo - Radio Edit,Astronaut,0.00498,0.66,185625.0,0.648,1.11e-06,5.0,0.322,-4.316,0.0,0.0481,128.08,4.0
Apologize,OneRepublic,0.363,0.593,208107.0,0.74,2.22e-05,8.0,0.102,-6.12,1.0,0.0339,118.008,4.0
Apple Pie,Lizzy McAlpine,0.855,0.518,259167.0,0.208,5.15e-06,10.0,0.12,-12.273,1.0,0.0363,179.836,4.0
Aquela Paz,DJ Lagoa,0.981,0.323,208000.0,0.0742,0.944,10.0,0.0735,-24.299,1.0,0.0328,60.035,4.0
Arabian Nights (2019),Will Smith,0.254,0.445,193096.0,0.532,0.0,8.0,0.109,-8.018,1.0,0.0405,128.776,4.0
"Arabic Kuthu - Halamithi Habibo (From ""Beast"")",Anirudh Ravichander,,,,,,,,,,,,
Arcade,Duncan Laurence,0.818,0.45,183624.0,0.329,0.00109,9.0,0.135,-12.603,0.0,0.0441,71.884,3.0
Arcadia MIX,LXST CXNTURY,0.0128,0.479,1847210.0,0.82,0.66,11.0,0.109,-7.142,0.0,0.064,138.518,4.0
Archetype,Omar Apollo,0.372,0.676,168829.0,0.338,5.57e-06,9.0,0.468,-7.96,1.0,0.0284,92.029,4.0
Are Re Are,Uttam Singh,0.184,0.693,125518.0,0.537,2.59e-05,2.0,0.2,-13.448,1.0,0.0393,142.995,4.0
Are Re Are (Part-2),Uttam Singh,0.184,0.693,125518.0,0.537,2.59e-05,2.0,0.2,-13.448,1.0,0.0393,142.995,4.0
Are We Gonna Be Alright,Ewan J Phillips,0.78,0.348,553056.0,0.168,0.00199,7.0,0.504,-14.805,1.0,0.0398,132.206,4.0
Are you happy?,shy martin,0.714,0.632,157556.0,0.578,0.0,9.0,0.42,-7.657,0.0,0.0905,139.324,4.0
Area,MagnusTheMagnus,0.0631,0.681,178869.0,0.698,0.464,9.0,0.0535,-5.464,0.0,0.0595,156.059,4.0
Argonauts,The Little Ones,0.000101,0.564,187053.0,0.778,0.00682,9.0,0.0661,-6.763,1.0,0.0369,120.012,4.0
Armani,Zack Knight,0.136,0.746,178636.0,0.651,0.0,11.0,0.0952,-6.261,0.0,0.199,176.053,4.0
Armenia,Joan Thiele,0.0187,0.767,177830.0,0.605,0.00251,0.0,0.359,-6.987,1.0,0.041,112.112,4.0
Arms Around You (feat. Maluma & Swae Lee),XXXTENTACION,0.0302,0.703,198903.0,0.723,2.06e-06,9.0,0.126,-5.45,0.0,0.0412,104.969,4.0
Army,Besomorph,0.108,0.523,203500.0,0.699,0.000607,6.0,0.205,-3.84,0.0,0.0293,74.983,4.0
Army-Attack,Hiroyuki Sawano,0.118,0.585,206440.0,0.794,0.812,8.0,0.0962,-9.958,1.0,0.0682,135.013,4.0
Around My Neck,FINNEAS,0.0524,0.965,175528.0,0.303,0.00405,1.0,0.12,-10.49,1.0,0.0561,107.048,4.0
Arrows,Vampire Weekend,0.309,0.468,184067.0,0.67,0.4,2.0,0.108,-8.052,1.0,0.0875,147.498,4.0
Art of Silence,UniqOfficial,0.841,0.364,255843.0,0.0459,0.44,0.0,0.0918,-23.924,1.0,0.0316,181.598,4.0
Artful Haze,Obie Hans,0.53,0.65,160044.0,0.286,0.933,8.0,0.111,-16.552,1.0,0.0549,156.031,4.0
Artistry,Jacob Lee,0.159,0.437,244530.0,0.681,0.0,3.0,0.136,-5.178,0.0,0.0354,146.015,4.0
As It Was,Harry Styles,0.342,0.52,167303.0,0.731,0.00101,6.0,0.311,-5.338,0.0,0.0557,173.93,4.0
As It Was - Spotify Singles,Sasha Alex Sloan,0.845,0.529,206187.0,0.174,0.0,9.0,0.0567,-13.751,1.0,0.0373,136.112,4.0
As Long As You Love Me,Justin Bieber,0.0811,0.571,229467.0,0.873,0.0,0.0,0.361,-3.382,0.0,0.1,139.691,4.0
As the World Caves In,Matt Maltese,0.365,0.331,218755.0,0.45,0.00464,10.0,0.22,-5.362,1.0,0.034,123.829,4.0
"Asgard - From ""Thor: The Dark World""/Score",Brian Tyler,0.0189,0.276,116107.0,0.523,0.984,0.0,0.0567,-9.919,1.0,0.0391,81.699,4.0
Ashutosh Shashamk Shekhar,Sonu Nigam,0.815,0.76,352667.0,0.546,0.0,5.0,0.29,-8.048,1.0,0.0395,116.969,1.0
Ass Like That,Eminem,0.409,0.646,265480.0,0.796,0.0,2.0,0.107,-6.152,1.0,0.366,83.093,4.0
Assassin,Au/Ra,0.0631,0.49,189341.0,0.644,2.87e-06,10.0,0.384,-9.074,0.0,0.349,193.99,4.0
Astrovan,Mt. Joy,0.866,0.548,186133.0,0.444,0.0,3.0,0.134,-9.4,1.0,0.0384,169.917,4.0
Asura,Claptu,0.961,0.639,150744.0,0.146,0.914,7.0,0.107,-20.574,0.0,0.0432,121.078,4.0
Asylums for the feeling feat. Leila Adu,Silent Poets,0.00436,0.402,429251.0,0.426,0.0597,9.0,0.0857,-9.554,0.0,0.0255,82.054,4.0
At My Worst,Pink Sweat$,0.777,0.813,170345.0,0.415,0.0,0.0,0.131,-5.926,1.0,0.0349,91.921,4.0
At My Worst (feat. Kehlani),Pink Sweat$,0.73,0.731,169128.0,0.484,3.01e-06,0.0,0.326,-5.579,1.0,0.0354,92.043,4.0
At Night,Yasumu,0.894,0.68,128057.0,0.114,0.858,1.0,0.113,-23.789,0.0,0.0472,110.009,4.0
At the Sea,Yasumu,0.858,0.619,178839.0,0.0936,0.938,9.0,0.0825,-16.143,0.0,0.0513,77.051,4.0
Atlantic,Atlis,0.949,0.574,159130.0,0.144,0.92,6.0,0.113,-19.469,1.0,0.0341,91.965,4.0
Atlantis,Kainbeats,0.808,0.574,141186.0,0.184,0.938,11.0,0.137,-19.535,1.0,0.0388,136.114,4.0
Atlantis - Extra Sped Up Version,Seafret,0.0472,0.471,190759.0,0.561,1.91e-06,11.0,0.122,-7.068,0.0,0.03,99.808,4.0
Atmospheric Entry,Hans Zimmer,0.000225,0.0681,100986.0,0.00552,0.573,0.0,0.116,-36.657,1.0,0.0611,74.42,3.0
Attack on Titan,Hiroyuki Sawano,0.00182,0.54,256920.0,0.608,0.76,2.0,0.106,-8.498,1.0,0.0508,125.01,4.0
Attention,Charlie Puth,0.109,0.775,208787.0,0.613,2.33e-05,3.0,0.134,-4.586,0.0,0.0542,100.066,4.0
Atwined,Leonid Antonov,0.981,0.175,140250.0,0.00327,0.884,5.0,0.0987,-37.357,1.0,0.048,66.529,4.0
Auckland Sunrise,Fred V & Grafix,4.33e-05,0.412,222872.0,0.928,0.773,2.0,0.276,-5.599,1.0,0.0493,173.988,4.0
Aurora,Jisatsu,0.947,0.666,138750.0,0.144,0.497,4.0,0.0645,-18.412,1.0,0.0369,80.037,4.0
Aurora,K-391,0.0784,0.498,164167.0,0.689,0.0,6.0,0.188,-5.849,0.0,0.0772,143.804,4.0
Automatic (feat. Jake Miller),Fly By Midnight,0.239,0.6,157472.0,0.529,2.35e-05,8.0,0.099,-6.184,1.0,0.0277,134.966,4.0
Autumn festival,RADWIMPS,0.99,0.637,67987.0,0.205,0.967,7.0,0.147,-15.144,1.0,0.0411,110.386,3.0
Avoiding,Vorsa,0.708,0.698,264464.0,0.508,0.00278,11.0,0.319,-6.272,1.0,0.0454,119.999,4.0
Awari,Adnan Dhool,0.668,0.322,320757.0,0.515,5.01e-06,3.0,0.0907,-6.908,0.0,0.0341,149.912,3.0
Away From Home,Broken Back,0.221,0.698,149072.0,0.871,0.0,2.0,0.298,-7.073,1.0,0.0469,98.003,4.0
Axel F,Crazy Frog,0.279,0.86,168880.0,0.907,0.693,2.0,0.0648,-3.321,1.0,0.0407,138.045,4.0
Aziyat 2.0 - Reprise Version,Pratsofficial,0.819,0.445,194286.0,0.28,1.29e-05,10.0,0.111,-12.668,1.0,0.0275,104.743,4.0
BABYDOLL,Ari Abdul,0.0813,0.552,156651.0,0.582,0.205,11.0,0.177,-5.535,1.0,0.0404,105.483,4.0
BABYDOLL (Speed),Ari Abdul,0.0813,0.552,156651.0,0.582,0.205,11.0,0.177,-5.535,1.0,0.0404,105.483,4.0
BAND$,Arizona Zervas,0.015,0.707,108072.0,0.591,0.0,8.0,0.27,-5.878,1.0,0.0705,149.982,4.0
BARTA,Lorn,0.181,0.675,126828.0,0.568,0.952,1.0,0.122,-9.982,0.0,0.0393,146.002,4.0
BATTLEKOUR,Hiroyuki Sawano,0.00292,0.679,321290.0,0.859,0.798,4.0,0.361,-8.095,0.0,0.0556,124.026,3.0
BB's Theme,Ludvig Forssell,0.227,0.282,316520.0,0.428,0.000158,1.0,0.0897,-9.812,0.0,0.0311,83.608,4.0
BIG SHOT,The Lumineers,0.726,0.626,181040.0,0.35,0.0,1.0,0.0975,-7.03,1.0,0.0299,72.522,4.0
BLENDER,5 Seconds of Summer,0.0293,0.67,147744.0,0.665,2.19e-05,8.0,0.101,-5.47,1.0,0.104,161.99,4.0
BLINE,BRONSON,0.0169,0.658,264987.0,0.864,0.734,9.0,0.341,-4.386,0.0,0.0367,120.005,4.0
BLOOD,KLOUD,0.0031,0.497,194157.0,0.825,0.00496,8.0,0.0905,-4.638,0.0,0.0821,88.712,4.0
BLOOD FLAME,BADTRIP MUSIC,0.0348,0.781,181120.0,0.913,8.58e-05,7.0,0.294,-1.689,1.0,0.0802,120.027,4.0
BLOOD RACE,Ghostface Playa,2.5e-05,0.714,109565.0,0.891,0.104,10.0,0.4,-2.819,0.0,0.199,183.995,4.0
BLOODLINE,Sinizter,0.0333,0.698,115200.0,0.977,0.00201,9.0,0.0627,-1.56,1.0,0.0822,149.954,4.0
BLOODY TEAR,LXST CXNTURY,0.000922,0.615,159942.0,0.866,0.142,1.0,0.111,-4.118,1.0,0.0505,150.063,4.0
BOOM,Tiësto,0.0164,0.886,179512.0,0.84,0.00622,2.0,0.329,-3.386,1.0,0.0502,123.035,4.0
BOW,MFS,0.157,0.844,182125.0,0.706,0.173,1.0,0.0752,-8.015,1.0,0.152,150.027,4.0
BOY,Charlie Puth,0.149,0.725,263413.0,0.77,2.17e-05,1.0,0.0641,-6.24,1.0,0.0539,93.009,4.0
BRAND NEW WORLD - EUROBEAT VERSION,Ace,2.16e-05,0.45,234608.0,0.996,0.0521,4.0,0.0772,-4.798,1.0,0.129,76.521,4.0
BREAKDOWN,MC ORSEN,0.0104,0.678,146820.0,0.929,2.84e-05,9.0,0.308,-2.092,1.0,0.0837,169.996,4.0
BRIDGES,Ludvig Forssell,0.901,0.352,208373.0,0.528,0.943,2.0,0.128,-19.93,1.0,0.0391,102.013,4.0
BTBT,B.I,0.334,0.766,219550.0,0.664,0.0,9.0,0.115,-6.932,0.0,0.177,109.946,4.0
BUBBLE,Hiroyuki Sawano,0.356,0.176,118000.0,0.194,0.762,9.0,0.0555,-11.904,0.0,0.0375,61.723,4.0
BUBBLE-cho.,Hiroyuki Sawano,0.794,0.451,409000.0,0.308,0.945,0.0,0.0891,-10.922,1.0,0.0362,119.911,4.0
BUBBLE-outtake1,Hiroyuki Sawano,0.417,0.467,182000.0,0.214,0.835,9.0,0.0947,-17.009,1.0,0.0335,119.999,4.0
BURN IT DOWN,Linkin Park,0.0143,0.585,230253.0,0.972,0.0,9.0,0.0707,-4.45,0.0,0.0534,110.006,4.0
BYE,Jaden,0.308,0.635,296048.0,0.51,0.0127,0.0,0.162,-6.348,1.0,0.0344,119.986,4.0
Baaraat,Ritviz,0.477,0.678,222096.0,0.449,0.0,4.0,0.536,-9.379,0.0,0.0869,100.033,4.0
Baari,Bilal Saeed,0.857,0.658,235297.0,0.539,1.45e-06,3.0,0.0999,-7.043,1.0,0.0433,80.088,4.0
Baarish,Mohammed Irfan,0.768,0.443,374938.0,0.447,0.0,7.0,0.2,-7.895,0.0,0.0356,127.395,4.0
Baarish Lete Aana,Darshan Raval,0.838,0.537,213500.0,0.35,0.0,2.0,0.108,-8.937,1.0,0.0248,67.018,4.0
Baba O'Riley,The Who,0.313,0.489,300400.0,0.724,0.185,5.0,0.287,-8.367,1.0,0.0352,117.292,4.0
Baba O'Riley - ConfidentialMX Remix,The Who,0.408,0.293,153987.0,0.369,0.62,5.0,0.118,-17.075,1.0,0.0425,117.652,4.0
Baby Be Crazy,Brantley Gilbert,0.00315,0.464,209880.0,0.749,0.00528,1.0,0.294,-4.883,0.0,0.0291,153.067,4.0
Baby Blue - Remastered 2010,Badfinger,0.0189,0.623,217347.0,0.876,0.0134,11.0,0.0728,-7.788,1.0,0.066,124.431,4.0
Baby Girl,Disco Lines,0.0921,0.73,111074.0,0.907,0.114,2.0,0.23,-3.72,1.0,0.0606,120.968,4.0
Baby I'm A Queen,Sofi Tukker,0.00147,0.642,208520.0,0.813,0.761,6.0,0.363,-4.394,0.0,0.0305,119.965,4.0
"Baby Won't You Tell Me (From ""Saaho"")",Alyssa Mendonsa,,,,,,,,,,,,
Baby You're Worth It,Kina,0.742,0.681,130947.0,0.255,0.165,7.0,0.105,-16.305,1.0,0.0479,119.952,4.0
Back In Black,AC/DC,0.011,0.31,255493.0,0.7,0.00965,9.0,0.0828,-5.678,1.0,0.047,188.386,4.0
Back In My Head Again,Levi Evans,0.279,0.77,174540.0,0.608,5.38e-05,6.0,0.138,-8.004,0.0,0.0347,118.059,4.0
Back To My Bed,Elderbrook,0.313,0.771,202107.0,0.729,0.00452,4.0,0.236,-7.554,1.0,0.0372,124.047,4.0
Back When We Were Kids,Timeflies,0.0318,0.636,181465.0,0.648,0.0,4.0,0.231,-4.477,1.0,0.0587,107.015,4.0
Backseat Freestyle,Kendrick Lamar,0.000739,0.546,212653.0,0.651,0.0,1.0,0.235,-7.601,1.0,0.3,77.878,4.0
Backseat Rider,Sara Kays,0.593,0.569,208091.0,0.538,0.0,2.0,0.23,-9.003,1.0,0.0323,104.05,4.0
Backwards,Alexander Stewart,0.0111,0.508,172500.0,0.661,0.0,1.0,0.315,-3.166,0.0,0.128,79.603,4.0
Backwards,B3,0.863,0.656,236517.0,0.563,0.0,1.0,0.286,-12.647,0.0,0.44,136.575,4.0
Bad,Mokita,0.402,0.758,170562.0,0.666,3.48e-06,4.0,0.0832,-6.352,1.0,0.0655,100.067,4.0
Bad Boy,CHUNG HA,0.351,0.822,182587.0,0.574,0.0,5.0,0.245,-4.02,0.0,0.0461,116.987,4.0
Bad Boy,Cascada,0.0149,0.666,191843.0,0.978,0.0444,11.0,0.222,-5.118,0.0,0.0925,139.991,4.0
Bad Dream Baby,Hippo Campus,0.089,0.654,178150.0,0.717,0.00148,4.0,0.0596,-6.564,1.0,0.0416,159.963,4.0
Bad For Me,Ber,0.949,0.589,158520.0,0.256,8.61e-06,3.0,0.248,-11.446,1.0,0.0369,79.93,4.0
Bad Girl,Daya,0.522,0.834,166223.0,0.662,9.07e-05,5.0,0.14,-6.179,1.0,0.0407,115.999,4.0
Bad Girl - JVKE Remix,Daya,0.522,0.834,166223.0,0.662,9.07e-05,5.0,0.14,-6.179,1.0,0.0407,115.999,4.0
Bad Girls Sped,babii,,,,,,,,,,,,
Bad Habit - Sped Up,Steve Lacy,0.808,0.709,191336.0,0.679,4.61e-05,9.0,0.428,-4.828,1.0,0.0588,102.653,4.0
Bad Habits,Ed Sheeran,0.0451,0.807,230747.0,0.893,2.79e-05,11.0,0.366,-3.745,0.0,0.0347,126.011,4.0
Bad Kids,WILLIS,0.0894,0.801,181657.0,0.68,0.288,1.0,0.337,-7.943,1.0,0.0418,124.983,4.0
Bad Love,Earl St. Clair,0.0431,0.901,183000.0,0.797,2.78e-06,10.0,0.0646,-4.224,0.0,0.0517,125.017,4.0
Bad Luck,Noah Kahan,0.635,0.624,191726.0,0.346,0.0,11.0,0.115,-9.718,1.0,0.0631,143.439,4.0
Bad Man - Skrillex Remix,Ragga Twins,0.128,0.701,249600.0,0.961,1.2e-06,1.0,0.226,-2.75,1.0,0.0866,149.991,4.0
Bad Reputation,Death Cab for Cutie,,,,,,,,,,,,
Bad Romance,Lady Gaga,0.00314,0.696,294573.0,0.921,5.24e-05,0.0,0.0842,-3.755,1.0,0.0363,119.001,4.0
Bad Trip,Lauv,0.0558,0.643,166701.0,0.655,0.0,6.0,0.0731,-5.606,1.0,0.0242,130.11,4.0
Bad boy,Marwa Loud,0.431,0.796,187844.0,0.496,5.51e-06,9.0,0.0781,-8.165,0.0,0.0388,97.988,4.0
Bade Achhe Lagte Hain,Amit Kumar,0.897,0.377,312080.0,0.147,1.71e-05,6.0,0.122,-15.412,1.0,0.0401,138.749,3.0
Badtameez Dil,Pritam,0.24,0.806,252760.0,0.932,0.0,2.0,0.216,-2.228,0.0,0.0684,106.021,4.0
Bags At Your Feet,Will Killen,0.409,0.363,182278.0,0.273,1.79e-05,7.0,0.282,-7.964,1.0,0.0314,108.819,4.0
Bahon Mein Chale Aao,Lata Mangeshkar,0.8,0.482,241667.0,0.212,1.51e-06,6.0,0.159,-16.491,1.0,0.0353,72.749,4.0
Baianá,Bakermat,0.000754,0.587,180843.0,0.722,0.668,2.0,0.543,-6.983,0.0,0.0709,121.964,4.0
"Bailamos - From ""Wild Wild West""",Enrique Iglesias,0.0532,0.629,212693.0,0.885,0.00252,7.0,0.105,-4.508,1.0,0.0384,99.881,4.0
Bailando - English Version,Enrique Iglesias,0.0793,0.719,243240.0,0.844,0.0,7.0,0.0551,-3.529,1.0,0.103,90.951,4.0
Balam Pichkari,Pritam,0.209,0.732,288903.0,0.944,0.0,0.0,0.401,-4.115,1.0,0.09,120.02,4.0
Balance,Kozmic,0.00638,0.725,249000.0,0.562,0.839,9.0,0.541,-8.644,1.0,0.157,160.012,4.0
Balloon,Purrple Cat,0.939,0.508,195284.0,0.125,0.858,3.0,0.0969,-14.797,1.0,0.0506,110.08,4.0
Bamboo Disco,Yunomi,0.0866,0.61,196169.0,0.909,1e-05,2.0,0.149,-4.132,1.0,0.073,154.009,4.0
Band-Aid,Halvorsen,0.0161,0.771,178909.0,0.706,0.000143,6.0,0.0911,-9.089,1.0,0.256,110.089,4.0
Bandit,WOAK,0.00489,0.794,228402.0,0.886,0.353,2.0,0.0911,-3.391,1.0,0.112,122.987,4.0
Bandito,Twenty One Pilots,0.256,0.661,330987.0,0.52,0.0246,11.0,0.105,-8.367,0.0,0.028,127.089,4.0
Bangarang (feat. Sirah),Skrillex,0.0145,0.716,215253.0,0.972,3.22e-05,7.0,0.317,-2.302,1.0,0.196,110.026,4.0
Banjaara,Mohammed Irfan,0.713,0.657,336567.0,0.489,0.0,1.0,0.124,-6.829,0.0,0.0306,116.0,4.0
Bapu Zimidar,Jassie Gill,0.14,0.723,180528.0,0.911,0.0,6.0,0.235,-2.656,1.0,0.0443,80.949,4.0
Barbie Girl - EDM Remix,Eduardo Luzquiños,,,,,,,,,,,,
Barbie Girl - UpSynth RMX Edit,Rob Mayth,0.0267,0.693,198000.0,0.846,0.337,6.0,0.404,-8.643,0.0,0.0594,144.981,4.0
Barracuda,Heart,0.015,0.548,261933.0,0.691,0.106,4.0,0.144,-13.553,0.0,0.0369,137.145,4.0
Barricades,Hiroyuki Sawano,0.0661,0.624,221427.0,0.941,0.0,7.0,0.113,-4.894,1.0,0.0527,105.02,4.0
Bas Main Aur Tu,Nikhil D'Souza,0.897,0.682,266381.0,0.23,0.000373,2.0,0.121,-13.097,1.0,0.0324,95.022,4.0
Bauklotze,Hiroyuki Sawano,0.076,0.545,236253.0,0.705,0.0024,11.0,0.445,-5.51,0.0,0.0525,89.939,4.0
Be Alright,Dean Lewis,0.697,0.553,196373.0,0.586,0.0,11.0,0.0813,-6.319,1.0,0.0362,126.684,4.0
Be Cool,Bishu,0.299,0.725,144688.0,0.854,4.85e-06,7.0,0.191,-3.506,1.0,0.0691,95.95,4.0
Be Good 2 Me,LUXXURY,0.000736,0.675,218679.0,0.831,0.04,9.0,0.0545,-6.112,0.0,0.0413,128.022,4.0
Be Happy,FRND,0.61,0.497,200964.0,0.414,0.00146,3.0,0.108,-9.691,0.0,0.0392,165.875,4.0
Be Like That,WILLIS,0.434,0.63,162352.0,0.636,0.00011,3.0,0.206,-8.273,1.0,0.0237,103.994,4.0
Be Mine,Gamma Skies,0.042,0.607,148847.0,0.744,0.000316,0.0,0.0738,-4.692,0.0,0.042,89.995,4.0
Be My Mistake,The 1975,0.835,0.572,256689.0,0.155,0.000137,6.0,0.0906,-14.405,1.0,0.0344,109.923,3.0
Beach Baby,Bon Iver,0.983,0.669,160093.0,0.0809,0.41,0.0,0.114,-17.282,1.0,0.0365,114.355,3.0
Beach House,The Chainsmokers,0.174,0.4,206120.0,0.838,0.0,0.0,0.341,-4.491,1.0,0.0526,179.945,4.0
Beachwalker,Liphe,0.668,0.681,178000.0,0.417,0.861,2.0,0.287,-15.041,1.0,0.0502,153.987,4.0
Beat Take 1 (feat. Ghostface Killah),The Neighbourhood,0.347,0.582,207960.0,0.615,0.000182,0.0,0.103,-5.98,0.0,0.247,171.907,4.0
Beats Knockin (feat. Fly Boi Keno),Jack Ü,0.0118,0.814,173077.0,0.951,0.0,11.0,0.628,-1.981,1.0,0.0715,104.003,4.0
Beautiful,Crush,0.843,0.416,227584.0,0.41,0.0,10.0,0.107,-6.146,1.0,0.0292,110.252,4.0
Beautiful,Eminem,0.251,0.727,392827.0,0.696,0.0,5.0,0.0726,-4.472,0.0,0.0706,132.077,4.0
Beautiful,What So Not,0.017,0.627,225147.0,0.767,1.51e-06,6.0,0.657,-6.033,0.0,0.0973,127.957,4.0
Beautiful Creatures (feat. MAX),ILLENIUM,0.0668,0.578,240508.0,0.826,0.00074,0.0,0.367,-4.577,0.0,0.0796,117.048,4.0
Beautiful Girl,INXS,0.0187,0.675,207547.0,0.666,0.692,11.0,0.112,-6.067,1.0,0.027,120.558,4.0
Beautiful Girls,Sean Kingston,0.15,0.762,225373.0,0.661,0.0,1.0,0.256,-6.075,0.0,0.0687,130.009,4.0
Beautiful Imagination,Little Circuits,0.797,0.102,143053.0,0.0333,0.927,3.0,0.111,-34.177,1.0,0.0476,89.605,4.0
Beautiful Life,Shockwave-Sound,0.93,0.672,126954.0,0.162,0.914,11.0,0.0924,-19.708,0.0,0.0492,109.97,3.0
Beautiful Life,Vancel,0.175,0.735,242529.0,0.88,0.887,0.0,0.241,-9.952,1.0,0.0667,119.989,4.0
Beautiful Mistakes (feat. Megan Thee Stallion),Maroon 5,0.0377,0.713,227395.0,0.676,0.0,10.0,0.154,-5.483,1.0,0.027,99.048,4.0
Beautiful Now,Zedd,0.0079,0.628,218293.0,0.833,1.48e-05,11.0,0.074,-4.126,0.0,0.0282,128.003,4.0
Beauty,Layto,0.0766,0.581,147402.0,0.339,0.0,1.0,0.111,-9.765,0.0,0.0377,75.002,4.0
Bebo,Alfaaz,0.0197,0.717,235542.0,0.92,0.0,6.0,0.397,-2.878,0.0,0.0425,129.943,4.0
Becalming Silence,La Kalon,0.979,0.0836,149400.0,0.00358,0.865,9.0,0.122,-37.948,1.0,0.0394,83.879,3.0
Because We Have To,Low Roar,0.933,0.303,235800.0,0.159,0.251,7.0,0.107,-14.491,0.0,0.0305,105.004,3.0
Bedroom (feat. Anne-Marie),JJ Lin,0.64,0.369,203991.0,0.424,0.0,7.0,0.184,-5.431,1.0,0.0318,179.597,4.0
Bedroom Ceiling - Ouse Remix,Sody,0.792,0.44,205048.0,0.441,0.0,6.0,0.105,-8.398,1.0,0.0748,122.666,4.0
Bedroom Floor,Sydney Rose,0.983,0.547,249660.0,0.0562,3.91e-06,0.0,0.102,-19.074,1.0,0.0444,78.291,3.0
Beete Lamhein,KK,0.603,0.257,298272.0,0.583,0.000289,7.0,0.146,-8.185,1.0,0.0429,160.127,4.0
Before You Go,Lewis Capaldi,0.604,0.459,215107.0,0.575,0.0,3.0,0.0885,-4.858,1.0,0.0573,111.881,4.0
Beggin',Måneskin,0.127,0.714,211560.0,0.8,0.0,11.0,0.359,-4.808,0.0,0.0504,134.002,4.0
Behind Blue Eyes,Limp Bizkit,0.497,0.595,269973.0,0.489,0.0,7.0,0.119,-6.66,1.0,0.0271,120.315,4.0
Beige,Terrace Martin,0.297,0.773,197173.0,0.579,0.00954,8.0,0.0607,-10.109,1.0,0.0862,170.04,4.0
Believe,Havana Swim Club,0.0282,0.373,178387.0,0.87,0.318,11.0,0.593,-7.101,1.0,0.0723,84.681,4.0
Believed,Lauv,0.0766,0.796,169760.0,0.518,0.0,11.0,0.444,-8.09,0.0,0.0516,149.962,4.0
Believer,Cyn,0.722,0.724,203653.0,0.665,0.0,1.0,0.194,-5.312,0.0,0.0687,112.992,4.0
"Bella's Lullaby (From ""Twilight"")",Carter Burwell,,,,,,,,,,,,
Bellbottoms,The Jon Spencer Blues Explosion,0.00991,0.353,316853.0,0.865,0.147,2.0,0.314,-4.598,1.0,0.233,164.042,4.0
Belly Flop,Unlike Pluto,0.105,0.697,233346.0,0.618,0.00131,5.0,0.141,-6.347,0.0,0.0275,143.998,4.0
Bends,Ralph Castelli,0.0584,0.598,155985.0,0.466,0.0401,11.0,0.431,-11.611,0.0,0.214,89.621,4.0
Ber Zer Ker,WATEVA,0.00322,0.811,201231.0,0.914,0.00051,11.0,0.321,-3.764,0.0,0.206,129.951,4.0
Best Damn Thing,Alexander Stewart,0.119,0.552,232340.0,0.815,0.0,1.0,0.235,-2.61,1.0,0.0428,93.895,4.0
Best Day Of My Life,American Authors,0.0591,0.673,194240.0,0.902,0.000262,2.0,0.0558,-2.392,1.0,0.0346,100.012,4.0
Best Friend,Rex Orange County,0.395,0.576,262231.0,0.714,0.0,6.0,0.115,-5.247,1.0,0.0595,144.981,4.0
Best Song Ever,One Direction,0.0227,0.652,200107.0,0.877,0.0,1.0,0.0789,-2.986,1.0,0.0465,118.491,4.0
Best of Me,NEFFEX,0.0051,0.657,227200.0,0.842,2.77e-06,0.0,0.223,-5.26,1.0,0.068,74.995,4.0
Better,Khalid,0.0765,0.596,229320.0,0.552,0.334,0.0,0.104,-10.278,0.0,0.097,97.949,4.0
Better Days,Arman Cekin,0.402,0.703,187919.0,0.461,9.75e-05,5.0,0.114,-10.581,0.0,0.0341,99.941,4.0
Better Days,Dermot Kennedy,0.427,0.677,198221.0,0.55,0.0,0.0,0.0915,-7.053,1.0,0.042,99.953,4.0
Better Days (NEIKED x Mae Muller x Polo G),NEIKED,0.0018,0.717,160657.0,0.671,2.54e-06,0.0,0.0921,-5.077,0.0,0.0337,110.054,4.0
Better Now (feat. MARO),ODESZA,,,,,,,,,,,,
Better Off Alone,Kai Wachi,0.0498,0.536,291635.0,0.782,0.00914,2.0,0.0773,-3.164,0.0,0.0539,150.131,4.0
Better Place,Rachel Platten,0.914,0.557,176387.0,0.4,0.000897,0.0,0.107,-8.16,1.0,0.0274,100.205,4.0
Better Than This,Lauv,0.0195,0.699,214824.0,0.701,7.83e-06,1.0,0.113,-5.577,1.0,0.0292,90.053,4.0
Better When I'm Dancin',Meghan Trainor,0.53,0.756,176267.0,0.789,0.000711,2.0,0.157,-7.002,1.0,0.0324,127.987,4.0
Better to Lie (with Jesse & Swae Lee),benny blanco,0.0514,0.773,175341.0,0.617,8e-06,10.0,0.11,-7.545,0.0,0.0672,155.026,4.0
Between The Bars,Elliott Smith,0.937,0.523,141200.0,0.0774,0.886,7.0,0.107,-23.594,0.0,0.0631,135.207,3.0
Bewafa,Imran Khan,0.594,0.704,224853.0,0.563,0.0,4.0,0.133,-4.739,0.0,0.0297,94.037,4.0
Beyond,kyu,0.799,0.364,120000.0,0.316,0.917,2.0,0.171,-13.86,1.0,0.146,100.019,3.0
Beyond the Waves,Amudo,0.933,0.561,170000.0,0.315,0.734,7.0,0.125,-16.88,0.0,0.0622,167.967,4.0
"Bhaag D.K. Bose, Aandhi Aayi",Ram Sampath,0.0948,0.66,241305.0,0.926,0.0,11.0,0.248,-3.452,0.0,0.0296,109.997,4.0
Bhagwaan Hai Kahan Re Tu,Sonu Nigam,0.425,0.472,311053.0,0.398,1.71e-05,4.0,0.117,-8.962,1.0,0.0432,124.171,3.0
Bholi Si Surat,Uttam Singh,0.47,0.697,255242.0,0.661,2.23e-05,5.0,0.298,-11.588,1.0,0.0343,86.542,4.0
Big Bad Wolf,Roses & Revolutions,0.111,0.335,200269.0,0.818,0.0,0.0,0.267,-5.543,0.0,0.126,139.624,4.0
Big Band Mix,Sonu Nigam,0.0219,0.677,361053.0,0.848,0.000327,5.0,0.255,-4.584,1.0,0.0313,138.956,4.0
Big Blue,Vampire Weekend,0.818,0.691,108573.0,0.306,0.00798,7.0,0.0992,-9.65,1.0,0.0631,149.965,5.0
Big Plans,Why Don't We,0.0668,0.693,179930.0,0.604,0.0,11.0,0.114,-5.279,1.0,0.0427,75.014,4.0
Bikini Porn,Tove Lo,0.0839,0.919,162947.0,0.687,1.1e-05,9.0,0.052,-5.793,0.0,0.0774,100.997,4.0
Bilionera - Dee Pete Remix,Otilia,0.43,0.59,323424.0,0.779,0.00119,3.0,0.102,-5.574,0.0,0.057,170.209,4.0
Billboard,Jonas Blue,0.397,0.706,172729.0,0.876,0.0,8.0,0.0944,-3.587,1.0,0.167,104.022,4.0
Billie Jean,Michael Jackson,0.0236,0.92,293827.0,0.654,0.0153,11.0,0.036,-3.051,0.0,0.0401,117.046,4.0
Billy,Lauv,0.0478,0.786,180293.0,0.323,0.0,2.0,0.0878,-8.75,1.0,0.367,176.793,3.0
Bipolar,Bahari,0.459,0.607,159653.0,0.453,2.4e-05,1.0,0.0928,-8.129,1.0,0.0373,76.865,4.0
Birds,imagiro,0.899,0.611,161328.0,0.426,0.888,4.0,0.0912,-17.413,1.0,0.0444,140.021,4.0
Birth Of SYRE - Day Tripper’s Edition,Jaden,0.913,0.481,165027.0,0.295,0.000367,1.0,0.173,-13.021,0.0,0.0491,98.049,3.0
Bit Valley,CEOセオ,0.0397,0.751,238000.0,0.585,0.0,7.0,0.076,-5.336,1.0,0.175,90.062,4.0
Bitch (I Said It),Sody,0.0834,0.755,191463.0,0.529,2.77e-05,0.0,0.27,-6.066,0.0,0.0986,112.035,4.0
Bitch Lasagna,pewdiepie,0.0138,0.795,134417.0,0.789,0.0,2.0,0.113,-5.21,1.0,0.259,149.961,4.0
Bitter,Yoe Mase,0.122,0.501,197053.0,0.543,0.0,1.0,0.22,-5.446,0.0,0.253,92.77,4.0
Bitter Heart,Memi,0.915,0.617,235824.0,0.234,2.32e-05,9.0,0.117,-10.401,0.0,0.035,110.795,4.0
Black & Blue,Lost Frequencies,0.455,0.584,162915.0,0.375,0.0,2.0,0.106,-10.931,0.0,0.0572,171.846,4.0
Your eyes tell,BTS,0.279,0.449,245147.0,0.491,0.0,9.0,0.0654,-6.433,0.0,0.029,139.923,4.0
You’re Where You Belong / Give ‘Em Hell,Harold Faltermeyer,0.587,0.157,346347.0,0.0927,0.779,2.0,0.111,-20.179,1.0,0.0379,145.73,4.0
Yun Hi Chala Chal,Udit Narayan,0.0593,0.822,446987.0,0.687,0.0,9.0,0.0609,-8.167,1.0,0.0421,106.47,4.0
Yuyu Meimei,Eve,0.064,0.686,209356.0,0.586,0.0,7.0,0.0743,-4.284,1.0,0.0366,121.976,4.0
"Zadok the Priest (Coronation Anthem No. 1, HWV 258)",George Frideric Handel,0.92,0.374,323427.0,0.178,0.0235,1.0,0.0754,-15.758,1.0,0.0389,95.839,4.0
Zara Sa,Pritam,0.12,0.468,303680.0,0.91,0.000304,11.0,0.271,-3.057,0.0,0.051,163.842,4.0
Zaroorat,Mustafa Zahid,0.358,0.354,368852.0,0.712,4.19e-05,3.0,0.274,-6.109,0.0,0.0589,93.345,4.0
Zaroori Tha,Rahat Fateh Ali Khan,0.771,0.523,342024.0,0.674,0.0,8.0,0.139,-4.832,0.0,0.0328,114.058,4.0
Zenzenzense - movie ver.,RADWIMPS,0.000439,0.321,285880.0,0.906,0.0,11.0,0.0862,-3.967,1.0,0.141,189.776,4.0
"Zero (From ""Vanitas no Carte"")",Akano,,,,,,,,,,,,
Zeroes & Ones,Yoe Mase,0.519,0.706,169927.0,0.56,0.0,2.0,0.114,-5.924,1.0,0.0719,137.08,4.0
Zeta Halo,Curtis Schweitzer,0.988,0.175,211147.0,0.122,0.967,11.0,0.0819,-24.231,0.0,0.04,136.607,3.0
Zinda,Amit Trivedi,0.06,0.688,232505.0,0.701,0.0301,3.0,0.271,-7.505,1.0,0.0298,110.019,4.0
Zinda,Shankar-Ehsaan-Loy,0.000173,0.603,211120.0,0.708,3.36e-06,4.0,0.158,-7.047,0.0,0.0379,105.046,4.0
Zindagi Do Pal Ki,KK,0.0277,0.678,253200.0,0.771,0.00253,6.0,0.149,-2.849,1.0,0.0266,105.976,4.0
Zindagi Kuch Toh Bata (Reprise),Jubin Nautiyal,,,,,,,,,,,,
Zingaat,Ajay-Atul,,,,,,,,,,,,
Zombie,The Cranberries,0.0158,0.309,306440.0,0.649,0.00591,7.0,0.367,-8.994,1.0,0.035,166.915,4.0
[Chali],Linkin Park,0.0336,0.631,212293.0,0.736,0.0124,7.0,0.3,-6.96,0.0,0.0682,95.091,4.0
[Riff Raff],Linkin Park,0.993,0.474,21907.0,0.301,1.14e-05,5.0,0.545,-20.233,1.0,0.0973,130.985,4.0
[Stef],Linkin Park,0.992,0.0,10027.0,0.305,0.0,11.0,0.589,-21.081,0.0,0.0,0.0,0.0
[i was all you needed],Saint Romain,0.922,0.823,84245.0,0.272,0.154,1.0,0.194,-14.715,0.0,0.622,140.215,4.0
a song from yesterday,Forrest Nolan,0.54,0.761,198720.0,0.415,0.0,1.0,0.105,-8.43,1.0,0.114,93.933,4.0
abcdefu,GAYLE,0.299,0.695,168602.0,0.54,0.0,4.0,0.367,-5.692,1.0,0.0493,121.932,4.0
ad meliora,THE CHARM PARK,0.675,0.583,216967.0,0.552,0.241,9.0,0.146,-9.369,1.0,0.0348,83.924,4.0
affection,BETWEEN FRIENDS,0.518,0.394,235226.0,0.565,1.68e-06,2.0,0.0853,-7.264,1.0,0.126,90.773,4.0
aftermath,vaultboy,0.018,0.617,166610.0,0.38,0.0,9.0,0.112,-9.275,1.0,0.0361,116.961,4.0
afterthoughts,renforshort,0.86,0.51,175321.0,0.229,3.03e-05,6.0,0.118,-11.394,1.0,0.0352,93.309,4.0
again,YUI,0.046,0.595,254347.0,0.83,0.0,4.0,0.361,-3.836,0.0,0.0379,139.922,4.0
agenda,che,0.189,0.547,99127.0,0.453,0.0329,3.0,0.119,-8.779,1.0,0.0358,73.016,4.0
ain't love,blackbear,,,,,,,,,,,,
ain't trippin,blackbear,,,,,,,,,,,,
airplane thoughts,dhruv,0.83,0.677,210406.0,0.454,8.55e-05,2.0,0.274,-8.555,0.0,0.0673,80.045,4.0
all I want is you,Rebzyyx,0.112,0.46,151415.0,0.999,0.0,11.0,0.245,-1.307,1.0,0.325,145.911,4.0
all dogs go to heaven - outro,glaive,0.241,0.575,143415.0,0.454,0.0,3.0,0.102,-6.359,1.0,0.0283,81.991,4.0
all my ghosts,Lizzy McAlpine,0.342,0.638,197032.0,0.293,0.000624,3.0,0.448,-11.703,1.0,0.0478,155.083,4.0
all night (feat. Trippie Redd),S-X,0.104,0.481,187213.0,0.645,1.02e-06,0.0,0.232,-4.985,1.0,0.0466,184.841,4.0
all the kids are depressed,Jeremy Zucker,0.836,0.773,169973.0,0.437,2.42e-05,9.0,0.544,-8.281,1.0,0.0963,103.861,4.0
alone in a room full of people,blackbear,0.2,0.637,154814.0,0.853,0.0,4.0,0.311,-4.014,1.0,0.0853,162.093,4.0
"always, i'll care",Jeremy Zucker,0.897,0.732,146160.0,0.221,2.62e-05,6.0,0.11,-12.623,1.0,0.056,105.165,4.0
am i the only one,mj apanay,0.0947,0.34,218368.0,0.928,0.0,1.0,0.0353,-2.166,0.0,0.0745,94.516,4.0
among the stars,Arya,0.959,0.326,179745.0,0.0643,0.887,1.0,0.108,-26.62,1.0,0.0467,64.979,4.0
as long as i have you,Foster,0.1,0.518,162218.0,0.605,3.47e-06,5.0,0.219,-7.032,0.0,0.181,79.641,4.0
as long as you care,Ruel,0.00692,0.55,193189.0,0.591,0.0,1.0,0.11,-6.833,1.0,0.0377,78.68,4.0
astral step,shadowraze,0.0131,0.795,121159.0,0.624,0.0,7.0,0.102,-7.245,1.0,0.292,95.018,4.0
astrid,glaive,0.109,0.497,101938.0,0.759,0.0,9.0,0.112,-6.8,1.0,0.19,169.476,4.0
at least i look cool,Sasha Alex Sloan,0.647,0.828,171695.0,0.349,1.57e-05,6.0,0.105,-9.96,0.0,0.17,130.074,4.0
at least i'm pretty,Harriette,0.541,0.86,106800.0,0.422,0.00449,1.0,0.139,-9.785,1.0,0.0296,99.958,4.0
august,Taylor Swift,0.538,0.532,261923.0,0.623,7.28e-05,5.0,0.0925,-9.208,1.0,0.0331,89.937,4.0
avalanche,Christian French,0.0314,0.636,199512.0,0.864,0.0,11.0,0.102,-3.919,1.0,0.0491,160.009,4.0
backwards,ChrispyD,0.222,0.771,138857.0,0.653,0.0,1.0,0.0943,-7.769,1.0,0.0346,140.021,4.0
bad day,blackbear,0.0948,0.592,159193.0,0.777,0.0,9.0,0.18,-5.001,1.0,0.258,154.939,4.0
bad ones,Tate McRae,0.305,0.692,183133.0,0.431,1.39e-05,6.0,0.132,-11.884,1.0,0.0335,138.925,4.0
bad vibes forever,XXXTENTACION,0.334,0.8,150475.0,0.526,0.00174,8.0,0.0571,-5.153,1.0,0.0716,129.874,4.0
bastard,glaive,0.0233,0.651,123036.0,0.589,0.0,2.0,0.111,-4.844,1.0,0.0556,81.567,4.0
before I close my eyes,XXXTENTACION,0.976,0.356,99658.0,0.143,1.89e-05,9.0,0.111,-15.148,1.0,0.0388,75.522,4.0
big talk,Marco Luka,0.324,0.901,122213.0,0.379,0.0,5.0,0.158,-8.861,0.0,0.229,126.974,4.0
blind,ROLE MODEL,0.141,0.765,153293.0,0.663,0.000297,0.0,0.0924,-5.223,1.0,0.0652,150.091,4.0
bloody friday,mioskii,0.0848,0.684,166286.0,0.874,0.0189,1.0,0.129,-4.072,0.0,0.0299,140.037,4.0
blue bird,Zachary Knowles,0.805,0.597,221077.0,0.266,0.0,3.0,0.128,-8.973,1.0,0.028,129.981,4.0
bluebonnets,Austin George,0.315,0.591,126000.0,0.694,0.0,10.0,0.472,-9.48,1.0,0.0597,86.001,4.0
broken parts,clide,0.847,0.485,185026.0,0.139,0.0,0.0,0.11,-12.416,1.0,0.0663,151.322,3.0
brutal,Olivia Rodrigo,0.0311,0.672,143747.0,0.526,1.37e-06,4.0,0.28,-6.446,1.0,0.0599,123.999,4.0
butterfly,Sody,0.69,0.588,189013.0,0.625,4.38e-06,0.0,0.0799,-9.502,1.0,0.212,121.809,4.0
buzzkill,MOTHICA,0.362,0.638,140111.0,0.755,3.09e-06,8.0,0.329,-5.614,0.0,0.0682,169.953,4.0
can I call you back?,shy martin,0.827,0.647,153059.0,0.319,0.0,9.0,0.133,-9.987,1.0,0.0367,126.243,4.0
can you hear me?,Munn,0.449,0.646,185600.0,0.576,0.0,2.0,0.342,-7.827,1.0,0.071,149.821,4.0
can't control her,heldclose,,,,,,,,,,,,
candayapple (feat. Paul Wall & Riff Raff),blackbear,0.287,0.53,274732.0,0.748,0.0,10.0,0.414,-3.013,0.0,0.331,120.259,4.0
candy,guccihighwaters,0.472,0.644,156730.0,0.595,0.0,6.0,0.125,-5.824,0.0,0.0371,82.561,4.0
cardigan,Taylor Swift,0.537,0.613,239560.0,0.581,0.000345,0.0,0.25,-8.588,0.0,0.0424,130.033,4.0
carpool,Zachary Knowles,0.457,0.565,164665.0,0.612,4.89e-05,10.0,0.0823,-9.167,1.0,0.163,171.876,4.0
cerulean.,Gabriel Cavalcanti,0.923,0.579,122667.0,0.0741,0.9,5.0,0.0846,-21.105,1.0,0.0266,90.073,4.0
chance with you,mehro,0.864,0.562,215516.0,0.494,0.0259,4.0,0.153,-8.13,0.0,0.0278,144.104,4.0
change,The Field Tapes,0.927,0.661,153776.0,0.259,0.382,2.0,0.0603,-14.413,1.0,0.0351,93.909,4.0
change ur mind,Sarcastic Sounds,0.78,0.627,183451.0,0.575,0.0,4.0,0.336,-7.38,1.0,0.232,78.546,4.0
chateau,blackbear,0.0516,0.665,212927.0,0.635,0.0,11.0,0.367,-5.763,0.0,0.0446,97.974,4.0
city,Zachary Knowles,0.00916,0.781,141329.0,0.666,0.0,2.0,0.1,-5.547,1.0,0.0639,130.005,4.0
closer,Hinshi,0.92,0.586,115435.0,0.121,0.106,11.0,0.0832,-18.214,1.0,0.0321,92.018,4.0
clown (with Trevor Daniel),blackbear,0.12,0.709,148165.0,0.774,0.0,10.0,0.208,-4.797,1.0,0.069,94.013,4.0
colorblind,Mokita,0.125,0.661,193977.0,0.776,0.000152,8.0,0.119,-5.054,1.0,0.0366,145.993,4.0
comethru,Jeremy Zucker,0.607,0.795,181613.0,0.178,0.0,0.0,0.623,-11.991,1.0,0.0574,93.982,4.0
companion,hi jude,0.68,0.547,138000.0,0.377,0.945,11.0,0.0703,-15.64,1.0,0.0362,80.032,4.0
could you love me while i hate myself,Zeph,0.782,0.68,60333.0,0.406,0.00019,9.0,0.11,-11.313,1.0,0.0414,119.901,4.0
courage,Ruel,0.0263,0.589,209827.0,0.446,0.0,7.0,0.0869,-5.501,1.0,0.0285,81.983,4.0
cozy blanket,kairos,0.979,0.357,138462.0,0.0675,0.913,2.0,0.06,-22.515,1.0,0.0342,130.047,4.0
crash,EDEN,0.872,0.503,232412.0,0.212,0.000293,0.0,0.12,-12.735,0.0,0.0658,118.492,4.0
crazy,Zac Greer,0.22,0.694,157331.0,0.399,0.0,5.0,0.31,-6.248,0.0,0.0422,100.022,4.0
curve me,clide,0.272,0.654,166795.0,0.535,0.0,9.0,0.0594,-6.345,1.0,0.299,93.786,4.0
dancing in the kitchen,LANY,0.0334,0.646,208809.0,0.736,0.0,11.0,0.0807,-7.658,1.0,0.0396,94.024,4.0
dark times,Ben Platt,0.69,0.349,246043.0,0.206,0.0,0.0,0.154,-10.106,1.0,0.0349,64.247,4.0
daylight,mj apanay,0.408,0.591,147840.0,0.646,0.0,8.0,0.163,-7.367,1.0,0.27,160.632,4.0
deadroses,blackbear,0.697,0.612,184636.0,0.536,0.0,10.0,0.131,-6.537,0.0,0.157,132.251,4.0
"dear me,",Gentle Bones,0.38,0.629,165968.0,0.459,4.1e-06,11.0,0.205,-8.846,1.0,0.0303,138.059,4.0
death bed (coffee for your head),Powfu,0.731,0.726,173333.0,0.431,0.0,8.0,0.696,-8.765,0.0,0.135,144.026,4.0
december,Atlas in Motion,0.227,0.657,172558.0,0.519,0.000422,7.0,0.107,-7.921,1.0,0.0399,89.107,4.0
deja vu,Olivia Rodrigo,0.584,0.442,215507.0,0.612,5.7e-06,2.0,0.37,-7.222,1.0,0.112,180.917,4.0
detest me,glaive,0.0316,0.485,118931.0,0.681,0.0,7.0,0.135,-2.22,1.0,0.0621,147.853,4.0
didya think,Arlie,0.00415,0.468,200467.0,0.89,1.21e-05,4.0,0.508,-2.974,1.0,0.0701,140.265,4.0
die first - sped up version,Nessa Barrett,0.117,0.604,144875.0,0.671,0.0,4.0,0.483,-6.319,0.0,0.0617,110.343,4.0
dirty laundry,blackbear,0.051,0.766,165600.0,0.64,0.0,0.0,0.237,-8.899,1.0,0.0345,100.044,4.0
dirty laundry - slowed,blackbear,0.0775,0.788,167369.0,0.664,2.8e-06,5.0,0.252,-6.633,0.0,0.0427,96.024,4.0
disappear,eli.,0.643,0.565,225600.0,0.467,0.0,5.0,0.103,-7.741,0.0,0.0485,112.499,3.0
distance,Long Shot Party,0.04,0.462,187347.0,0.955,0.0,2.0,0.361,-3.264,1.0,0.0897,99.031,4.0
distance,Ruel,0.502,0.562,179213.0,0.329,0.0,3.0,0.562,-8.556,0.0,0.162,148.524,4.0
do re mi,blackbear,0.00522,0.745,212027.0,0.593,5.06e-06,8.0,0.123,-6.35,1.0,0.0524,111.001,3.0
do re mi - Good Intent Remix,blackbear,0.442,0.793,196216.0,0.615,0.0,10.0,0.0928,-5.044,0.0,0.0616,110.978,4.0
do re mi - Rad Cat Remix,blackbear,0.216,0.754,226909.0,0.433,0.0,1.0,0.0936,-7.704,1.0,0.0637,109.954,4.0
do re mi - Y2K Remix,blackbear,0.131,0.723,165250.0,0.626,0.0,10.0,0.11,-6.041,0.0,0.0447,112.074,4.0
don't cry,sadeyes,,,,,,,,,,,,
don't wanna be too forward,luca.,,,,,,,,,,,,
dooriyan,Zaeden,0.731,0.735,161625.0,0.593,0.178,11.0,0.135,-7.473,1.0,0.0885,160.07,4.0
double take,dhruv,0.845,0.656,171743.0,0.436,0.0,8.0,0.221,-11.141,1.0,0.0744,109.239,4.0
down,Mokita,0.789,0.524,194680.0,0.391,0.0,4.0,0.0869,-9.021,1.0,0.041,148.009,4.0
dream girl,8percent,0.851,0.795,87409.0,0.385,5.98e-05,7.0,0.234,-13.526,0.0,0.329,109.996,4.0
dreamin abt u,mj apanay,0.81,0.642,263317.0,0.25,0.0,4.0,0.248,-9.954,1.0,0.0555,119.654,4.0
dreamy,Linearwave,0.992,0.716,117913.0,0.186,0.906,8.0,0.372,-15.668,1.0,0.0542,115.067,3.0
drivers license,Olivia Rodrigo,0.768,0.561,242013.0,0.431,1.42e-05,10.0,0.106,-8.81,1.0,0.0578,143.875,4.0
dropout,brakence,0.214,0.699,166809.0,0.322,0.0,1.0,0.0993,-11.429,1.0,0.0634,140.875,3.0
drugs,EDEN,0.601,0.484,338333.0,0.444,0.0,4.0,0.238,-6.935,0.0,0.0636,144.21,4.0
drunk,keshi,0.765,0.691,227032.0,0.389,0.0,4.0,0.0941,-8.247,1.0,0.0367,104.952,4.0
dumb dumb - sped up,mazie,0.132,0.71,102664.0,0.596,0.000713,9.0,0.212,-6.655,0.0,0.0575,148.869,4.0
dwrcan,Bibio,0.192,0.565,355227.0,0.738,0.842,0.0,0.0939,-5.293,1.0,0.26,91.656,4.0
dying together,Josh Golden,0.697,0.794,156217.0,0.528,0.00118,11.0,0.22,-6.983,0.0,0.0403,95.072,4.0
e.z. (feat. Machine Gun Kelly),blackbear,0.0356,0.793,252171.0,0.531,1.02e-05,9.0,0.0905,-8.501,0.0,0.127,129.951,4.0
edamame (feat. Rich Brian),bbno$,0.023,0.815,133707.0,0.848,0.000162,4.0,0.0265,-4.704,0.0,0.115,106.032,4.0
empty crown,YAS,0.372,0.429,214286.0,0.484,0.0791,8.0,0.091,-5.557,0.0,0.0701,83.713,4.0
endlessly,bixby,0.371,0.614,125793.0,0.816,4.11e-05,11.0,0.106,-5.889,0.0,0.036,144.961,4.0
erase me,Lizzy McAlpine,0.578,0.415,214468.0,0.45,2.82e-05,6.0,0.155,-8.529,0.0,0.0599,93.17,4.0
erase me (feat. Jacob Collier),Lizzy McAlpine,0.578,0.415,214468.0,0.45,2.82e-05,6.0,0.155,-8.529,0.0,0.0599,93.17,4.0
everything,John K,0.379,0.449,172792.0,0.612,7.28e-05,1.0,0.0795,-7.534,1.0,0.179,188.73,3.0
everything sucks,vaultboy,0.00772,0.76,115402.0,0.371,0.0,6.0,0.0785,-8.964,1.0,0.0531,138.023,4.0
ex i never had,LANY,0.306,0.65,201442.0,0.388,0.0,10.0,0.114,-7.065,1.0,0.0332,96.001,4.0
fall apart (with glaive),renforshort,0.144,0.57,156225.0,0.746,7.31e-06,10.0,0.0706,-6.464,1.0,0.104,158.061,4.0
falling again,middt,0.966,0.666,108673.0,0.115,0.972,4.0,0.0987,-15.478,1.0,0.0333,61.994,4.0
falling down,Nohidea,,,,,,,,,,,,
feel like shit,Tate McRae,0.572,0.519,203480.0,0.383,0.0,7.0,0.124,-7.174,1.0,0.0495,144.565,4.0
feel something,Bea Miller,0.242,0.74,180161.0,0.415,0.000156,0.0,0.319,-8.914,1.0,0.0707,136.029,4.0
fine,Mike Shinoda,0.0261,0.55,214343.0,0.685,6.9e-05,8.0,0.251,-3.28,1.0,0.0353,89.977,4.0
first order of business,Baby Keem,0.0605,0.963,168759.0,0.309,1.9e-05,6.0,0.108,-8.456,0.0,0.315,132.04,4.0
fleabag,YUNGBLUD,0.000104,0.236,176988.0,0.918,0.0178,2.0,0.294,-4.503,1.0,0.0998,98.46,4.0
flowers & sex,EMELINE,0.047,0.548,148588.0,0.363,0.0,5.0,0.066,-7.766,1.0,0.433,170.407,4.0
fly,lael,0.718,0.477,199262.0,0.288,0.0,1.0,0.385,-12.548,1.0,0.0364,41.462,4.0
fools (can't help falling in love) (feat. Sody),Foster,0.418,0.706,165029.0,0.604,0.0,2.0,0.242,-6.932,1.0,0.303,82.03,4.0
fools (can't help falling in love) (slowed down & reverb),Foster,0.64,0.591,197857.0,0.805,0.0,0.0,0.143,-5.235,1.0,0.271,136.629,4.0
for B.,Linearwave,0.986,0.689,89492.0,0.0204,0.923,10.0,0.297,-28.613,1.0,0.0377,117.975,4.0
fragment,sadeyes,0.828,0.607,134886.0,0.497,0.0,4.0,0.105,-12.053,0.0,0.209,147.965,4.0
"freaks but slowed, muffled echo",Dazel Ukuto,,,,,,,,,,,,
"fuck, i'm lonely",Lauv,0.452,0.809,198973.0,0.547,0.0,9.0,0.054,-7.305,1.0,0.0614,94.992,4.0
g2g ttyl (feat. THEY.),blackbear,0.471,0.63,181771.0,0.382,0.0,3.0,0.176,-5.535,0.0,0.0558,97.706,5.0
game over,Rnla,0.94,0.746,158016.0,0.376,1.78e-06,9.0,0.0861,-10.818,0.0,0.106,120.132,4.0
gentle snow,kairos,0.947,0.566,181000.0,0.212,0.918,6.0,0.155,-19.451,1.0,0.0505,130.02,4.0
get me high,Marco Luka,0.832,0.401,105258.0,0.344,0.0,9.0,0.202,-9.323,0.0,0.0318,169.474,4.0
gfy (with Machine Gun Kelly),blackbear,0.0264,0.744,174067.0,0.732,0.0,8.0,0.352,-3.036,1.0,0.0522,121.086,4.0
ghost me,Camylio,0.0577,0.723,202698.0,0.509,0.0,0.0,0.0809,-12.309,1.0,0.0663,122.031,4.0
ghost town (ft. Sasha Alex Sloan),blackbear,0.0466,0.71,187802.0,0.778,0.0,4.0,0.0763,-5.336,0.0,0.0317,101.024,4.0
girls girls girls,FLETCHER,0.658,0.649,161247.0,0.478,0.0,0.0,0.131,-8.834,1.0,0.156,139.859,4.0
glass half empty,dempsey hope,0.753,0.468,136296.0,0.275,0.0,9.0,0.0943,-13.311,1.0,0.145,142.875,4.0
god of the sunsets,SEB,0.426,0.783,124706.0,0.62,1.33e-06,0.0,0.152,-7.987,0.0,0.0662,101.992,4.0
gold,EDEN,0.612,0.7,196701.0,0.454,0.0,8.0,0.379,-9.574,1.0,0.172,97.032,4.0
golden hour,JVKE,0.653,0.515,209260.0,0.593,0.162,4.0,0.25,-4.801,1.0,0.0322,94.467,3.0
golden hour,hrishi,0.116,0.623,144239.0,0.467,0.0595,4.0,0.11,-8.419,0.0,0.0373,147.974,4.0
golden years,Christian French,0.41,0.626,169745.0,0.573,0.0,1.0,0.219,-7.825,1.0,0.115,149.993,4.0
good 4 u,Olivia Rodrigo,0.335,0.563,178147.0,0.664,0.0,9.0,0.0849,-5.044,1.0,0.154,166.928,4.0
goosebumps,Arem Ozguc,0.00127,0.81,144000.0,0.97,0.000462,1.0,0.331,-3.586,0.0,0.141,124.937,4.0
hair tie,ØZI,0.0874,0.818,174693.0,0.491,1.52e-06,8.0,0.0881,-7.567,1.0,0.108,121.955,4.0
half alive,blackbear,0.0204,0.704,195110.0,0.785,0.0,8.0,0.153,-3.588,1.0,0.0381,125.077,4.0
happiness,John K,0.099,0.798,196007.0,0.722,0.0,11.0,0.242,-4.037,1.0,0.0494,123.019,4.0
happiness,Taylor Swift,0.87,0.559,315147.0,0.334,0.0,11.0,0.114,-10.733,1.0,0.0376,122.079,4.0
happy for you,Jasmine Thompson,0.824,0.462,165990.0,0.338,0.0,3.0,0.129,-8.788,1.0,0.045,139.845,4.0
happysad,Josh Golden,0.0346,0.73,174038.0,0.4,0.00222,8.0,0.256,-7.062,1.0,0.0613,83.509,4.0
haven,steezy prime,0.885,0.629,152727.0,0.171,0.969,2.0,0.101,-17.328,1.0,0.0556,88.011,4.0
"he's not your boyfriend, he's your boy friend",remy,0.274,0.733,175500.0,0.605,0.000287,6.0,0.0892,-7.961,1.0,0.0606,160.004,4.0
head first,Christian French,0.278,0.909,154961.0,0.392,1.77e-06,6.0,0.106,-6.221,0.0,0.0652,127.052,4.0
heaven come,Josh Golden,0.181,0.8,176228.0,0.54,0.285,5.0,0.115,-7.539,1.0,0.0417,119.983,4.0
"hey, what's up",Munn,0.331,0.681,179016.0,0.396,0.0,9.0,0.168,-9.446,0.0,0.0615,121.964,4.0
hornylovesickmess,girl in red,0.337,0.543,175695.0,0.465,0.000543,8.0,0.142,-8.914,1.0,0.0554,143.121,4.0
hot girl bummer,blackbear,0.125,0.782,188344.0,0.559,0.0,6.0,0.385,-7.106,0.0,0.0767,129.992,1.0
hotel andrea,blackbear,0.365,0.359,227397.0,0.361,0.0,3.0,0.111,-10.194,0.0,0.0552,85.898,4.0
how to live,yaeow,0.904,0.611,146400.0,0.311,0.00409,0.0,0.111,-12.199,1.0,0.0382,100.092,4.0
howling,mehro,0.891,0.496,213720.0,0.335,0.439,4.0,0.113,-11.137,1.0,0.0347,75.96,4.0
hurt people,Josh Golden,0.434,0.794,163859.0,0.596,8.92e-05,1.0,0.179,-5.82,0.0,0.126,91.973,4.0
hurts 2 hate somebody (with Chase Atlantic & No Rome),ELIO,0.0995,0.623,186665.0,0.683,0.0,7.0,0.372,-3.512,1.0,0.0437,90.021,4.0
hypnagogie,apollw,0.96,0.725,145714.0,0.157,0.959,5.0,0.0742,-16.546,1.0,0.0638,111.989,4.0
i can't breathe,Bea Miller,0.893,0.347,213987.0,0.209,0.00287,11.0,0.138,-11.152,1.0,0.0273,82.878,4.0
i can't help it,JVKE,0.236,0.459,177887.0,0.639,0.00922,1.0,0.248,-4.152,1.0,0.0638,155.935,4.0
i don't care - bonus track,young friend,0.768,0.724,160941.0,0.225,0.00596,4.0,0.111,-14.13,0.0,0.0461,169.913,4.0
i don't feel part of the world anymore,itssvd,0.611,0.546,84177.0,0.179,0.00211,1.0,0.107,-19.623,0.0,0.23,95.037,4.0
i don't smoke**,LEMAYAN,0.436,0.338,128861.0,0.502,0.000109,10.0,0.219,-9.365,0.0,0.109,167.382,5.0
i don't wanna know,GOLDHOUSE,0.815,0.641,186500.0,0.28,0.0,10.0,0.0866,-8.737,1.0,0.0312,120.005,4.0
i don't wanna know - acoustic,GOLDHOUSE,0.815,0.641,186500.0,0.28,0.0,10.0,0.0866,-8.737,1.0,0.0312,120.005,4.0
i don't want to watch the world end with someone else,Clinton Kane,0.771,0.535,184505.0,0.359,0.0,2.0,0.111,-9.343,1.0,0.0607,154.163,4.0
i dont love me,blackbear,0.0106,0.666,197149.0,0.704,1.11e-05,1.0,0.348,-5.737,0.0,0.0366,139.972,4.0
i fall apart,sadeyes,0.487,0.658,178424.0,0.487,0.0,0.0,0.26,-9.618,1.0,0.45,135.232,3.0
i hate the weather,Vorsa,0.652,0.637,154800.0,0.522,1.41e-05,4.0,0.1,-5.05,1.0,0.0819,150.073,4.0
"i hate u, i love u (feat. olivia o'brien)",gnash,0.687,0.492,251034.0,0.275,0.0,6.0,0.101,-13.4,0.0,0.3,92.6,4.0
i hope ur miserable until ur dead,Nessa Barrett,0.0273,0.706,177583.0,0.544,0.0,2.0,0.087,-7.275,1.0,0.0306,115.935,4.0
i hope ur ok,nøll,0.505,0.478,195200.0,0.635,6.07e-05,11.0,0.0982,-5.721,1.0,0.157,112.353,3.0
i might like u,Boon,0.543,0.748,135705.0,0.529,0.0,10.0,0.401,-7.399,1.0,0.423,154.015,4.0
i miss u (with Au/Ra),Jax Jones,0.0387,0.668,172143.0,0.726,0.0,9.0,0.134,-7.512,1.0,0.0468,124.075,4.0
i pick loneliness,Munn,0.464,0.604,157000.0,0.58,0.0,7.0,0.16,-7.169,1.0,0.31,95.087,4.0
i saw you in a dream,The Japanese House,0.0604,0.607,208280.0,0.451,0.0,4.0,0.19,-8.206,1.0,0.0286,94.054,4.0
i still think of you,the bootleg boy,0.951,0.575,125052.0,0.193,0.0443,2.0,0.156,-15.494,1.0,0.179,118.589,4.0
i think too much,Christian French,0.00383,0.675,202779.0,0.695,2.95e-05,7.0,0.0637,-7.859,0.0,0.0753,92.025,4.0
i wanna slam my head against the wall,glaive,0.0605,0.476,116551.0,0.816,0.0,5.0,0.107,-3.412,1.0,0.139,182.269,4.0
i'm fine,Fousheé,,,,,,,,,,,,
"i'm fucked, i know",Munn,,,,,,,,,,,,
i'm glad that you found someone,sad alex,0.677,0.807,194823.0,0.629,0.000223,11.0,0.108,-4.317,1.0,0.141,169.982,4.0
i'm so tired...,Lauv,,,,,,,,,,,,
i'm yours sped up,Isabel LaRosa,,,,,,,,,,,,
icarus,glaive,0.0416,0.621,116505.0,0.838,0.0,9.0,0.347,-5.006,0.0,0.0909,103.103,4.0
ice cream,dempsey hope,0.845,0.677,136421.0,0.29,0.0,5.0,0.0976,-11.973,0.0,0.176,94.853,4.0
idfc,blackbear,0.611,0.63,245172.0,0.5,4.04e-05,1.0,0.114,-8.755,0.0,0.0611,144.871,4.0
idfc - Tarro Remix,blackbear,0.481,0.58,248633.0,0.694,1.18e-06,1.0,0.109,-5.45,0.0,0.221,139.751,4.0
if I were u (with Lauv),blackbear,0.144,0.666,186468.0,0.628,0.0,8.0,0.189,-5.613,1.0,0.0623,82.992,4.0
if i were a friend,BLÜ EYES,0.616,0.543,152985.0,0.471,6.77e-05,11.0,0.161,-9.904,1.0,0.0438,91.921,3.0
if we never met,John K,0.171,0.958,145316.0,0.376,0.0,8.0,0.13,-7.063,1.0,0.0523,107.964,4.0
if we never met (feat. Kelsea Ballerini),John K,0.223,0.955,144244.0,0.369,0.0,8.0,0.14,-7.614,1.0,0.0502,107.98,4.0
ill come back to you (feat. Sarcastic Sounds & Rxseboy),Powfu,0.658,0.652,134881.0,0.483,0.0,8.0,0.393,-9.964,0.0,0.291,75.987,4.0
ilyily,Cadence Floria,0.967,0.65,277858.0,0.232,0.372,4.0,0.126,-15.833,1.0,0.0339,110.069,4.0
ilym,John K,0.572,0.261,236082.0,0.277,1.4e-06,1.0,0.0859,-8.143,0.0,0.031,179.077,3.0
ilym (feat. ROSIE),John K,0.572,0.261,236082.0,0.277,1.4e-06,1.0,0.0859,-8.143,0.0,0.031,179.077,3.0
in case you miss me,John K,0.147,0.674,170005.0,0.544,0.0,3.0,0.0734,-7.113,1.0,0.0409,149.125,4.0
in my heart,vowl.,0.0263,0.621,160000.0,0.798,0.0894,0.0,0.185,-5.918,1.0,0.0513,110.999,4.0
in your arms,Saib,0.697,0.739,277840.0,0.28,0.0133,0.0,0.362,-17.212,1.0,0.0929,142.912,4.0
insomnia,Paycheck,0.756,0.716,204986.0,0.471,0.0,1.0,0.0888,-9.501,0.0,0.0374,75.011,4.0
intimate moments,Isaac Dunbar,0.0106,0.524,210507.0,0.664,0.0,2.0,0.126,-6.214,1.0,0.0405,129.897,4.0
is your bedroom ceiling bored? (feat. Cavetown),Sody,0.529,0.616,207510.0,0.45,1.58e-06,6.0,0.0926,-9.832,1.0,0.114,123.851,4.0
is your bedroom ceiling bored? (feat. Rxseboy) - Fudasca Remix,Sody,0.463,0.521,191119.0,0.347,0.0,6.0,0.091,-12.716,1.0,0.164,123.996,4.0
isometric,Atlas in Motion,0.903,0.722,157178.0,0.195,5.28e-06,3.0,0.11,-15.426,1.0,0.111,115.927,4.0
"jealousy, jealousy",Olivia Rodrigo,0.198,0.695,173160.0,0.575,0.0,10.0,0.0614,-6.334,0.0,0.116,163.929,4.0
just a boy,Alaina Castillo,0.892,0.51,185682.0,0.303,0.0,7.0,0.127,-5.344,1.0,0.0562,198.149,3.0
just wanna rock (Lil Uzi Vert) - Sped Up Version,sped up nightcore,0.0099,0.544,100383.0,0.546,0.00027,1.0,0.392,-14.475,1.0,0.0923,161.76,4.0
justified,Kacey Musgraves,0.807,0.669,180800.0,0.552,0.000874,0.0,0.321,-7.98,1.0,0.0587,100.102,4.0
justlikeu4theimage,glaive,0.0196,0.708,117000.0,0.723,0.0,1.0,0.201,-4.449,1.0,0.0545,141.944,4.0
kaika,cadode,0.391,0.542,214117.0,0.654,3.75e-05,9.0,0.186,-8.384,1.0,0.0376,88.008,4.0
keep me afraid,Nessa Barrett,0.0811,0.474,164994.0,0.68,0.0,7.0,0.171,-6.354,0.0,0.0733,171.997,4.0
killua,zxcursed,0.000291,0.591,97377.0,0.703,6.18e-06,11.0,0.309,-5.807,1.0,0.0684,122.031,4.0
kissing girls,Grady,0.934,0.415,100750.0,0.456,0.0,0.0,0.49,-7.315,1.0,0.106,181.452,3.0
kometostai.aintreallynootherwaytoputitro,Knxwledge,0.399,0.576,73898.0,0.636,0.0513,4.0,0.23,-8.688,1.0,0.0755,78.244,4.0
konoha peace (naruto shippuden lofi),luvbyrd,0.949,0.926,110444.0,0.159,0.885,2.0,0.0867,-17.805,1.0,0.1,124.058,4.0
kya karoon?,Zaeden,0.645,0.723,200276.0,0.56,7.42e-06,5.0,0.228,-8.324,0.0,0.035,145.022,4.0
la di die (feat. jxdn),Nessa Barrett,0.0036,0.484,195191.0,0.643,0.0,1.0,0.243,-4.72,1.0,0.0416,163.97,4.0
lake hylia,Poetics,0.763,0.735,111080.0,0.312,0.806,5.0,0.112,-24.095,0.0,0.188,60.504,4.0
lap #1,glaive,0.074,0.628,127355.0,0.538,0.0,0.0,0.0795,-5.346,1.0,0.0349,143.036,4.0
late nights and lonely,Suriel Hess,0.718,0.443,152120.0,0.535,0.0,2.0,0.144,-7.477,1.0,0.167,96.149,3.0
leave,gnash,0.427,0.506,175229.0,0.381,0.00238,1.0,0.139,-10.953,0.0,0.266,92.11,1.0
let go,Clinton N,0.109,0.651,142307.0,0.728,5.53e-05,0.0,0.148,-7.334,0.0,0.033,133.003,4.0
let me hold you,lofi.samurai,0.982,0.533,85979.0,0.331,0.648,10.0,0.829,-15.903,0.0,0.587,69.527,4.0
lie to me,Ali Gatie,0.0166,0.639,177440.0,0.404,0.0,4.0,0.343,-7.68,0.0,0.037,138.054,4.0
lie to me,Tate McRae,0.0151,0.642,177440.0,0.392,0.0,4.0,0.352,-7.846,0.0,0.0372,138.065,4.0
like a ghost,hrishi,0.0841,0.601,148666.0,0.587,4.59e-06,7.0,0.152,-6.967,0.0,0.161,176.057,4.0
losing interest,Paycheck,0.649,0.959,108482.0,0.317,0.00103,11.0,0.113,-18.153,0.0,0.197,119.021,4.0
love is scary (feat. Emilia Ali),dwilly,0.442,0.759,186194.0,0.672,8.56e-05,0.0,0.0799,-2.673,0.0,0.119,80.018,4.0
love me blind,Josh Golden,0.0643,0.371,209736.0,0.565,0.00319,1.0,0.35,-7.222,1.0,0.0427,113.385,5.0
love within,Linearwave,0.951,0.626,97099.0,0.201,0.945,2.0,0.0905,-12.888,0.0,0.0369,131.046,4.0
love yourself (spend forever),cookii,0.0188,0.646,165169.0,0.396,1.01e-05,2.0,0.0713,-9.376,1.0,0.06,129.399,4.0
"love, or the lack thereof",Isaac Dunbar,0.153,0.686,187800.0,0.677,0.0,1.0,0.0906,-7.064,1.0,0.162,114.988,4.0
love/hate,Matt Van,0.837,0.534,166027.0,0.209,8.36e-05,5.0,0.111,-11.883,0.0,0.034,145.697,4.0
lovely (with Khalid),Billie Eilish,0.934,0.351,200186.0,0.296,0.0,4.0,0.095,-10.109,0.0,0.0333,115.284,4.0
lowkey,NIKI,0.432,0.752,171356.0,0.494,0.0,0.0,0.0869,-8.18,1.0,0.0559,117.901,4.0
luv(drunk),Conro,0.0434,0.807,181000.0,0.836,0.396,0.0,0.113,-4.359,0.0,0.0359,120.057,4.0
m.A.A.d city,Kendrick Lamar,0.0538,0.487,350120.0,0.729,4.07e-06,2.0,0.44,-6.815,1.0,0.271,91.048,4.0
madhouse,Matt Maltese,0.597,0.641,211075.0,0.533,2.35e-06,10.0,0.143,-8.421,1.0,0.0516,156.995,4.0
make up sex (feat. blackbear),Machine Gun Kelly,0.00156,0.665,122570.0,0.678,0.0,5.0,0.474,-4.122,0.0,0.0315,131.986,4.0
mama i'm so sorry..,Josh Golden,0.437,0.623,151146.0,0.609,0.0,11.0,0.0888,-3.827,0.0,0.0345,105.137,4.0
masquerade,siouxxie sixxsta,0.000674,0.608,144536.0,0.792,0.653,9.0,0.252,-5.721,1.0,0.0355,161.104,4.0
me & ur ghost,blackbear,0.0488,0.742,201398.0,0.679,0.0,7.0,0.0754,-4.594,1.0,0.0259,100.041,4.0
me me she,RADWIMPS,0.0204,0.617,281493.0,0.592,1.05e-06,4.0,0.147,-4.816,1.0,0.0289,117.97,4.0
met this girl on the internet,young friend,0.808,0.734,179446.0,0.206,0.237,4.0,0.152,-13.501,1.0,0.04,126.072,4.0
might be this,Sarcastic Sounds,0.847,0.677,150333.0,0.605,9e-06,5.0,0.0892,-9.751,1.0,0.0513,90.046,4.0
minor,Gracie Abrams,0.856,0.705,160507.0,0.281,0.0,2.0,0.117,-7.991,1.0,0.0863,84.882,4.0
moment,Vierre Cloud,0.0426,0.544,129543.0,0.855,0.157,6.0,0.167,-7.461,1.0,0.093,171.349,4.0
moodz (feat. 24hrs),blackbear,0.199,0.754,220588.0,0.486,1.98e-05,8.0,0.115,-8.864,1.0,0.143,101.922,4.0
moon and back,JVKE,0.571,0.594,148298.0,0.494,2.48e-05,2.0,0.206,-4.262,1.0,0.0722,180.132,4.0
moonlight,dhruv,0.627,0.735,159130.0,0.501,0.0013,11.0,0.104,-11.257,0.0,0.167,92.031,4.0
more,BETWEEN FRIENDS,0.515,0.386,193280.0,0.516,0.0,0.0,0.0972,-9.223,1.0,0.285,95.0,4.0
more,keshi,0.568,0.565,184011.0,0.707,0.0,5.0,0.374,-4.98,1.0,0.0357,79.973,4.0
morning moon,Kanisan,0.732,0.585,136687.0,0.172,0.918,9.0,0.0971,-15.14,0.0,0.0668,79.939,4.0
my bad luv,blackbear,0.0362,0.64,183433.0,0.655,0.0,9.0,0.456,-4.684,0.0,0.0414,122.967,4.0
my ex's best friend (with blackbear),Machine Gun Kelly,0.00473,0.731,139461.0,0.675,0.0,5.0,0.141,-5.134,0.0,0.0434,124.939,4.0
my heart is lost,blackbear,0.241,0.643,198000.0,0.521,0.0,6.0,0.0896,-7.966,1.0,0.0516,159.964,4.0
my ordinary life (slowed + reverb) - Slowed,чачкалица,,,,,,,,,,,,
n.y.e.,blackbear,0.124,0.742,169431.0,0.639,0.0,2.0,0.114,-7.63,0.0,0.183,115.078,3.0
nervous,blackbear,0.201,0.821,153913.0,0.517,3.74e-06,6.0,0.203,-10.488,0.0,0.0497,115.087,4.0
never knew a heart could break itself,Zach Hood,0.465,0.579,155223.0,0.454,0.0,9.0,0.0997,-7.264,1.0,0.0427,78.949,4.0
"never mind, let's break up",LANY,0.0992,0.658,162316.0,0.74,0.0,7.0,0.186,-6.631,1.0,0.0331,101.026,4.0
nightgleam,Kainbeats,0.917,0.549,150233.0,0.06,0.94,6.0,0.339,-20.541,1.0,0.0329,64.556,4.0
no place like hope,Zachary Knowles,0.627,0.689,252800.0,0.346,0.000193,8.0,0.104,-14.561,1.0,0.0709,75.025,4.0
no way !,Yot Club,0.0949,0.651,166458.0,0.696,0.903,7.0,0.387,-7.889,1.0,0.0314,130.27,4.0
nobody else,LANY,0.744,0.569,197480.0,0.291,0.0,0.0,0.137,-14.509,1.0,0.043,151.659,4.0
none too deep,Atlas in Motion,0.937,0.421,224875.0,0.182,1.19e-05,3.0,0.639,-15.009,1.0,0.0612,74.221,4.0
north fell,Delayde,0.956,0.647,170959.0,0.114,0.903,8.0,0.113,-22.331,1.0,0.0539,72.974,4.0
not that inna you,cookii,0.149,0.765,161312.0,0.442,0.0,4.0,0.0674,-6.602,1.0,0.0421,124.999,4.0
not ur friend,Jeremy Zucker,0.301,0.778,174520.0,0.313,0.0,4.0,0.667,-9.288,1.0,0.421,68.936,4.0
nothing else i could do,ella jane,0.475,0.788,170000.0,0.545,0.0138,3.0,0.134,-7.647,1.0,0.0487,119.948,4.0
numb (feat. blackbear),lilspirit,0.602,0.481,177730.0,0.51,0.0,2.0,0.145,-8.73,0.0,0.279,90.621,4.0
ocean waves,Alaina Castillo,0.417,0.458,220236.0,0.521,0.0,8.0,0.368,-6.348,0.0,0.0943,89.827,4.0
one that got away,sad alex,0.372,0.734,141765.0,0.579,1.17e-06,11.0,0.0646,-5.988,1.0,0.0958,102.029,4.0
one year has passed (look at all we've been through),colours in the dark,0.906,0.528,141000.0,0.0887,0.913,7.0,0.0891,-22.654,1.0,0.0392,119.995,4.0
oui,Jeremih,0.213,0.418,238320.0,0.724,0.0,5.0,0.112,-3.724,1.0,0.0964,78.521,5.0
paradise,Marco Luka,0.172,0.634,140000.0,0.526,0.0373,7.0,0.128,-8.21,0.0,0.036,143.998,4.0
paragraphs,blackbear,0.243,0.742,169697.0,0.46,0.0,1.0,0.102,-11.229,1.0,0.0635,99.073,4.0
peace,apollw,0.922,0.795,187848.0,0.228,0.919,4.0,0.109,-13.387,1.0,0.0367,130.025,4.0
peter,l i l a,0.556,0.536,197552.0,0.757,0.807,8.0,0.0751,-6.992,1.0,0.0513,170.08,4.0
playboy shit (feat. Lil Aaron),blackbear,0.0847,0.656,212129.0,0.741,0.0,11.0,0.111,-4.998,0.0,0.18,154.937,4.0
please never fall in love again,Feyesal,0.364,0.713,157643.0,0.345,0.00252,0.0,0.393,-8.55,0.0,0.0374,107.637,4.0
poison,glaive,0.0633,0.515,136134.0,0.527,0.0,0.0,0.214,-5.719,0.0,0.0385,159.987,4.0
porcelain,mxmtoon,0.883,0.569,271915.0,0.108,0.0,9.0,0.112,-15.855,1.0,0.035,110.421,4.0
positions,Ariana Grande,0.468,0.737,172325.0,0.802,0.0,0.0,0.0931,-4.771,1.0,0.0878,144.015,4.0
powder,kairos,0.893,0.566,180000.0,0.0848,0.919,10.0,0.101,-22.699,1.0,0.0352,126.031,4.0
precious light,Kainbeats,0.956,0.724,137084.0,0.0769,0.751,9.0,0.0981,-18.054,1.0,0.0639,143.95,4.0
pretty little lies,Marco Luka,0.16,0.698,165725.0,0.53,0.0,6.0,0.1,-7.877,0.0,0.086,94.03,4.0
prick,glaive,0.0262,0.403,134112.0,0.888,0.0,1.0,0.201,-2.842,1.0,0.12,84.947,4.0
prolly my spookiest beat (sped up),prodby668,0.0506,0.639,120245.0,0.52,0.897,5.0,0.0995,-10.77,1.0,0.0934,159.984,4.0
promise I won't mess up,Sølace,0.742,0.704,180062.0,0.264,0.131,4.0,0.173,-12.63,1.0,0.0434,139.971,4.0
purple circles,Jades Goudreault,0.791,0.58,212010.0,0.474,2.48e-05,1.0,0.141,-13.952,0.0,0.2,119.908,4.0
queen of broken hearts,blackbear,0.00663,0.717,171172.0,0.712,0.0,0.0,0.0756,-6.098,1.0,0.0765,97.019,4.0
r u ok,Tate McRae,0.318,0.666,185850.0,0.593,0.0,2.0,0.414,-5.905,1.0,0.0373,140.013,4.0
remember,50landing,0.645,0.665,171236.0,0.507,0.0,1.0,0.627,-9.069,1.0,0.257,89.023,4.0
rly real,blackbear,0.103,0.744,172852.0,0.407,0.0,6.0,0.128,-10.513,1.0,0.0657,100.004,4.0
rocket science,vaultboy,0.137,0.741,152987.0,0.622,0.0,10.0,0.106,-8.006,1.0,0.0395,136.014,4.0
rockstar (feat. 21 Savage),Post Malone,0.124,0.585,218147.0,0.52,7.01e-05,5.0,0.131,-6.136,0.0,0.0712,159.801,4.0
room to breathe,fats'e,,,,,,,,,,,,
rosier,brakence,0.654,0.521,222493.0,0.254,0.0,2.0,0.427,-13.554,1.0,0.407,115.65,4.0
roxstar,raspy,0.225,0.862,150883.0,0.539,0.0,1.0,0.111,-6.975,1.0,0.0788,130.03,4.0
rubberband,Tate McRae,0.32,0.64,147713.0,0.593,0.0,10.0,0.104,-6.068,1.0,0.0431,155.08,4.0
rx,ROLE MODEL,0.736,0.448,200107.0,0.119,0.0,4.0,0.145,-15.138,1.0,0.0403,140.591,4.0
savior,Beowülf,0.835,0.832,110943.0,0.181,0.0304,11.0,0.117,-20.989,1.0,0.0603,106.032,4.0
say goodbye,Sarcastic Sounds,0.902,0.71,86749.0,0.415,0.00236,8.0,0.149,-9.561,1.0,0.0908,92.016,4.0
say it over (feat. Cautious Clay),Ruel,0.566,0.438,238500.0,0.315,0.0,2.0,0.606,-10.941,0.0,0.044,156.031,4.0
seaside_demo,SEB,0.355,0.706,132000.0,0.824,0.000133,0.0,0.111,-7.959,1.0,0.0694,94.98,4.0
see u dance,Hong Kong Boyfriend,0.551,0.667,138000.0,0.338,0.174,10.0,0.109,-8.295,1.0,0.083,79.963,4.0
shut up,Greyson Chance,0.296,0.822,170364.0,0.448,3.28e-06,9.0,0.0683,-4.33,1.0,0.0465,105.01,4.0
silverwood,Billy Hammer,0.802,0.593,95017.0,0.575,0.892,2.0,0.101,-10.701,1.0,0.076,80.079,4.0
sleeptight,DRWN.,0.888,0.371,146000.0,0.0605,0.828,4.0,0.0732,-13.516,0.0,0.168,236.196,3.0
sleepwalking,Mokita,0.454,0.55,215979.0,0.534,9.04e-06,6.0,0.0722,-7.157,1.0,0.0284,80.003,4.0
slide thru (feat. Jerry Good),blackbear,0.473,0.585,185287.0,0.512,1.56e-06,1.0,0.131,-9.764,0.0,0.527,121.896,4.0
slow down my thoughts,Zachary Knowles,0.685,0.732,231496.0,0.421,4.07e-05,1.0,0.224,-8.364,0.0,0.0876,126.943,4.0
slow summer,Zachary Knowles,0.817,0.658,168782.0,0.431,8.28e-06,5.0,0.21,-8.902,1.0,0.0437,90.003,4.0
slower,Tate McRae,0.595,0.589,187629.0,0.364,0.0,1.0,0.334,-8.079,0.0,0.0419,104.991,4.0
smile again,blackbear,0.597,0.68,149254.0,0.423,0.0,6.0,0.371,-6.279,1.0,0.0321,85.042,4.0
smiling when i die,Sasha Alex Sloan,0.817,0.753,206437.0,0.41,0.00219,0.0,0.104,-10.636,0.0,0.132,92.999,4.0
snowfall,kairos,0.979,0.492,213750.0,0.0511,0.915,2.0,0.0948,-23.325,1.0,0.0315,128.159,4.0
snowflake (feat. Jaden & Sarcastic Sounds),Powfu,0.95,0.419,187500.0,0.408,0.0,9.0,0.35,-10.899,0.0,0.25,62.829,4.0
sobbing in cabo,blackbear,0.0193,0.596,187024.0,0.794,1.4e-06,7.0,0.0997,-5.366,1.0,0.0338,97.0,4.0
someone who'll care,luca.,0.615,0.434,164500.0,0.299,0.00121,10.0,0.0682,-12.924,1.0,0.0288,109.904,4.0
sometimes,Heather Sommer,0.0899,0.679,163738.0,0.525,3.53e-05,9.0,0.09,-8.721,1.0,0.0594,106.871,4.0
speeding up,Mokita,0.764,0.535,193924.0,0.578,0.195,4.0,0.0967,-8.088,1.0,0.0689,111.588,4.0
stalker,ElyOtto,0.0394,0.646,99733.0,0.789,0.0,2.0,0.238,-4.556,1.0,0.0387,177.879,4.0
stephany,glaive,0.083,0.506,117313.0,0.836,0.0,9.0,0.0942,-5.938,1.0,0.155,154.626,4.0
stranger to me,Zachary Knowles,0.744,0.772,135992.0,0.469,0.0,1.0,0.109,-7.992,1.0,0.0384,118.057,4.0
striptease,carwash,0.124,0.693,160659.0,0.575,0.946,8.0,0.102,-8.887,1.0,0.0727,130.033,4.0
summer nights,Skinny Atlas,0.233,0.521,172138.0,0.523,0.0,6.0,0.403,-7.621,1.0,0.0362,145.156,4.0
summertime,cinnamons,0.104,0.688,251818.0,0.704,0.0,3.0,0.0672,-6.315,1.0,0.0303,131.969,4.0
supermarket,carwash,0.391,0.449,145333.0,0.842,0.868,8.0,0.282,-6.094,1.0,0.0311,90.047,4.0
synopsis,glaive,0.00939,0.622,123204.0,0.79,0.0,8.0,0.116,-5.664,1.0,0.0973,150.032,4.0
talk is overrated,Jeremy Zucker,0.435,0.776,189800.0,0.353,0.0,4.0,0.302,-8.317,0.0,0.0687,138.035,4.0
telepatía,Kali Uchis,0.112,0.653,160191.0,0.524,0.0,11.0,0.203,-9.016,0.0,0.0502,83.97,4.0
that way - with Jeremy Zucker,Tate McRae,0.573,0.394,174300.0,0.398,0.0,0.0,0.313,-10.202,1.0,0.219,78.438,3.0
the 1 - KIN Remix,blackbear,0.42,0.703,151111.0,0.408,0.0,4.0,0.176,-7.883,0.0,0.139,108.026,4.0
the 1 - NvrLeft Remix,blackbear,0.0044,0.585,185600.0,0.952,1.41e-05,2.0,0.117,-1.498,1.0,0.311,150.177,4.0
the 1 - Rad Cat Remix,blackbear,0.0101,0.674,198545.0,0.596,1.06e-06,4.0,0.104,-6.038,0.0,0.0622,110.066,4.0
the long way home (feat. Sara Kays & Sarcastic Sounds),Powfu,0.777,0.579,189628.0,0.402,0.0,2.0,0.316,-9.687,1.0,0.0392,152.067,4.0
the night is just humming,96 Zeus,0.991,0.681,126252.0,0.0663,0.972,3.0,0.106,-29.287,1.0,0.0419,79.967,3.0
this is how i learn to say no,EMELINE,0.232,0.378,142966.0,0.587,0.0,10.0,0.455,-7.755,1.0,0.163,181.452,3.0
this is how you fall in love,Jeremy Zucker,0.732,0.441,174587.0,0.202,2.6e-05,7.0,0.126,-12.499,1.0,0.0381,77.971,4.0
this is what falling in love feels like,JVKE,0.617,0.422,120308.0,0.44,0.0,11.0,0.0837,-5.53,1.0,0.0544,128.934,5.0
this is what falling in love feels like - Leon Leiden Remix,JVKE,0.66,0.411,120157.0,0.547,0.0,11.0,0.078,-4.815,1.0,0.0706,128.44,5.0
this is what heartbreak feels like,JVKE,0.578,0.707,157636.0,0.474,0.0,1.0,0.11,-4.603,1.0,0.0672,109.991,4.0
time machine,mj apanay,0.874,0.652,225933.0,0.256,0.0,10.0,0.163,-13.4,0.0,0.0799,119.414,3.0
time travel,chief.,0.887,0.382,129780.0,0.18,0.816,9.0,0.0969,-14.781,0.0,0.0485,153.347,4.0
tomorrow tonight,Loote,0.134,0.32,202600.0,0.5,0.0,3.0,0.108,-7.979,1.0,0.0994,91.361,4.0
too many feelings,Ruel,0.237,0.754,186935.0,0.706,3.46e-05,5.0,0.097,-6.145,1.0,0.0923,81.943,4.0
top gun,bbno$,0.0279,0.572,141133.0,0.881,3.07e-05,2.0,0.342,-5.041,1.0,0.142,160.182,4.0
u love u (with Tate McRae),blackbear,0.0156,0.544,189062.0,0.704,0.0,4.0,0.164,-5.678,0.0,0.0435,80.029,4.0
u.,niteboi,0.0582,0.483,174299.0,0.531,0.906,4.0,0.111,-10.091,0.0,0.0604,123.942,4.0
ungli,Choti Ungli,0.0339,0.712,144840.0,0.569,0.000494,2.0,0.373,-11.809,1.0,0.146,120.946,4.0
unholy - slowed + reverb,slowed and reverbed tunes,,,,,,,,,,,,
until i found you - slowed + reverb,slowed + reverb tazzy,,,,,,,,,,,,
up at night (feat. justin bieber),Kehlani,0.196,0.563,182227.0,0.756,0.0,0.0,0.245,-3.852,0.0,0.0579,100.012,4.0
up to something,Ruel,0.0829,0.691,179307.0,0.465,1.58e-06,3.0,0.126,-8.061,0.0,0.0502,96.02,4.0
upsides,Nic D,0.0914,0.719,135576.0,0.495,3.15e-06,10.0,0.104,-5.889,0.0,0.18,84.983,4.0
used to,Josh Golden,0.396,0.622,181090.0,0.723,0.0,7.0,0.61,-5.219,0.0,0.0509,139.958,4.0
vendetta!,MUPP,0.175,0.706,107045.0,0.91,2e-06,1.0,0.11,-3.527,1.0,0.146,126.007,4.0
vendetta! - sped up,MUPP,0.207,0.654,91582.0,0.944,2.01e-06,1.0,0.126,-3.207,1.0,0.223,147.308,4.0
very bad,Pomme,0.956,0.409,237600.0,0.24,0.000433,5.0,0.744,-8.844,1.0,0.0344,84.894,4.0
virgo,Jadu Jadu,0.274,0.712,61022.0,0.442,0.0,7.0,0.0943,-9.097,0.0,0.679,143.451,4.0
voicemails,nøll,0.216,0.753,202000.0,0.558,0.0,10.0,0.939,-6.707,0.0,0.0425,120.055,4.0
waiting for you,lost.mindd,0.98,0.644,106622.0,0.122,0.936,2.0,0.0971,-20.526,1.0,0.0287,73.986,4.0
wake me when it's over,Vorsa,0.651,0.682,147827.0,0.449,0.000575,7.0,0.094,-10.219,1.0,0.0318,82.465,4.0
walking around with no hands,glaive,0.00956,0.64,121604.0,0.526,0.0,7.0,0.0955,-6.643,1.0,0.0408,150.027,4.0
wanna grow old (i won't let go),XXXTENTACION,0.835,0.74,131215.0,0.199,2.05e-06,4.0,0.116,-8.575,0.0,0.0366,75.013,4.0
wannabe,renforshort,0.0943,0.769,152470.0,0.663,1.12e-06,1.0,0.133,-5.649,0.0,0.0395,94.966,4.0
watch you sleep.,girl in red,0.932,0.456,180226.0,0.221,0.00527,2.0,0.0963,-16.379,1.0,0.0307,132.997,4.0
we fell in love in october,girl in red,0.113,0.566,184154.0,0.366,0.181,7.0,0.155,-12.808,1.0,0.028,129.96,4.0
we'll be fine,Luz,0.9,0.505,296560.0,0.122,0.0,11.0,0.0893,-12.599,1.0,0.0527,102.607,4.0
well known,Atlas in Motion,0.556,0.588,224168.0,0.291,1.04e-05,7.0,0.306,-14.769,1.0,0.145,158.022,4.0
what does he have that i don't?,Zeph,0.96,0.386,91207.0,0.187,0.0,1.0,0.136,-15.684,1.0,0.0435,149.888,3.0
when is it my turn,mj apanay,0.571,0.757,136023.0,0.355,0.0,5.0,0.321,-9.026,1.0,0.0892,131.768,4.0
when the days end,Visio,0.985,0.557,130142.0,0.033,0.913,4.0,0.112,-24.657,0.0,0.0981,177.098,4.0
when the party's over,Billie Eilish,0.978,0.367,196077.0,0.111,3.97e-05,4.0,0.0897,-14.084,1.0,0.0972,82.642,4.0
when was it over? (feat. Sam Hunt),Sasha Alex Sloan,0.816,0.626,218093.0,0.453,1.91e-06,7.0,0.0904,-9.295,1.0,0.0306,129.958,4.0
where do we go when we fall in love,SVMP,0.812,0.561,101101.0,0.364,8.94e-06,7.0,0.268,-11.111,1.0,0.0286,137.911,4.0
white lie,contradash,0.105,0.607,162242.0,0.872,0.0,1.0,0.333,-4.858,0.0,0.105,160.014,4.0
whore,mehro,0.904,0.766,163385.0,0.265,0.0492,7.0,0.0899,-12.35,1.0,0.0315,136.063,4.0
why are girls?,blackbear,0.16,0.685,187811.0,0.783,0.0,7.0,0.182,-4.833,1.0,0.0779,101.134,4.0
why didn't you call???,Saint Harison,0.952,0.347,196734.0,0.227,1.55e-06,8.0,0.11,-8.954,1.0,0.0333,169.238,4.0
wish u the best (feat. Stalking Gia),blackbear,0.0232,0.802,154452.0,0.495,0.0,2.0,0.109,-6.154,0.0,0.19,114.99,4.0
without me - slowed + reverb,slowed + reverb tazzy,,,,,,,,,,,,
wonder,Billy Hammer,0.98,0.616,106364.0,0.122,0.942,2.0,0.155,-16.29,1.0,0.0284,87.988,4.0
working,Tate McRae,0.282,0.783,210220.0,0.435,0.0,7.0,0.0833,-7.78,1.0,0.0588,106.974,4.0
worthless,eli.,0.016,0.675,270240.0,0.53,0.0,9.0,0.111,-4.196,1.0,0.0385,124.991,4.0
you broke me first,Tate McRae,0.785,0.667,169266.0,0.373,0.0,4.0,0.0906,-9.389,1.0,0.05,124.148,4.0
you deserve better,sadeyes,0.358,0.591,141928.0,0.488,0.0,8.0,0.357,-11.178,1.0,0.16,109.9,4.0
you don't love me,Josh Golden,0.595,0.535,162585.0,0.398,0.0,9.0,0.249,-7.864,0.0,0.0564,201.556,4.0
you heard me,Heather Sommer,0.163,0.665,178686.0,0.582,0.0,6.0,0.108,-7.011,0.0,0.0324,137.027,4.0
you should see me in a crown,Besomorph,0.334,0.383,179278.0,0.711,3.35e-06,4.0,0.225,-4.125,0.0,0.0453,153.95,4.0
you were good to me,Jeremy Zucker,0.913,0.561,219147.0,0.0848,2.62e-05,2.0,0.112,-15.099,1.0,0.0404,102.128,4.0
you were good to me - shallou remix,Jeremy Zucker,0.173,0.358,229205.0,0.435,0.00106,2.0,0.0986,-9.198,1.0,0.0717,155.908,4.0
you're not lost,eaup,,,,,,,,,,,,
your eyes,Bcalm,0.926,0.584,162162.0,0.106,0.928,10.0,0.095,-19.153,1.0,0.0289,73.998,4.0
|BONKERS|,staplegun,0.0766,0.751,212335.0,0.946,0.878,0.0,0.22,-6.47,1.0,0.393,148.027,4.0
À Deriva,colours in the dark,0.924,0.552,170308.0,0.139,0.913,3.0,0.321,-23.934,0.0,0.0301,130.04,4.0
Árboles Bajo El Mar,Vivir Quintana,0.783,0.678,261787.0,0.385,0.00112,6.0,0.0982,-8.343,0.0,0.0389,92.161,3.0
Икры и Сала,ДЕТИ RAVE,0.0123,0.877,143622.0,0.883,0.00145,11.0,0.0921,-4.183,1.0,0.0649,127.008,4.0
Итальянская полька в Ми Минор,Sergei Rachmaninoff,0.911,0.557,82000.0,0.0697,0.976,2.0,0.217,-25.642,1.0,0.0483,107.288,4.0
Обійми,Okean Elzy,0.377,0.576,160040.0,0.657,0.68,2.0,0.153,-8.923,1.0,0.0338,119.944,4.0
это ли счастье?,Rauf & Faik,0.578,0.683,204490.0,0.76,0.000139,10.0,0.14,-5.033,0.0,0.0475,154.06,4.0
ישראל,Eyal Golan,0.222,0.631,234053.0,0.951,0.0,2.0,0.0815,-4.255,0.0,0.0613,132.078,4.0
כולם מדברים איתי על,Carakukly,0.0377,0.822,157762.0,0.658,2.15e-05,11.0,0.329,-7.676,1.0,0.0865,142.926,4.0
קצב מזרחי,Eyal Golan,0.199,0.825,147000.0,0.613,2.98e-05,0.0,0.0699,-8.819,1.0,0.0616,140.045,4.0
คิด(แต่ไม่)ถึง (Same Page?),Tilly Birds,0.193,0.625,266750.0,0.77,0.0,10.0,0.149,-5.333,1.0,0.0299,95.026,4.0
「聴く小説・すずめの戸締まり」第1話,聴く小説・すずめの戸締まり,,,,,,,,,,,,
うらがわの存在,ギヴン,,,,,,,,,,,,
じゃあね、またね。,Riria.,,,,,,,,,,,,
そばにいるから,直江剛（ＣＶ：内山昂輝）,,,,,,,,,,,,
ただ声一つ,ロクデナシ,,,,,,,,,,,,
たぶん,YOASOBI,,,,,,,,,,,,
ひまわりの約束,Motohiro Hata,,,,,,,,,,,,
まちぼうけ,ロクデナシ,,,,,,,,,,,,
めんたいコズミック,Yunomi,,,,,,,,,,,,
もう二度と,ECHOLL,,,,,,,,,,,,
やわらかな午後に遅い朝食を,Motohiro Hata,,,,,,,,,,,,
アーチ,羽柴夏樹（ＣＶ：松岡禎丞）,0.0546,0.453,222827.0,0.87,0.0,7.0,0.405,-4.975,1.0,0.034,163.047,4.0
インドア系ならトラックメイカー,Yunomi,,,,,,,,,,,,
キケンナアソビ,Creep Hyp,0.138,0.683,241213.0,0.684,0.0,11.0,0.16,-5.325,1.0,0.0307,88.018,4.0
キミの隣,halca,,,,,,,,,,,,
シルエット,KANA-BOON,1.03e-05,0.436,240133.0,0.934,0.14,2.0,0.321,-2.685,1.0,0.0507,91.481,4.0
シンデレラ,Cidergirl,0.0141,0.572,212311.0,0.955,0.0,7.0,0.315,-2.617,1.0,0.0626,129.981,4.0
ジェリーフィッシュ (feat. ローラーガール),Yunomi,0.245,0.669,235500.0,0.768,3.88e-05,2.0,0.133,-5.022,1.0,0.0592,159.893,4.0
センチメートル,the peggies,0.00198,0.564,227013.0,0.922,5.03e-06,2.0,0.231,-2.303,1.0,0.0368,139.962,4.0
ダッタン人の踊り (歌劇 イーゴリ公より) 2 娘たちの流麗な踊り,Alexander Borodin,,,,,,,,,,,,
ハルジオン,YOASOBI,0.0545,0.687,198600.0,0.873,0.0,8.0,0.318,-3.852,1.0,0.0335,130.024,4.0
バイ・マイ・サイ,RADWIMPS,0.603,0.611,282613.0,0.493,1.92e-05,1.0,0.159,-8.365,0.0,0.0289,95.995,4.0
フィクション,sumika,0.144,0.658,230760.0,0.94,0.0,2.0,0.101,-2.427,1.0,0.0339,122.992,4.0
プリズム,AmPm,0.0871,0.63,238667.0,0.538,0.0,6.0,0.0952,-7.059,1.0,0.0318,98.012,4.0
三時のキス,ロクデナシ,,,,,,,,,,,,
五月雨,Yasuharu Takanashi,0.674,0.439,207720.0,0.129,0.96,2.0,0.114,-15.99,0.0,0.0328,111.654,4.0
人柱力,Yasuharu Takanashi,0.0693,0.356,121427.0,0.691,0.885,9.0,0.31,-10.641,0.0,0.0391,74.967,4.0
任務,Yasuharu Takanashi,0.0464,0.72,103573.0,0.484,0.741,1.0,0.227,-14.911,1.0,0.0755,159.919,4.0
光るなら,Goose house,,,,,,,,,,,,
凸】♀】♂】←Titan,Hiroyuki Sawano,0.0127,0.585,261373.0,0.45,0.675,2.0,0.0921,-11.736,1.0,0.0574,139.574,1.0
出陣,Yasuharu Takanashi,0.0897,0.406,129973.0,0.671,0.964,6.0,0.121,-9.169,0.0,0.0387,94.942,3.0
前奏曲集 第1巻 VIII. 亜麻色の髪の乙女,Claude Debussy,0.995,0.323,126093.0,0.0194,0.934,6.0,0.0653,-29.17,1.0,0.0453,68.568,3.0
動天,Yasuharu Takanashi,0.000132,0.48,183507.0,0.934,0.375,1.0,0.103,-8.811,1.0,0.0575,154.953,4.0
千軍万馬,Yasuharu Takanashi,0.586,0.169,111160.0,0.241,0.942,9.0,0.0665,-12.577,1.0,0.0357,125.408,5.0
古今無双,Yasuharu Takanashi,0.786,0.164,97320.0,0.227,0.823,5.0,0.375,-14.343,1.0,0.0333,170.093,4.0
命に嫌われている。,majiko,,,,,,,,,,,,
哀鴻遍野,Yasuharu Takanashi,0.964,0.0901,121853.0,0.0985,0.975,9.0,0.159,-19.422,0.0,0.046,56.872,4.0
夜に駆ける,YOASOBI,,,,,,,,,,,,
夜明けの歌,M2U,,,,,,,,,,,,
失意,Yasuharu Takanashi,0.966,0.272,120827.0,0.122,0.914,4.0,0.089,-16.359,0.0,0.0376,60.337,4.0
好きだから。,『ユイカ』,,,,,,,,,,,,
孤独,Yasuharu Takanashi,0.847,0.225,126227.0,0.0619,0.687,2.0,0.15,-14.858,0.0,0.0329,57.762,4.0
対峙,Yasuharu Takanashi,0.0202,0.557,124027.0,0.652,0.336,4.0,0.1,-11.127,1.0,0.0417,120.081,4.0
帰郷,Yasuharu Takanashi,0.799,0.22,110480.0,0.17,0.792,0.0,0.0792,-13.487,1.0,0.0343,127.264,4.0
怒り,Yasuharu Takanashi,,,,,,,,,,,,
怪異,Yasuharu Takanashi,0.109,0.436,158787.0,0.634,0.858,4.0,0.108,-12.37,1.0,0.0335,79.995,4.0
恋愛サーキュレーション,物語シリーズ,0.0524,0.814,255040.0,0.785,0.00111,1.0,0.111,-5.679,0.0,0.0396,120.009,4.0
悲壮,Yasuharu Takanashi,0.325,0.148,150067.0,0.484,0.704,4.0,0.152,-12.733,0.0,0.0435,141.451,4.0
手つかずの世界,Tsubakiya Shijuso,,,,,,,,,,,,
暁,Yasuharu Takanashi,0.372,0.365,122133.0,0.442,0.453,0.0,0.115,-11.113,1.0,0.0363,80.057,4.0
暗雲,Yasuharu Takanashi,9.29e-05,0.278,100360.0,0.354,0.502,9.0,0.17,-16.829,0.0,0.0357,159.883,4.0
有些,颜人中,0.744,0.685,229524.0,0.535,0.0,7.0,0.081,-7.53,1.0,0.0433,125.922,4.0
独り言,久保あおい,,,,,,,,,,,,
生絲,Yoh kamiyama,0.184,0.68,264387.0,0.707,0.0,8.0,0.296,-5.287,0.0,0.0336,127.92,4.0
疾風伝,Yasuharu Takanashi,0.0035,0.431,125987.0,0.9,0.822,11.0,0.383,-8.631,1.0,0.0537,155.075,4.0
百花繚乱,Yasuharu Takanashi,0.0211,0.474,133307.0,0.9,0.962,4.0,0.0967,-12.397,0.0,0.0424,129.934,4.0
盗作,ヨルシカ,0.00946,0.654,239120.0,0.756,0.013,1.0,0.0685,-4.46,1.0,0.0326,99.988,4.0
知らないままで,ロクデナシ,,,,,,,,,,,,
秘めたる闘志,Yasuharu Takanashi,,,,,,,,,,,,
空蝉,Yasuharu Takanashi,0.895,0.225,175267.0,0.156,0.713,2.0,0.161,-17.042,0.0,0.0363,98.63,4.0
約束,フレンズ,0.0186,0.552,296364.0,0.678,4.18e-06,3.0,0.11,-4.304,1.0,0.0277,78.324,4.0
紅蓮,DOES,5.82e-06,0.428,243000.0,0.931,1.5e-06,1.0,0.0746,-2.628,0.0,0.05,93.984,4.0
膠着,Yasuharu Takanashi,0.602,0.451,153520.0,0.469,0.881,4.0,0.312,-12.536,0.0,0.0431,139.979,4.0
色彩,Riria.,0.426,0.694,311500.0,0.498,0.00514,5.0,0.144,-6.814,0.0,0.028,119.968,4.0
色香水,Yoh kamiyama,0.0686,0.613,250792.0,0.857,7.93e-05,7.0,0.256,-5.272,1.0,0.0271,147.974,4.0
落日,Yasuharu Takanashi,0.726,0.276,115400.0,0.177,0.723,2.0,0.148,-16.791,1.0,0.0336,100.16,4.0
薄暮,Yasuharu Takanashi,0.932,0.15,100507.0,0.194,0.0185,4.0,0.162,-15.769,0.0,0.0381,93.858,4.0
記念撮影,BUMP OF CHICKEN,0.115,0.615,282563.0,0.738,0.0,9.0,0.0554,-6.883,1.0,0.0291,119.924,4.0
透明だった世界,Motohiro Hata,,,,,,,,,,,,
電光石火,Yasuharu Takanashi,0.192,0.487,136120.0,0.851,0.88,0.0,0.135,-10.867,1.0,0.0569,145.019,3.0
馬と鹿,Kenshi Yonezu,,,,,,,,,,,,
Black And White,Niall Horan,0.0301,0.443,193090.0,0.582,0.0,2.0,0.127,-6.02,1.0,0.0482,147.589,4.0
Black Coffee,Morgan Powers,0.969,0.222,211000.0,0.0684,0.0202,8.0,0.112,-18.356,1.0,0.049,174.639,4.0
Black Dress,Josh Golden,0.252,0.832,152785.0,0.408,1.5e-05,5.0,0.133,-9.208,1.0,0.0457,132.971,4.0
Black Hole - Acoustic Version,Griff,0.854,0.824,175980.0,0.3,0.0,1.0,0.174,-6.678,0.0,0.0565,112.867,4.0
Black Magic (feat. Skylar Grey),Eminem,0.0151,0.674,174864.0,0.807,3.9e-06,1.0,0.584,-3.961,1.0,0.224,140.056,4.0
Black Out Days - Sped Up,Phantogram,0.0133,0.585,181585.0,0.85,0.208,6.0,0.0729,-4.113,0.0,0.035,115.27,4.0
Black Walls,Chromatics,0.316,0.738,244160.0,0.454,0.815,0.0,0.163,-10.137,0.0,0.0384,120.02,4.0
Black Water,Apparat,0.241,0.174,293755.0,0.568,0.557,2.0,0.0945,-10.854,1.0,0.0537,179.499,4.0
Blacked Out Whip,Bri-C,0.00368,0.798,156687.0,0.482,0.0,4.0,0.122,-9.035,0.0,0.206,92.012,4.0
Blame It on the Boogie,The Jacksons,0.0765,0.774,214200.0,0.641,0.0,1.0,0.0867,-10.193,1.0,0.0799,113.256,4.0
Bleed It Out,Linkin Park,0.114,0.529,166373.0,0.967,0.0,1.0,0.61,-3.647,0.0,0.0508,140.127,4.0
Blessed,Besomorph,0.0951,0.505,200000.0,0.572,0.0,1.0,0.0958,-9.444,0.0,0.135,120.151,4.0
Blinding Lights,The Weeknd,0.00146,0.514,200040.0,0.73,9.54e-05,1.0,0.0897,-5.934,1.0,0.0598,171.005,4.0
Blink 182,Half an Orange,0.206,0.59,184000.0,0.469,0.0,10.0,0.109,-7.387,0.0,0.0526,149.857,4.0
BlkBird,Lund,0.188,0.713,201081.0,0.805,0.00218,11.0,0.105,-9.286,0.0,0.154,147.974,4.0
Blonde,Glades,0.133,0.599,169013.0,0.793,0.0,8.0,0.0714,-2.337,1.0,0.0452,89.948,4.0
Blondie,Current Joys,0.622,0.776,194733.0,0.626,0.899,6.0,0.086,-12.561,1.0,0.0396,122.072,4.0
Blood,Chrome Sparks,0.435,0.593,161240.0,0.529,1.43e-06,1.0,0.129,-6.694,0.0,0.0313,89.915,4.0
Blood (with Foy Vance),ILLENIUM,0.083,0.358,248000.0,0.896,0.0014,4.0,0.372,-4.547,0.0,0.159,75.192,4.0
Blood Like Lemonade - Radio Edit,Morcheeba,,,,,,,,,,,,
Blood Stain Cypher,Lund,0.00627,0.584,233239.0,0.783,8.76e-06,10.0,0.0504,-8.644,0.0,0.0402,141.972,4.0
Bloodhound,Skott,0.516,0.607,178147.0,0.586,0.00431,6.0,0.336,-8.658,0.0,0.0406,145.824,4.0
Bloom,Aether,0.776,0.662,273231.0,0.156,0.918,8.0,0.0773,-24.402,0.0,0.047,130.031,4.0
Bloom,ODESZA,0.0149,0.555,195692.0,0.585,0.86,2.0,0.0707,-6.672,1.0,0.0272,130.004,4.0
Bloom,SPEECHLESS,0.95,0.662,155716.0,0.206,0.797,11.0,0.102,-14.994,0.0,0.0473,123.934,4.0
Bloom,The Winking Owl,0.00168,0.507,230680.0,0.975,0.0,1.0,0.397,-2.973,1.0,0.154,98.01,4.0
Blue,Madison Beer,0.15,0.64,229882.0,0.501,0.0,7.0,0.16,-7.86,1.0,0.0624,114.031,4.0
Blue,The Neighbourhood,0.524,0.56,190133.0,0.598,0.698,5.0,0.172,-8.386,0.0,0.0388,82.991,4.0
Blue (Da Ba Dee) - Gabry Ponte Ice Pop Radio,Eiffel 65,0.259,0.822,283748.0,0.969,0.000153,7.0,0.39,-11.471,0.0,0.0582,128.007,4.0
Blue Bird (Naruto),Kato,0.829,0.615,111263.0,0.294,0.857,6.0,0.112,-14.34,0.0,0.0275,81.97,4.0
Blue Bird Piano,Kato,0.996,0.313,84500.0,0.0211,0.967,6.0,0.0879,-28.785,0.0,0.0602,68.13,3.0
Blue Boi,LAKEY INSPIRED,0.739,0.807,105613.0,0.229,0.901,10.0,0.0663,-12.842,1.0,0.0647,139.967,4.0
Blue Eyes,Yo Yo Honey Singh,0.137,0.77,220944.0,0.51,0.000106,10.0,0.0346,-5.469,0.0,0.192,188.067,4.0
Blue Racecar,Sassy 009,0.033,0.558,212333.0,0.816,0.00757,5.0,0.271,-8.321,0.0,0.0405,82.515,4.0
Blueberry Eyes (feat. SUGA of BTS),MAX,0.454,0.746,172245.0,0.611,0.000922,0.0,0.133,-7.034,0.0,0.101,149.967,4.0
Blueberry Faygo,Lil Mosey,0.207,0.774,162547.0,0.554,0.0,0.0,0.132,-7.909,1.0,0.0383,99.034,4.0
Bluebird,Luca Fogale,0.907,0.482,292787.0,0.224,0.00074,11.0,0.103,-14.286,0.0,0.04,150.376,3.0
Blur,LXST CXNTURY,0.00385,0.697,214304.0,0.861,0.0417,1.0,0.115,-5.849,1.0,0.0415,139.948,4.0
Blur,Stellar,0.245,0.834,131429.0,0.6,0.0,5.0,0.0694,-5.433,1.0,0.0313,125.954,4.0
Blurry,Puddle Of Mudd,0.00805,0.431,304000.0,0.938,0.0,3.0,0.138,-4.507,0.0,0.0542,157.462,4.0
Body,Julia Michaels,0.781,0.54,180293.0,0.409,0.0,8.0,0.104,-6.658,1.0,0.0284,95.177,4.0
Body Bag (w/ Ethan Tasch),Peter Fenn,0.376,0.73,141094.0,0.468,5.01e-06,3.0,0.35,-8.698,1.0,0.0759,91.942,4.0
Bole Chudiyan,Jatin-Lalit,0.45,0.59,408133.0,0.875,1.16e-05,5.0,0.164,-5.294,1.0,0.171,96.915,4.0
Bom Diggy Diggy,Zack Knight,0.159,0.782,238530.0,0.827,0.0,11.0,0.226,-4.219,0.0,0.0627,104.032,4.0
Bombs Away,Charlotte Gainsbourg,0.236,0.741,227627.0,0.655,1.97e-05,2.0,0.0716,-7.484,1.0,0.0646,106.994,4.0
Bone,So Below,0.0617,0.552,252903.0,0.645,0.0,8.0,0.0814,-7.262,1.0,0.0321,92.985,4.0
Bones,Imagine Dragons,0.0201,0.772,165265.0,0.75,0.0,5.0,0.074,-3.67,0.0,0.0455,114.061,4.0
Bones,Low Roar,0.25,0.508,169806.0,0.411,0.00981,11.0,0.162,-9.857,0.0,0.0386,69.995,3.0
Bonnie And Clyde,Brigitte Bardot,0.0064,0.349,256000.0,0.575,0.242,5.0,0.122,-12.029,1.0,0.0546,97.236,4.0
BooHoo,The Neighbourhood,0.0621,0.696,191120.0,0.838,8.42e-05,5.0,0.0967,-9.299,0.0,0.0361,139.977,4.0
Boogie Wonderland,"Earth, Wind & Fire",0.0843,0.802,288293.0,0.756,0.00765,2.0,0.0521,-10.791,0.0,0.0349,131.715,4.0
"Boom, Boom, Boom, Boom!!",Vengaboys,0.0117,0.801,202583.0,0.948,0.457,11.0,0.025,-4.623,0.0,0.0386,138.489,4.0
Boot Scootin' Boogie,Brooks & Dunn,0.22,0.656,198227.0,0.817,0.0,11.0,0.304,-4.296,0.0,0.0435,130.448,4.0
Borderline,Nico Collins,0.00726,0.416,201027.0,0.721,0.0,6.0,0.077,-4.454,0.0,0.0947,192.094,4.0
Bored,Billie Eilish,0.896,0.614,180933.0,0.318,0.00239,7.0,0.0795,-12.695,1.0,0.0478,119.959,4.0
Bored,Death Angel,0.00012,0.295,208147.0,0.925,0.000377,11.0,0.444,-5.567,0.0,0.136,147.12,4.0
Born In The Slumber,flora cash,0.723,0.619,212840.0,0.332,0.0,1.0,0.131,-8.598,0.0,0.0339,120.008,4.0
Born Survivor,Ewan J Phillips,0.0614,0.415,208104.0,0.505,6.49e-06,4.0,0.138,-7.047,1.0,0.0374,131.551,3.0
Born to Fly,7vvch,0.0885,0.748,172800.0,0.666,0.719,9.0,0.349,-7.024,1.0,0.0594,125.035,4.0
Borrow Your Time,Fly By Midnight,0.254,0.594,209670.0,0.769,0.000189,11.0,0.0941,-6.754,1.0,0.0413,91.031,4.0
Boss Bitch,Doja Cat,0.127,0.707,134240.0,0.955,0.0,10.0,0.202,-4.593,0.0,0.222,125.989,4.0
Boss of The Pirates,Phonku,0.0501,0.684,100398.0,0.865,0.68,6.0,0.421,-3.955,1.0,0.129,110.012,4.0
Boulevard of Broken Dreams,Green Day,0.00552,0.496,262333.0,0.682,2.94e-05,8.0,0.0589,-4.095,1.0,0.0294,167.06,4.0
Bound 2,Kanye West,0.145,0.367,229147.0,0.665,0.0,1.0,0.113,-2.821,1.0,0.0465,148.913,4.0
Boy From School,Hot Chip,0.161,0.631,319653.0,0.863,5.85e-05,8.0,0.0846,-3.963,0.0,0.0297,125.994,4.0
Boy In The Bubble,Alec Benjamin,0.224,0.817,181705.0,0.578,0.00103,11.0,0.251,-7.579,0.0,0.0824,143.982,4.0
Boy With Luv (feat. Halsey),BTS,0.0933,0.645,229773.0,0.862,0.0,11.0,0.193,-4.761,0.0,0.0845,119.947,4.0
Boyfriend,Dove Cameron,0.232,0.345,153000.0,0.612,0.0,7.0,0.194,-6.543,0.0,0.0608,179.773,3.0
Boyfriend,Justin Bieber,0.0358,0.717,171333.0,0.55,0.00196,10.0,0.126,-6.019,0.0,0.0521,96.976,4.0
Boyfriend girlfriend sex call record,Funny Call Recording,,,,,,,,,,,,
Boys Who Kiss You In Their Car,Ber,0.247,0.695,164707.0,0.745,0.000118,11.0,0.102,-9.968,0.0,0.0687,135.88,4.0
Brainless,Eminem,0.186,0.7,286526.0,0.935,0.0,9.0,0.323,-1.449,1.0,0.385,172.092,4.0
Break Her Heart,Maia Wright,0.182,0.782,179833.0,0.589,0.0,3.0,0.0531,-5.262,0.0,0.0351,134.997,4.0
Break My Heart,Dua Lipa,0.167,0.73,221820.0,0.729,1.39e-06,4.0,0.349,-3.434,0.0,0.0884,113.011,4.0
Break My Heart Again,FINNEAS,0.907,0.402,238013.0,0.151,0.0,4.0,0.0941,-14.228,0.0,0.04,144.071,4.0
Break My Heart Right,James Bay,0.962,0.63,204013.0,0.103,1.14e-06,2.0,0.0915,-11.6,1.0,0.0499,113.61,4.0
Breakdown,Xaia,0.0832,0.34,250929.0,0.707,0.0,8.0,0.192,-5.528,1.0,0.0507,140.031,4.0
Breaking Me,Topic,0.223,0.789,166794.0,0.72,0.0,8.0,0.129,-5.652,0.0,0.218,122.031,4.0
Breaking the Habit,Linkin Park,0.108,0.579,196907.0,0.849,0.0,4.0,0.0909,-5.218,0.0,0.0303,100.021,4.0
Breaking the Law,Judas Priest,0.024,0.362,153840.0,0.961,9.35e-06,2.0,0.159,-5.664,1.0,0.0857,164.019,4.0
Breakn' a Sweat,Skrillex,0.0049,0.596,301987.0,0.921,0.00019,11.0,0.536,-2.5,0.0,0.074,139.969,4.0
Breathe,Mako,0.493,0.398,188361.0,0.571,0.0,7.0,0.106,-6.354,0.0,0.0397,152.909,5.0
Breathe,ZABO,0.0622,0.561,199200.0,0.547,0.874,5.0,0.149,-5.345,0.0,0.0825,99.982,4.0
Breathe In,Low Roar,0.871,0.112,454773.0,0.274,0.576,7.0,0.0554,-13.56,1.0,0.033,86.679,3.0
Breathing,Mall Grab,0.00443,0.67,286556.0,0.904,0.813,5.0,0.129,-6.982,0.0,0.0359,135.005,4.0
Breezeblocks,alt-J,0.096,0.615,227080.0,0.658,0.000911,5.0,0.205,-7.299,1.0,0.0343,150.093,4.0
Briggs,Mike Mains & The Branches,0.12,0.617,194737.0,0.517,0.0,10.0,0.13,-8.11,1.0,0.0568,95.508,4.0
Brighter Days,Yasumu,0.715,0.757,129306.0,0.113,0.912,9.0,0.389,-25.791,1.0,0.0834,107.952,3.0
Bring Back the Summer (feat. OLY),Rain Man,0.0691,0.654,200204.0,0.752,1.79e-06,11.0,0.0771,-3.676,0.0,0.0316,98.007,4.0
Bring Me Back,Miles Away,0.164,0.495,219000.0,0.619,2.13e-06,8.0,0.118,-4.774,1.0,0.0317,139.988,4.0
Bring Me Back,Pelikast,0.937,0.518,140964.0,0.0628,0.908,2.0,0.0755,-23.326,1.0,0.0292,109.981,4.0
Bring The Rain,steezy prime,0.964,0.56,135529.0,0.132,0.923,5.0,0.0685,-18.225,1.0,0.0286,85.068,4.0
Brockhampton,BROCKHAMPTON,0.767,0.442,272427.0,0.592,0.0,1.0,0.572,-7.428,1.0,0.0333,94.133,4.0
Broken,Isak Danielson,0.451,0.434,216338.0,0.637,0.0,5.0,0.112,-6.85,0.0,0.0613,141.869,4.0
Broken,Lund,0.0563,0.83,200673.0,0.583,0.0005,0.0,0.109,-2.052,1.0,0.0412,134.0,4.0
Broken (with Lil Skies & Noah Cyrus),Lund,0.163,0.76,207080.0,0.538,7.76e-06,0.0,0.1,-3.54,1.0,0.0345,134.005,4.0
Broken Angel (feat. Helena),Arash,0.232,0.654,191133.0,0.802,1.8e-06,3.0,0.0882,-3.836,0.0,0.0251,111.083,4.0
Broken Belief,Bob Moses,6.72e-05,0.466,250802.0,0.919,0.038,5.0,0.449,-3.2,0.0,0.0516,181.982,4.0
Broken Little Dreamer,the Glass Child,0.945,0.581,130996.0,0.118,0.0,3.0,0.124,-9.49,0.0,0.0521,106.532,4.0
Broken Parts,Mokita,0.0556,0.562,204405.0,0.732,1.24e-05,11.0,0.2,-6.43,1.0,0.0375,141.95,4.0
Broken String,Unlike Pluto,0.673,0.653,186844.0,0.664,0.022,2.0,0.123,-6.15,0.0,0.105,160.065,4.0
Broken Summer,DJ Snake,0.0918,0.683,183779.0,0.415,6.34e-06,10.0,0.149,-10.72,0.0,0.0841,81.006,4.0
Bromance,Chester See,,,,,,,,,,,,
Brooklyn,Emily James,0.766,0.54,170960.0,0.384,0.00021,10.0,0.116,-9.742,1.0,0.0457,180.078,4.0
Brother (feat. Gavin DeGraw),NEEDTOBREATHE,0.135,0.526,208205.0,0.803,0.0,11.0,0.119,-3.989,1.0,0.127,157.887,4.0
Brothers on a Hotel Bed,Death Cab for Cutie,0.517,0.608,271133.0,0.65,0.000689,3.0,0.115,-11.816,1.0,0.0469,158.706,4.0
Brown Munde,AP Dhillon,0.223,0.854,254400.0,0.611,0.0,8.0,0.119,-6.26,0.0,0.0864,100.024,4.0
Brown Rang,Yo Yo Honey Singh,,,,,,,,,,,,
Bryn,Vampire Weekend,0.0508,0.511,133173.0,0.751,0.0251,2.0,0.316,-4.686,1.0,0.0409,179.696,3.0
Bubble,rei brown,0.573,0.699,157297.0,0.537,0.152,1.0,0.131,-6.931,1.0,0.0339,147.98,4.0
Bubble (feat. Uta),Eve,0.0134,0.541,226874.0,0.803,0.0,5.0,0.101,-4.725,1.0,0.033,146.0,4.0
Bubble feat.Uta,Eve,0.0134,0.541,226874.0,0.803,0.0,5.0,0.101,-4.725,1.0,0.033,146.0,4.0
Bubble feat.Uta - TeddyLoid Remix,Eve,0.0219,0.53,203014.0,0.928,0.0,5.0,0.318,-2.859,1.0,0.0613,146.041,4.0
Bubblegum Bitch,MARINA,0.000219,0.495,154667.0,0.856,0.0,0.0,0.103,-5.123,0.0,0.0311,158.024,4.0
Budapest,George Ezra,0.0846,0.717,200733.0,0.455,0.0,5.0,0.11,-8.303,1.0,0.0276,127.812,4.0
Build a Bitch,Bella Poarch,0.217,0.855,122773.0,0.463,1.77e-05,3.0,0.347,-7.454,1.0,0.0367,102.931,4.0
Build a Fire,Young Ejecta,0.000289,0.683,228233.0,0.852,0.517,0.0,0.174,-6.748,1.0,0.0328,105.022,4.0
Buleria,Marco Marin,0.617,0.583,126827.0,0.747,0.00761,4.0,0.0675,-4.969,0.0,0.0562,128.54,3.0
Bulletproof,Neovaii,0.0273,0.527,240923.0,0.728,9.32e-06,11.0,0.11,-3.991,0.0,0.0349,130.032,4.0
Bulleya,Pritam,0.497,0.552,348966.0,0.769,0.0,2.0,0.112,-4.504,0.0,0.0465,86.957,4.0
Bum Bum Tam Tam - Jonas Blue Remix,MC Fioti,0.0911,0.785,186149.0,0.84,0.000316,10.0,0.077,-5.574,0.0,0.0576,125.052,4.0
Bundles (feat. Taylor Girlz),Kayla Nicole,0.00152,0.939,154806.0,0.682,0.0,11.0,0.0552,-5.931,1.0,0.306,130.022,4.0
Burden,Kyle Dybdal,0.948,0.425,243438.0,0.119,3.54e-06,2.0,0.0885,-19.198,1.0,0.0353,140.15,4.0
Burden,Subtact,0.72,0.55,225000.0,0.285,0.516,7.0,0.0986,-16.903,1.0,0.0343,89.968,4.0
Bure Bure and Boro Boro,Robert Uhlmarash,0.345,0.689,186933.0,0.868,0.000409,10.0,0.204,-7.156,0.0,0.0415,94.987,4.0
Burial - Skrillex & Trollphace Remix,Yogi,0.0746,0.738,208000.0,0.988,1.31e-05,9.0,0.46,-1.319,0.0,0.327,150.015,4.0
Buriki,RADWIMPS,0.436,0.627,316413.0,0.655,3.33e-06,11.0,0.122,-6.632,1.0,0.0515,155.936,4.0
Burn,Ellie Goulding,0.315,0.555,231213.0,0.772,0.0,1.0,0.105,-5.007,1.0,0.0523,86.921,4.0
Burn It to the Ground,Nickelback,0.000247,0.617,212347.0,0.922,0.388,11.0,0.363,-3.474,1.0,0.0744,132.059,4.0
Burn Out,The Cinematic Orchestra,0.393,0.382,613747.0,0.447,0.847,1.0,0.0848,-12.387,1.0,0.028,114.489,4.0
Burn You,Alexis Donn,0.561,0.825,176297.0,0.275,0.0,11.0,0.203,-8.097,0.0,0.0547,129.982,4.0
Burnin,Petit Biscuit,0.044,0.846,175893.0,0.554,0.000367,8.0,0.0797,-8.753,0.0,0.0559,113.968,4.0
Burning Bridges,Sigrid,0.000949,0.597,172310.0,0.713,2.64e-05,3.0,0.11,-5.35,0.0,0.0329,117.001,4.0
Burning House,Nico Collins,0.051,0.452,192261.0,0.84,0.0,8.0,0.0534,-4.667,0.0,0.0525,89.904,4.0
Burning in the Skies,Linkin Park,0.0417,0.607,253160.0,0.891,0.00521,9.0,0.314,-4.56,0.0,0.0387,120.012,3.0
But Cha (feat. Josh Golden),KYLE,0.325,0.427,140361.0,0.694,0.000552,1.0,0.114,-4.981,1.0,0.0645,171.129,4.0
Butterflies,Abe Parker,0.62,0.485,183938.0,0.484,0.0,3.0,0.114,-7.036,1.0,0.0617,159.877,3.0
Butterflies,MAX,0.385,0.7,191250.0,0.613,0.0,11.0,0.0887,-4.041,1.0,0.0408,88.084,4.0
Butterflies and Hurricanes,Muse,0.31,0.42,301733.0,0.691,0.0427,9.0,0.109,-8.56,1.0,0.0501,115.326,4.0
Butterfly,J.UNA,0.451,0.775,194147.0,0.759,0.0,8.0,0.108,-4.325,1.0,0.0873,126.054,4.0
Butterfly,Jason Mraz,0.146,0.718,299067.0,0.658,0.0,10.0,0.202,-7.207,0.0,0.0664,108.103,4.0
Butterfly Lullaby,Tenno,0.822,0.566,176418.0,0.375,0.826,7.0,0.239,-14.698,0.0,0.0382,134.048,4.0
By And By,Michael Benjamin,0.97,0.281,221267.0,0.056,3.63e-06,4.0,0.0954,-17.792,1.0,0.038,86.712,4.0
By My Side,Lund,0.29,0.73,229412.0,0.355,0.0072,0.0,0.11,-10.941,1.0,0.0345,135.99,4.0
By My Side,smle,0.0657,0.739,152307.0,0.525,0.0885,1.0,0.112,-7.642,1.0,0.141,84.654,4.0
By Your Side,Marin Hoxha,0.322,0.316,184800.0,0.651,4.66e-05,0.0,0.102,-5.964,1.0,0.0457,99.578,4.0
By_Myslf (Josh Abraham and Mike Shinoda Reanimation),Linkin Park,0.000636,0.552,222440.0,0.965,0.0924,8.0,0.119,-4.873,0.0,0.102,103.212,4.0
Byakuya,Kato,0.995,0.627,46737.0,0.0215,0.92,11.0,0.141,-25.243,0.0,0.0969,111.461,4.0
Byakuya Piano,Kato,0.995,0.627,46737.0,0.0215,0.92,11.0,0.141,-25.243,0.0,0.0969,111.461,4.0
Bye.,Mia Smith,0.992,0.417,199114.0,0.0529,0.0,7.0,0.129,-18.221,0.0,0.0411,71.82,3.0
Byouka,Eve,0.819,0.478,244377.0,0.293,0.00135,3.0,0.0811,-9.243,1.0,0.0286,72.083,4.0
C o p i n e s - Slowed,DJ Pho,0.775,0.726,175804.0,0.466,0.834,4.0,0.153,-10.707,0.0,0.163,171.204,4.0
"C.O.N.F.O.R.M. (feat. Gift of Gab, Lateef the Truth Speaker, Infamous Taz)",DJ Shadow,0.181,0.684,171533.0,0.978,0.000151,6.0,0.135,-5.446,0.0,0.136,95.977,4.0
"C.R.E.A.M. (Cash Rules Everything Around Me) (feat. Method Man, Raekwon, Inspectah Deck & Buddha Monk)",Wu-Tang Clan,0.57,0.479,252187.0,0.549,0.0235,11.0,0.127,-10.551,0.0,0.373,180.985,4.0
CARDIBDRUGGEDME!,Sad Frosty,0.156,0.696,88889.0,0.859,0.0,1.0,0.0249,-3.822,1.0,0.23,134.932,4.0
CASTLE OF GLASS,Linkin Park,0.0686,0.615,205400.0,0.911,0.00188,1.0,0.0908,-3.584,0.0,0.0278,108.0,4.0
CHANGES,blackbear,0.104,0.813,154225.0,0.295,0.0,5.0,0.095,-8.343,1.0,0.0482,100.009,4.0
CHARGER (ft. Charli XCX),ELIO,0.171,0.804,147368.0,0.593,0.063,1.0,0.115,-10.459,1.0,0.045,114.04,4.0
CHICKEN TENDIES,Clinton Kane,0.358,0.57,196844.0,0.689,0.0,7.0,0.0819,-6.242,1.0,0.147,100.087,4.0
CLOUT COBAIN | CLOUT CO13A1N,Denzel Curry,0.591,0.794,231333.0,0.448,0.0,10.0,0.109,-4.771,0.0,0.0539,120.055,4.0
COFFIN,PLVTINUM,0.0831,0.752,102353.0,0.883,9.93e-05,6.0,0.206,-5.586,1.0,0.26,152.998,4.0
COFFIN (feat. Eminem),Jessie Reyez,0.354,0.585,261773.0,0.594,5.36e-05,9.0,0.0921,-5.342,1.0,0.332,184.013,3.0
COURAGE,SHADXWBXRN,0.00414,0.732,129032.0,0.994,0.38,7.0,0.0851,-4.159,1.0,0.351,186.026,4.0
COWBELL WARRIOR!,Sxmpra,0.0287,0.747,149461.0,0.801,2.97e-05,2.0,0.441,-5.826,1.0,0.334,167.077,4.0
CRIMINAL MANE,PRXSXNT FXTURE,0.34,0.806,153277.0,0.658,0.772,5.0,0.0777,-9.017,0.0,0.0505,118.998,4.0
CURSED,MoonDeity,0.339,0.688,155542.0,0.708,0.909,0.0,0.584,-4.961,1.0,0.246,123.921,4.0
CWJBHN,Jake Scott,0.27,0.745,193113.0,0.437,0.0,10.0,0.336,-10.64,1.0,0.0533,109.967,4.0
Cactus,Teleman,0.0144,0.661,293142.0,0.828,0.3,6.0,0.228,-8.772,0.0,0.0316,124.003,4.0
Cafe at last,RADWIMPS,0.434,0.638,92227.0,0.576,0.0344,7.0,0.128,-7.185,1.0,0.0357,177.07,4.0
Cake,88GLAM,0.372,0.775,211862.0,0.539,8.11e-06,5.0,0.225,-4.303,1.0,0.0881,144.966,4.0
Calcium,Ecco2k,0.869,0.568,224643.0,0.455,0.000861,2.0,0.112,-11.299,0.0,0.174,154.92,4.0
California,Stephen,0.64,0.235,235200.0,0.592,0.0223,4.0,0.112,-6.487,0.0,0.0779,78.536,4.0
California English Pt. 2,Vampire Weekend,0.57,0.688,176907.0,0.407,0.000918,0.0,0.0958,-8.212,1.0,0.0725,78.083,4.0
California Love - Original Version,2Pac,0.0304,0.763,284907.0,0.85,1.21e-06,7.0,0.371,-3.052,1.0,0.0417,91.519,4.0
Call Me If You Need Me,Cloe Wilder,0.804,0.549,196000.0,0.461,0.634,6.0,0.17,-9.612,1.0,0.0406,120.009,4.0
Call Out My Name,The Weeknd,0.17,0.461,228373.0,0.593,0.0,1.0,0.307,-4.954,1.0,0.0356,134.17,3.0
Call You Mine,The Chainsmokers,0.204,0.585,217640.0,0.696,0.0,4.0,0.344,-5.6,0.0,0.0307,104.01,4.0
Call Your Name,Hiroyuki Sawano,0.0145,0.567,268333.0,0.3,0.0,11.0,0.0687,-8.421,0.0,0.0291,141.819,4.0
Call of Silence,Hiroyuki Sawano,0.642,0.504,178213.0,0.38,0.857,6.0,0.0697,-11.826,0.0,0.037,123.911,4.0
Calling On Me,Sean Paul,0.016,0.623,218557.0,0.891,0.0,7.0,0.329,-4.419,0.0,0.0653,99.987,4.0
Campus,Vampire Weekend,0.22,0.639,176467.0,0.704,0.0872,7.0,0.0849,-5.818,1.0,0.0659,162.983,4.0
Can I,Drake,0.484,0.643,189289.0,0.178,0.0108,4.0,0.122,-8.56,0.0,0.0588,85.042,4.0
Can I Be Him,James Arthur,0.308,0.696,246880.0,0.543,0.0,11.0,0.0939,-6.164,1.0,0.0489,107.969,4.0
Can I Have This Dance,High School Musical Cast,0.203,0.555,243773.0,0.619,0.0,0.0,0.265,-5.246,1.0,0.0296,136.069,3.0
Can We Kiss Forever?,Kina,0.894,0.522,187932.0,0.128,0.026,4.0,0.0941,-18.717,1.0,0.0357,109.986,4.0
Can't Feel My Face,The Weeknd,,,,,,,,,,,,
Can't Hear You Now,Mike Shinoda,,,,,,,,,,,,
Can't Help Falling In Love - DARK,Tommee Profitt,,,,,,,,,,,,
Can't Hurt Me,Haiden,,,,,,,,,,,,
Can't Let Go,"Earth, Wind & Fire",,,,,,,,,,,,
Can't Let You Go,Ali Gatie,,,,,,,,,,,,
Can't Love Myself,Monty Datta,,,,,,,,,,,,
Can't Tell Yah,Laai,,,,,,,,,,,,
Canada (feat. Alessia Cara),Lauv,0.623,0.628,184009.0,0.264,0.0,9.0,0.146,-12.783,1.0,0.0405,93.252,4.0
Cancer,Twenty One Pilots,0.281,0.652,236827.0,0.295,1.03e-05,2.0,0.0809,-11.045,1.0,0.0477,75.065,4.0
Candy,Cameo,0.119,0.705,339933.0,0.709,1.69e-05,11.0,0.286,-12.649,0.0,0.0489,110.522,4.0
Cane Shuga,Glass Animals,0.536,0.796,196570.0,0.794,0.29,5.0,0.0896,-5.661,0.0,0.0386,136.055,4.0
Canon in D,Bethoveen Complete Works,0.992,0.484,240744.0,0.0156,0.888,0.0,0.121,-29.753,1.0,0.0615,116.312,4.0
Canon in D,Bethoven Masterpieces,0.989,0.448,222912.0,0.0416,0.869,7.0,0.0994,-28.491,0.0,0.04,127.636,4.0
Canon in D,Johann Pachelbel,0.744,0.128,301587.0,0.132,0.942,2.0,0.107,-17.67,1.0,0.0353,85.314,4.0
"Canon in D Major, P.37",Johann Pachelbel,0.988,0.407,288853.0,0.122,0.942,2.0,0.113,-17.925,1.0,0.0427,105.484,4.0
Canon in F,Wolfgang Amadeus Mozart,0.995,0.479,58307.0,0.175,0.842,3.0,0.0898,-18.366,1.0,0.0663,161.126,4.0
"Canon in G Major, Hess 274",Ludwig van Beethoven,0.995,0.7,34667.0,0.141,0.908,4.0,0.118,-30.099,0.0,0.067,106.225,4.0
Can′t Slow Me Down,Mirani,0.0788,0.83,138960.0,0.832,0.0,1.0,0.0594,-4.494,1.0,0.0788,121.968,4.0
Cape Cod Kwassa Kwassa,Vampire Weekend,0.843,0.853,214707.0,0.515,0.0652,2.0,0.127,-7.134,1.0,0.0418,104.998,4.0
Capo (Slowed + Reverb),Toby,,,,,,,,,,,,
Careless Whisper,George Michael,0.13,0.574,300107.0,0.628,0.0,2.0,0.271,-8.815,0.0,0.036,153.119,4.0
Carmen Suite No. 2 (Arr. E. Guiraud): II. Habanera,Georges Bizet,0.962,0.35,126107.0,0.00493,0.315,2.0,0.101,-33.292,1.0,0.0418,126.841,4.0
"Carmen, Opera Suite No. 2: II. Habanera (Act 1)",London Festival Orchestra Alfred Scholz,0.941,0.612,131893.0,0.00578,7.85e-05,2.0,0.169,-26.941,1.0,0.0437,123.072,4.0
Carnival of Rust,Poets of the Fall,0.225,0.492,262947.0,0.59,2.79e-05,5.0,0.0973,-4.593,0.0,0.0239,91.018,4.0
Carol Of The Bells,The Christmas Brothers,0.989,0.486,188906.0,0.0938,0.919,9.0,0.0742,-21.835,0.0,0.0548,64.811,3.0
Caroline,Boy In Space,0.0548,0.604,158571.0,0.636,0.0,1.0,0.161,-7.024,0.0,0.0362,140.076,3.0
Caroline,Briston Maroney,0.726,0.506,205049.0,0.456,3.74e-05,7.0,0.11,-10.635,1.0,0.0479,149.6,4.0
Carried Away (Love To Love) (with Madison Beer),Surf Mesa,0.346,0.518,182654.0,0.683,0.0,1.0,0.311,-5.295,1.0,0.0364,141.971,4.0
Carry Us,LP Giobbi,0.0177,0.728,238265.0,0.947,0.00254,0.0,0.0987,-4.22,0.0,0.0828,125.874,4.0
Casanova,Blake Rose,0.0249,0.573,181043.0,0.755,1.08e-05,11.0,0.209,-6.472,1.0,0.246,154.719,4.0
Casey,Ori Rose,0.102,0.709,183000.0,0.568,0.0,2.0,0.153,-7.259,1.0,0.0393,120.033,4.0
Castle,Clarx,0.0826,0.672,158182.0,0.759,0.00225,8.0,0.19,-7.761,1.0,0.0266,110.005,4.0
Castle in the Sky,Adon,0.00618,0.75,171130.0,0.825,0.00048,8.0,0.122,-5.609,1.0,0.0286,114.969,4.0
Castle on the Hill,Ed Sheeran,0.0232,0.461,261154.0,0.834,1.14e-05,2.0,0.14,-4.868,1.0,0.0989,135.007,4.0
Catharsis,Aether,0.709,0.715,245613.0,0.218,0.925,0.0,0.082,-17.547,0.0,0.0396,109.992,4.0
Caught in the Strange,Racing Glaciers,0.657,0.414,205403.0,0.181,0.896,7.0,0.102,-15.892,0.0,0.0309,137.046,4.0
Cavalleria Rusticana: Intermezzo Sinfonico,André Rieu,0.895,0.087,207093.0,0.299,0.88,5.0,0.271,-13.295,1.0,0.0392,68.83,5.0
"Cavatina - From ""The Deer Hunter""",André Rieu,0.772,0.0641,252133.0,0.23,0.97,3.0,0.105,-15.421,1.0,0.0361,66.71,3.0
Celestial,Ed Sheeran,0.0529,0.574,209027.0,0.852,0.0,2.0,0.161,-1.248,1.0,0.0397,123.038,4.0
"Cello Suite No. 1 in G Major, BWV 1007: I. Prélude",Johann Sebastian Bach,0.9,0.257,151480.0,0.109,0.867,7.0,0.0762,-21.356,1.0,0.0597,75.02,4.0
Cellophane,Ella Vos,0.0884,0.693,165000.0,0.481,0.000102,1.0,0.144,-9.169,1.0,0.0534,119.933,4.0
Cellphone,Score,0.191,0.667,204940.0,0.507,0.0,11.0,0.0967,-9.068,0.0,0.066,165.989,4.0
Chaand Baaliyan,Aditya A,0.796,0.729,103265.0,0.396,0.0,0.0,0.104,-8.98,1.0,0.0359,97.281,4.0
"Chaar Botal Vodka (From ""Ragini Mms 2"")",Yo Yo Honey Singh,,,,,,,,,,,,
Chaar Kadam,Shaan,0.456,0.388,242668.0,0.532,0.0,8.0,0.167,-6.352,1.0,0.0414,179.642,3.0
"Chaiyya Chaiyya (From ""Dil Se"")",Sukhwinder Singh,,,,,,,,,,,,
Chaka Chak,A.R. Rahman,0.064,0.816,269781.0,0.747,1.07e-05,10.0,0.0806,-6.86,0.0,0.206,82.019,4.0
"Chaka Chak (From ""Atrangi Re"")",A.R. Rahman,,,,,,,,,,,,
Chala Jata Hoon,Kishore Kumar,0.911,0.544,269552.0,0.467,3.01e-06,4.0,0.446,-7.403,1.0,0.032,107.688,4.0
Chalte Chalte,Jatin-Lalit,0.393,0.639,458815.0,0.531,7.61e-06,11.0,0.285,-14.632,0.0,0.0407,97.074,4.0
Chammak Challo,Akon,0.0696,0.742,227091.0,0.879,7.17e-06,0.0,0.0981,-4.274,0.0,0.0328,133.946,4.0
Chances,AP Dhillon,0.195,0.621,172235.0,0.705,4.19e-06,6.0,0.292,-5.604,0.0,0.222,85.036,4.0
Chand Sifarish,Jatin-Lalit,0.242,0.829,275931.0,0.665,1.75e-05,2.0,0.123,-8.128,1.0,0.0868,122.043,4.0
Change,NF,0.438,0.784,234074.0,0.753,0.0,6.0,0.167,-4.099,0.0,0.213,116.959,4.0
Change My Clothes,Dream,0.563,0.597,186359.0,0.595,2.06e-06,9.0,0.291,-7.328,1.0,0.226,169.81,4.0
Change The Paradigm,Austra,0.00683,0.633,220551.0,0.682,0.201,1.0,0.102,-10.343,1.0,0.0295,131.008,4.0
Changed the Way You Kissed Me,Player1,0.181,0.635,153000.0,0.764,7.63e-06,4.0,0.372,-5.247,0.0,0.173,140.015,4.0
Changes,Hayd,0.941,0.624,214815.0,0.115,3.47e-05,6.0,0.11,-17.139,1.0,0.0446,120.198,4.0
Changes,redpillow,0.481,0.74,123346.0,0.377,0.00437,8.0,0.18,-9.716,0.0,0.0446,130.097,4.0
Channel 43 - Radio Edit,deadmau5,0.00487,0.641,184687.0,0.773,0.804,1.0,0.1,-5.251,1.0,0.058,128.031,4.0
Channel Orange In Your Living Room,Charlie Burg,0.518,0.698,158373.0,0.604,0.0,11.0,0.07,-6.489,1.0,0.0494,118.692,4.0
Chasing Fire,Lauv,0.0449,0.708,205267.0,0.562,0.0,5.0,0.216,-4.864,1.0,0.0725,125.963,4.0
Chasing Parties,Sasha Alex Sloan,0.72,0.584,162248.0,0.261,1.1e-06,11.0,0.126,-12.317,1.0,0.0486,180.149,4.0
Chasing Stars (feat. James Bay),Alesso,0.0169,0.594,170457.0,0.64,0.0,10.0,0.135,-6.865,1.0,0.033,92.871,4.0
Chasing Stars (feat. James Bay) [VIP Mix],Alesso,0.0298,0.728,169180.0,0.78,0.00758,7.0,0.126,-6.923,0.0,0.09,121.991,4.0
Chat Deni Maar Deli,MANOJ TIWARI,0.175,0.771,362093.0,0.711,0.0,7.0,0.264,-11.795,1.0,0.0673,126.975,4.0
Cheap Thrills (feat. Sean Paul),Sia,0.0599,0.592,224493.0,0.788,2.54e-06,6.0,0.125,-4.924,0.0,0.201,89.949,4.0
Cheating on You,Charlie Puth,0.0131,0.749,196607.0,0.535,3.65e-05,4.0,0.0982,-6.785,1.0,0.0336,123.042,4.0
Check It Out,Oh The Larceny,0.017,0.645,161500.0,0.945,0.00122,5.0,0.318,-3.516,0.0,0.0862,120.029,4.0
Chedkhaniyaan,Shankar-Ehsaan-Loy,0.216,0.771,198261.0,0.659,0.0,7.0,0.102,-6.1,1.0,0.0674,92.008,4.0
Cheerleader,OMI,0.141,0.78,180560.0,0.68,1.2e-05,4.0,0.138,-6.081,1.0,0.0305,118.026,4.0
Cheerleader - Felix Jaehn Remix Radio Edit,OMI,0.141,0.78,180560.0,0.68,1.2e-05,4.0,0.138,-6.081,1.0,0.0305,118.026,4.0
Cheliya,KK,0.262,0.574,319725.0,0.911,0.0,11.0,0.366,-6.709,0.0,0.0888,135.494,4.0
Chemistry,Lund,0.303,0.371,213651.0,0.729,0.000112,2.0,0.071,-4.915,1.0,0.0371,111.933,4.0
Cherry,Chromatics,0.0336,0.655,271952.0,0.782,0.228,7.0,0.175,-6.388,0.0,0.0355,108.245,4.0
Cherry Blossom,Tosama Beats,0.735,0.695,149610.0,0.333,0.826,2.0,0.0893,-13.224,1.0,0.0305,77.006,4.0
Cherry Flavoured,The Neighbourhood,0.23,0.617,208453.0,0.574,0.0105,6.0,0.0983,-9.768,1.0,0.0276,91.769,4.0
Chicken,Your Neighbors,0.0303,0.572,207849.0,0.759,0.0,10.0,0.56,-8.19,0.0,0.0583,93.025,4.0
Chicken Soup,Skrillex,0.00129,0.823,207293.0,0.815,0.0494,11.0,0.599,-3.947,1.0,0.134,125.989,4.0
Chidiya Chidiya,Uttam Singh,0.883,0.906,173149.0,0.365,0.0,5.0,0.0554,-13.7,1.0,0.0721,126.073,4.0
Child Of The Devil,Timmy Trumpet,0.103,0.721,142663.0,0.777,0.0,1.0,0.0482,-3.303,1.0,0.0418,155.011,3.0
Childhood Memories,Corey J. Beats,0.949,0.502,177021.0,0.0687,0.92,0.0,0.0986,-22.779,1.0,0.0317,119.97,4.0
Chill Calling,Fatboibari,0.142,0.521,99474.0,0.27,0.0,8.0,0.334,-17.214,1.0,0.34,103.144,1.0
Chills,Mickey Valen,0.0632,0.371,136483.0,0.821,0.00429,11.0,0.136,-4.371,0.0,0.0944,90.405,4.0
Chimes,Khutko,0.937,0.644,137561.0,0.182,0.825,9.0,0.0864,-19.706,0.0,0.0457,81.959,4.0
Chip Chrome,The Neighbourhood,0.961,0.205,31045.0,0.739,0.937,6.0,0.339,-13.072,1.0,0.0546,79.988,4.0
Chitta,Manan Bhardwaj,0.706,0.412,228189.0,0.494,0.0,6.0,0.0772,-9.282,1.0,0.0536,169.93,4.0
Chitta Kurta,Karan Aujla,0.2,0.834,217260.0,0.738,0.0,8.0,0.0797,-6.904,0.0,0.199,89.99,4.0
Chittiyaan Kalaiyaan,Meet Bros Anjjan,0.0962,0.793,246100.0,0.887,6.39e-05,7.0,0.623,-5.285,1.0,0.0954,100.007,4.0
Chlorine,Twenty One Pilots,0.0735,0.609,324467.0,0.674,0.06,10.0,0.345,-7.388,0.0,0.0548,90.009,4.0
"Chogada (From ""Loveyatri"")",Darshan Raval,,,,,,,,,,,,
Choo Lo,The Local Train,0.0265,0.512,233630.0,0.695,0.00815,4.0,0.146,-6.349,1.0,0.0271,145.957,4.0
Chop Suey!,System Of A Down,0.000278,0.417,210240.0,0.934,0.0015,7.0,0.132,-3.908,0.0,0.119,127.066,4.0
"Chopin: Piano Sonata No. 2 in B-Flat Minor, Op. 35 ""Funeral March"": III. Marche funèbre. Lento",Frédéric Chopin,,,,,,,,,,,,
Chori Chori Chupke Chupke,Udit Narayan,0.184,0.679,373133.0,0.534,1.47e-06,6.0,0.318,-9.398,0.0,0.0762,158.809,3.0
Chori Kiya Re Jiya,Sonu Nigam,0.475,0.507,286720.0,0.585,0.0,9.0,0.317,-5.367,1.0,0.0288,132.741,4.0
Chosen One,Valley Of Wolves,0.149,0.63,237958.0,0.747,4.77e-05,2.0,0.0931,-2.971,1.0,0.0483,81.984,4.0
Chura Liya Hai Tumne Jo Dil Ko,Asha Bhosle,0.857,0.559,287840.0,0.318,1.88e-06,9.0,0.11,-11.106,0.0,0.0317,80.242,4.0
Cinema,Arcando,0.0395,0.534,202000.0,0.851,0.000527,6.0,0.152,-5.825,0.0,0.0569,150.046,4.0
Cinema - Skrillex Remix,Benny Benassi,0.00988,0.637,307862.0,0.985,0.00857,6.0,0.0649,-3.809,0.0,0.184,145.111,4.0
Circa 2013,Jaden,0.748,0.472,129000.0,0.373,0.00346,0.0,0.317,-10.781,0.0,0.029,82.007,4.0
City,DBMK,0.851,0.437,166542.0,0.243,1.62e-06,7.0,0.112,-10.577,1.0,0.0281,144.164,4.0
City Lights,Connor Price,0.101,0.895,135333.0,0.283,0.000157,3.0,0.1,-8.387,1.0,0.101,94.023,4.0
City Of Stars,Ryan Gosling,0.899,0.492,149707.0,0.116,1.93e-06,2.0,0.0889,-15.15,0.0,0.0379,111.787,4.0
City Talks,Syd Matters,0.801,0.435,133227.0,0.196,0.194,3.0,0.36,-14.145,1.0,0.0297,144.73,4.0
Clap Your Hands (feat. Ava Max),Le Youth,0.00507,0.788,201579.0,0.824,0.00752,11.0,0.183,-4.85,0.0,0.0761,111.988,4.0
Classic,MKTO,0.0384,0.72,175427.0,0.791,0.0,1.0,0.157,-4.689,1.0,0.124,102.071,4.0
Claude's Girl,Marika Hackman,0.962,0.444,158423.0,0.0629,0.0069,7.0,0.097,-20.499,0.0,0.035,141.325,3.0
Clear Eyes,Mokita,0.857,0.605,175266.0,0.251,5.43e-05,0.0,0.113,-15.06,1.0,0.0437,139.585,4.0
Cleopatra,The Lumineers,0.228,0.536,201413.0,0.775,0.000143,8.0,0.0947,-6.765,1.0,0.0394,151.393,4.0
Climb Inside Your Mind,Blond in Car,0.0376,0.596,230516.0,0.543,2.35e-06,1.0,0.0834,-7.996,0.0,0.028,100.019,4.0
Clique,Kanye West,0.0534,0.66,293613.0,0.539,0.0,9.0,0.222,-5.947,0.0,0.324,109.318,5.0
Close Eyes,DVRST,0.0748,0.784,132346.0,0.572,0.843,0.0,0.139,-9.853,1.0,0.0573,96.181,4.0
Close Your Eyes,Felix Jaehn,0.0743,0.844,159963.0,0.818,1.28e-05,2.0,0.112,-3.727,1.0,0.2,128.094,4.0
Close to Me,Laica,0.386,0.642,211746.0,0.489,0.0,7.0,0.11,-6.534,1.0,0.0335,116.851,3.0
Close to You (feat. PollyAnna),Steve Aoki,0.0167,0.572,190400.0,0.904,0.00252,0.0,0.31,-3.814,1.0,0.042,150.086,4.0
Closer,Lemaitre,0.0012,0.583,270589.0,0.785,0.0127,2.0,0.124,-3.991,0.0,0.0337,91.977,4.0
Closer Than You,William Black,0.098,0.501,219200.0,0.505,0.0,10.0,0.112,-6.428,1.0,0.0284,149.916,4.0
Closure,Hayd,0.967,0.692,196277.0,0.107,0.0,2.0,0.302,-16.182,1.0,0.0463,123.999,4.0
Closure (feat. BIRDY and Mishaal),Sarcastic Sounds,0.673,0.633,183987.0,0.549,0.0,1.0,0.0677,-7.226,1.0,0.219,154.0,4.0
Clouds,Before You Exit,0.922,0.391,271846.0,0.175,2.47e-06,6.0,0.0896,-13.881,1.0,0.0353,78.805,3.0
Clouds,Kayba,0.869,0.636,133333.0,0.0581,0.925,5.0,0.125,-17.576,1.0,0.0402,72.096,4.0
Cloyster,HM Surf,0.94,0.593,114601.0,0.162,0.849,10.0,0.0823,-21.771,1.0,0.0391,169.976,4.0
Club Can't Handle Me,Flo Rida,0.0283,0.616,234560.0,0.869,0.0,0.0,0.064,-3.911,1.0,0.0327,127.966,4.0
Coast (feat. Anderson .Paak),Hailee Steinfeld,0.0262,0.701,166720.0,0.875,7.32e-06,11.0,0.137,-4.1,1.0,0.0757,111.976,4.0
Coco,pewdiepie,0.45,0.852,205144.0,0.783,0.0,0.0,0.134,-4.241,1.0,0.361,142.066,4.0
Coffee,fishkid,0.699,0.527,137143.0,0.308,0.0021,6.0,0.162,-11.848,1.0,0.0359,69.88,4.0
Coffee Breath,Sofia Mills,0.974,0.866,163902.0,0.211,0.0,11.0,0.0987,-12.676,0.0,0.0404,101.295,4.0
Coffee Cups and Cigarettes,Tomo,0.995,0.459,207598.0,0.063,0.803,8.0,0.108,-14.446,1.0,0.0366,131.704,4.0
Coffin Dance GTA SA,Flyingkitty,0.0448,0.462,90928.0,0.955,0.0,4.0,0.131,-3.906,1.0,0.368,97.456,4.0
Coke & Mentos,salem ilese,0.671,0.605,127826.0,0.663,0.0108,7.0,0.159,-5.396,1.0,0.168,183.361,4.0
Cold,Boy In Space,0.184,0.711,203538.0,0.412,0.0,9.0,0.0546,-6.827,1.0,0.0445,130.013,4.0
Cold,Delto,0.0135,0.714,81951.0,0.523,0.00167,4.0,0.117,-8.489,0.0,0.0545,102.484,4.0
Cold,NEFFEX,0.0664,0.786,186240.0,0.643,1.26e-06,8.0,0.0985,-8.851,1.0,0.0877,125.06,4.0
Cold Bones,Lund,0.467,0.515,203894.0,0.273,0.881,8.0,0.414,-13.575,1.0,0.033,113.076,4.0
Cold Hearted,Seven Lions,0.000521,0.436,272951.0,0.938,0.00907,2.0,0.344,-3.534,1.0,0.0917,149.993,4.0
Cold Skin - INTERCOM Remix,Seven Lions,0.0194,0.42,288024.0,0.641,0.00012,7.0,0.166,-5.11,0.0,0.0474,75.229,4.0
Cold Sweat,Axel Mansoor,0.455,0.732,151974.0,0.34,0.0,0.0,0.212,-9.769,1.0,0.376,145.02,4.0
Cold Water,Major Lazer,0.0736,0.608,185360.0,0.798,0.0,6.0,0.156,-5.092,0.0,0.0432,92.943,4.0
Collide,ryscu,0.0338,0.439,248630.0,0.736,0.0,11.0,0.333,-3.941,0.0,0.0365,146.054,4.0
Color,Grant,0.0535,0.659,213818.0,0.672,3.37e-05,4.0,0.0941,-7.56,0.0,0.0975,110.04,4.0
Color Perfume,Gabriel Senanes,0.959,0.286,165959.0,0.292,0.868,2.0,0.079,-8.11,0.0,0.028,67.576,4.0
Color Perfume,Nicki Gee,0.0961,0.705,266074.0,0.579,7.59e-06,9.0,0.102,-9.639,0.0,0.035,148.017,4.0
"Color Perfume - From ""Hori-san to Miyamura-kun""",Animaddicted,0.961,0.522,133000.0,0.216,0.878,2.0,0.149,-23.121,0.0,0.0612,200.074,4.0
"Color Perfume - Iro Kousui (From ""Horimiya"") - FULL English Cover",We.B,,,,,,,,,,,,
Colorful Mist,Kato,0.995,0.603,49910.0,0.0573,0.941,0.0,0.111,-29.724,0.0,0.0549,63.017,3.0
Colorful Mist Piano,Kato,0.995,0.603,49910.0,0.0573,0.941,0.0,0.111,-29.724,0.0,0.0549,63.017,3.0
Colors,Beck,0.00106,0.656,261742.0,0.871,0.0233,11.0,0.0828,-4.548,1.0,0.071,119.997,4.0
Come & Go (with Marshmello),Juice WRLD,0.0172,0.625,205485.0,0.814,0.0,0.0,0.158,-5.181,1.0,0.0657,144.991,4.0
Come Alive,Hugh Jackman,0.00558,0.702,225933.0,0.77,0.000802,7.0,0.211,-9.411,1.0,0.128,118.034,4.0
Come As You Are,Nirvana,0.00016,0.5,218920.0,0.824,0.00161,4.0,0.0916,-5.846,0.0,0.0388,120.125,4.0
"Come Back Home - From ""Purple Hearts""",Sofia Carson,0.236,0.563,176859.0,0.532,9.75e-06,7.0,0.122,-7.726,1.0,0.0416,145.001,4.0
Come Clarity,In Flames,0.000965,0.361,255653.0,0.929,0.184,10.0,0.131,-4.573,0.0,0.129,149.877,4.0
Come Here and Leave Me Alone,Alexander 23,0.767,0.691,186130.0,0.388,0.00337,1.0,0.0996,-12.401,0.0,0.0537,117.001,4.0
Come With Me,Surfaces,0.16,0.876,209732.0,0.565,0.0284,11.0,0.114,-6.569,0.0,0.0333,111.936,4.0
Come and Get Your Love - Single Version,Redbone,0.172,0.731,205933.0,0.804,0.00028,11.0,0.0685,-7.621,0.0,0.0473,107.383,4.0
Come to Your Senses,Alexandra Shipp,0.431,0.393,267847.0,0.444,0.0,10.0,0.175,-5.745,1.0,0.0289,98.523,4.0
Comeback Kid,Sharon Van Etten,0.000329,0.543,182333.0,0.928,0.567,0.0,0.0328,-5.206,1.0,0.0755,120.102,4.0
Comfortable,Lauv,0.761,0.605,165102.0,0.554,0.0,9.0,0.0903,-5.629,0.0,0.0948,73.457,4.0
Comment te dire adieu - Remasterisé en 2016,Françoise Hardy,0.435,0.711,148507.0,0.586,6.48e-06,10.0,0.15,-9.78,0.0,0.0514,124.058,4.0
Commissary,Clever,0.394,0.707,219730.0,0.393,0.0,9.0,0.102,-8.373,1.0,0.0368,130.048,4.0
Company,Mark Ambor,0.759,0.663,169080.0,0.595,0.000404,6.0,0.109,-6.774,1.0,0.0346,124.022,4.0
Compass,The Neighbourhood,0.238,0.7,167960.0,0.82,0.318,5.0,0.658,-5.499,0.0,0.0329,109.998,4.0
Complicated (feat. Kiiara),Dimitri Vegas & Like Mike,0.191,0.678,184248.0,0.819,0.0,8.0,0.159,-3.306,1.0,0.0313,90.004,4.0
Computer Crash,Lui Joseph,0.174,0.782,169509.0,0.52,0.0,7.0,0.0747,-9.338,0.0,0.171,113.958,4.0
Con Calma,Daddy Yankee,0.11,0.737,193227.0,0.86,1.94e-06,8.0,0.0574,-2.652,0.0,0.0593,93.989,4.0
Concrete Jungle,Black Label Society,9.54e-06,0.451,204267.0,0.987,0.102,9.0,0.0568,-4.105,1.0,0.106,137.731,4.0
Conduit,Lorn,0.0425,0.639,215359.0,0.348,0.736,8.0,0.387,-8.708,1.0,0.0343,145.022,4.0
Congratulations,Eric Nam,0.354,0.534,176440.0,0.504,0.0,9.0,0.0739,-4.02,1.0,0.102,86.482,4.0
Conscious Sleep,Krynoze,0.934,0.5,122832.0,0.13,0.879,2.0,0.334,-21.538,0.0,0.0463,64.013,4.0
"Consolations, S. 172: No. 3, Lento placido",Franz Liszt,0.993,0.368,254000.0,0.00363,0.922,1.0,0.137,-36.759,1.0,0.035,69.363,3.0
Constellations,Jade LeMac,0.219,0.58,200322.0,0.658,0.0,1.0,0.0577,-6.671,1.0,0.0389,74.984,4.0
Consume (feat. Goon Des Garcons),Chase Atlantic,0.07,0.556,267920.0,0.714,0.0,9.0,0.261,-5.322,0.0,0.158,146.113,4.0
Contemplation,Sara Edwards,0.944,0.134,176473.0,0.0243,0.868,9.0,0.111,-33.182,1.0,0.0367,71.802,4.0
Control,Biting Elbows,0.00528,0.597,282506.0,0.82,0.128,2.0,0.158,-5.628,1.0,0.0284,126.971,4.0
Control,Golden Features,0.431,0.544,273760.0,0.757,0.114,11.0,0.101,-7.392,1.0,0.0769,122.991,4.0
Control,Winona Oak,0.297,0.683,182852.0,0.631,0.0235,4.0,0.182,-9.351,0.0,0.104,107.814,4.0
Control,Zoe Wees,0.643,0.599,230880.0,0.465,1.57e-06,4.0,0.149,-4.95,1.0,0.0314,113.82,4.0
Cool Kids,Echosmith,0.0372,0.719,237627.0,0.671,8.21e-06,8.0,0.12,-6.279,1.0,0.0336,130.027,4.0
Cool Out,Imagine Dragons,0.00483,0.636,217867.0,0.718,6.51e-06,1.0,0.292,-4.833,0.0,0.0313,143.929,4.0
Coping,Rosie Darling,0.605,0.432,190267.0,0.444,0.0,6.0,0.104,-7.298,1.0,0.125,82.79,4.0
Cornfield Chase,Hans Zimmer,0.951,0.18,126960.0,0.226,0.982,9.0,0.0998,-16.457,0.0,0.042,94.079,4.0
Cotton Candy,Nic D,0.238,0.75,145424.0,0.493,0.0,0.0,0.0933,-5.734,0.0,0.0624,208.11,4.0
Council of war,RADWIMPS,0.000118,0.473,144093.0,0.896,0.779,6.0,0.364,-4.686,0.0,0.0714,173.918,4.0
Count On You,Banoffee,0.232,0.573,195002.0,0.462,1.14e-06,3.0,0.126,-8.238,1.0,0.199,172.076,4.0
Counter Attack-Mankind,Hiroyuki Sawano,0.00658,0.345,366587.0,0.849,0.875,6.0,0.36,-9.816,0.0,0.0735,110.009,4.0
Counting Sheep,DJ Lagoa,0.824,0.473,134400.0,0.2,0.898,10.0,0.101,-16.99,1.0,0.0306,75.01,4.0
Counting Stars,OneRepublic,0.0654,0.664,257840.0,0.705,0.0,1.0,0.115,-4.972,0.0,0.0382,122.017,4.0
Cover Me in Roses,Holden Laurence,0.00146,0.6,306787.0,0.39,0.00238,10.0,0.11,-8.736,1.0,0.029,113.937,4.0
Coward,Hans Zimmer,0.244,0.427,506876.0,0.262,0.879,0.0,0.227,-18.505,1.0,0.0429,119.983,4.0
Crab Rave,Noisestorm,0.206,0.768,161280.0,0.933,0.915,2.0,0.0833,-2.95,0.0,0.0385,124.996,4.0
Cradled by the Sea,Lenny Loops,0.872,0.477,156000.0,0.0629,0.903,0.0,0.132,-24.232,0.0,0.0382,120.02,4.0
CranMango,WILLIS,0.618,0.611,175400.0,0.529,0.224,4.0,0.21,-10.299,1.0,0.0243,106.012,4.0
Crank That (Soulja Boy),Soulja Boy,0.515,0.736,221933.0,0.74,0.0,0.0,0.0468,-2.18,1.0,0.0786,140.141,4.0
Crash,Mokita,0.441,0.696,168274.0,0.678,0.0,6.0,0.069,-5.679,0.0,0.0391,146.998,4.0
Crawl Outta Love,ILLENIUM,0.181,0.377,242012.0,0.723,0.0,7.0,0.0815,-2.951,1.0,0.046,84.139,4.0
Crazier Things,Chelsea Cutler,0.813,0.635,264585.0,0.274,0.0,2.0,0.162,-13.53,1.0,0.033,93.025,4.0
Crazy,DJ Goja,0.00493,0.797,161835.0,0.514,4.47e-06,10.0,0.247,-7.177,0.0,0.19,108.992,4.0
Crazy,PLÜM,0.0487,0.769,220000.0,0.596,0.00803,7.0,0.204,-9.359,0.0,0.0524,105.032,4.0
Crazy Little Love,Nuage,0.000162,0.407,268747.0,0.993,0.61,0.0,0.358,-6.603,1.0,0.0485,153.059,4.0
Crazy Train,Ozzy Osbourne,0.408,0.454,293183.0,0.913,0.000271,9.0,0.248,-4.008,1.0,0.107,137.688,4.0
Creating Memories,Yasumu,0.768,0.719,124390.0,0.181,0.94,7.0,0.103,-14.264,0.0,0.0693,82.024,4.0
Creep,Scott Bradlee's Postmodern Jukebox,0.697,0.292,283259.0,0.359,1.85e-05,5.0,0.108,-9.043,1.0,0.0328,177.334,3.0
Crim35,ESSEX,8.32e-05,0.547,175385.0,0.643,0.917,1.0,0.0681,-7.63,1.0,0.0323,125.983,4.0
Criminal,Britney Spears,0.0485,0.696,225080.0,0.734,0.0,7.0,0.183,-5.294,1.0,0.0298,107.987,4.0
Cross Your Mind,Sabrina Claudio,0.0366,0.765,218040.0,0.614,0.000269,10.0,0.0639,-6.556,0.0,0.0888,97.973,4.0
Crossfire,Vancel,0.0695,0.668,216170.0,0.87,0.000453,5.0,0.408,-4.649,1.0,0.0309,127.993,4.0
Cruel World,Faye,0.99,0.469,270000.0,0.0699,1.19e-06,5.0,0.0729,-12.149,1.0,0.0471,139.061,4.0
Crush Culture,Conan Gray,0.146,0.522,204120.0,0.765,0.0,0.0,0.0866,-5.395,1.0,0.193,180.065,4.0
Crush On You,Finding Hope,0.888,0.636,241714.0,0.288,0.184,1.0,0.109,-13.341,1.0,0.0583,140.07,4.0
Cry Baby,The Neighbourhood,0.00269,0.581,235160.0,0.656,2.78e-06,4.0,0.101,-4.891,0.0,0.0294,108.033,4.0
Cry with you,Jeremy Zucker,0.489,0.516,217040.0,0.323,4.82e-06,2.0,0.189,-9.688,1.0,0.0716,159.861,3.0
Crybaby,Dreamer Boy,0.501,0.626,205950.0,0.652,2.68e-06,5.0,0.118,-6.132,1.0,0.0351,138.007,4.0
Crystal Window,Kiko Kaid,0.851,0.562,178000.0,0.294,0.946,10.0,0.122,-15.963,1.0,0.0291,134.925,4.0
Crystals,Isolate.exe,0.438,0.692,139200.0,0.729,0.656,11.0,0.0939,-10.435,1.0,0.0554,100.015,4.0
Cult of Personality,Living Colour,0.00164,0.504,294827.0,0.918,2.12e-05,0.0,0.78,-3.463,1.0,0.0517,92.031,4.0
Cumberland Gap,David Rawlings,0.18,0.594,175973.0,0.601,0.000539,0.0,0.106,-8.532,1.0,0.0391,155.583,4.0
Cupcake Cake,Mike Shinoda,0.223,0.655,195970.0,0.689,0.524,5.0,0.245,-4.576,0.0,0.0413,78.974,4.0
Cure For Me,AURORA,0.102,0.726,201640.0,0.738,2.17e-05,6.0,0.0882,-6.589,0.0,0.0602,115.904,4.0
Curious Shadows,Obie Hans,0.725,0.768,168020.0,0.27,0.931,7.0,0.11,-17.331,1.0,0.0743,160.062,4.0
Curl up & Die,Matt Maltese,0.874,0.615,202022.0,0.281,0.537,11.0,0.108,-8.468,1.0,0.0273,131.979,3.0
Cursive,Billie Marten,0.935,0.494,240400.0,0.267,5.58e-05,0.0,0.128,-11.54,1.0,0.0308,115.117,3.0
Cut My Lip,Twenty One Pilots,0.12,0.641,282613.0,0.561,0.0021,4.0,0.358,-5.856,1.0,0.0355,111.938,4.0
Cứ Chill Thôi,Chillies,0.217,0.781,270000.0,0.608,3.63e-05,8.0,0.158,-8.452,1.0,0.0408,101.017,4.0
DAEDALUS,Phonk Killer,0.00567,0.916,125719.0,0.702,0.271,0.0,0.13,-4.78,1.0,0.0362,126.066,4.0
DAMAGE,SHADXWBXRN,0.273,0.666,141639.0,0.958,0.931,0.0,0.0993,-3.602,1.0,0.0455,121.993,4.0
DARK LADY,KUTE,0.00173,0.613,143468.0,0.975,0.0294,1.0,0.101,-2.704,1.0,0.0871,124.071,4.0
DEAD TO ME,blackbear,0.0772,0.709,180576.0,0.725,0.0,7.0,0.158,-5.545,0.0,0.0759,139.968,4.0
DECIMATION,Eyez Hate U,0.00382,0.7,137148.0,0.975,0.427,4.0,0.328,-2.659,0.0,0.0356,126.011,4.0
DEJA VU,dave rodgers,0.0214,0.558,260555.0,0.991,0.0,5.0,0.106,-3.106,0.0,0.0604,154.004,4.0
DESIRES,AP Dhillon,0.365,0.863,168000.0,0.387,0.00238,5.0,0.06,-10.057,0.0,0.256,100.013,4.0
DEVIL SOUL,Phonk Killer,0.145,0.88,113187.0,0.712,0.936,7.0,0.162,-4.27,1.0,0.0795,131.983,4.0
DIFFERENT,Boslen,0.0807,0.641,137093.0,0.555,0.0,8.0,0.279,-8.287,0.0,0.184,114.009,4.0
DJ Got Us Fallin' In Love (feat. Pitbull),Usher,0.0338,0.663,220800.0,0.861,0.0,7.0,0.082,-3.398,0.0,0.109,119.963,4.0
DNA,Lund,0.283,0.754,160987.0,0.632,0.0,9.0,0.106,-7.87,1.0,0.0329,134.959,4.0
DOA,Hiroyuki Sawano,0.000176,0.573,206027.0,0.879,0.00304,2.0,0.349,-4.853,0.0,0.19,137.936,4.0
DON'T DANCE,Amber Liu,,,,,,,,,,,,
DON'T STOP,CURSEDEVIL,,,,,,,,,,,,
DON'T STOP THE MUSIC - EXTENDED MIX,Lou Grant,,,,,,,,,,,,
DONE THINKING (feat. Gen Neo & LXX),Amber Liu,0.601,0.761,218286.0,0.539,0.0,11.0,0.133,-7.963,1.0,0.0388,105.952,4.0
DOWN,blackbear,0.231,0.767,217564.0,0.696,0.0,2.0,0.228,-3.428,1.0,0.162,115.006,4.0
DRIFT-ZOKU,Sinizter,0.0952,0.765,122667.0,0.955,0.000995,9.0,0.342,-2.968,1.0,0.283,179.999,4.0
DRUG DEALER,blackbear,0.00841,0.594,166219.0,0.462,0.0,1.0,0.13,-8.677,0.0,0.141,78.805,4.0
Daddy Blue,Brad stank,0.491,0.822,146647.0,0.381,0.00557,6.0,0.284,-11.82,1.0,0.131,108.007,4.0
Daddy Issues,The Neighbourhood,0.0678,0.588,260173.0,0.521,0.149,10.0,0.123,-9.461,1.0,0.0329,85.012,4.0
Daddy's Got a Gun,My Bad Sister,0.00103,0.615,161355.0,0.759,2.98e-05,7.0,0.571,-7.04,1.0,0.118,139.964,4.0
Daisy,Ashnikko,0.235,0.834,146523.0,0.663,0.0,8.0,0.372,-6.143,1.0,0.133,121.876,4.0
Damn Bean,John-Robert,0.14,0.722,174854.0,0.65,0.000232,0.0,0.357,-8.205,1.0,0.0455,127.916,4.0
Dance (A$$),Big Sean,0.0276,0.787,220293.0,0.73,0.00157,11.0,0.0828,-6.788,0.0,0.35,159.825,4.0
Dance Alone,Boy In Space,0.476,0.61,199606.0,0.546,0.0,2.0,0.329,-7.822,1.0,0.0521,139.768,4.0
Dance Through the Party,Zatrix,0.098,0.723,195406.0,0.525,0.000598,3.0,0.273,-12.891,0.0,0.09,159.959,4.0
Dance in the Dark,Au/Ra,0.0721,0.754,178187.0,0.534,0.00615,9.0,0.218,-8.424,0.0,0.123,149.146,4.0
Dance of the Falling Roses,Pelicano,0.956,0.39,184737.0,0.131,0.944,5.0,0.0908,-19.976,0.0,0.0307,75.697,3.0
Dance with Me,CORBAL,0.816,0.593,87411.0,0.275,0.0115,6.0,0.108,-15.25,0.0,0.0638,114.82,4.0
Dance with Me Tonight,Olly Murs,0.305,0.672,202227.0,0.748,0.0,11.0,0.0811,-5.922,0.0,0.0589,163.984,4.0
Dancin (feat. Luvli) - Krono Remix,Aaron Smith,0.101,0.72,198053.0,0.741,1.41e-05,10.0,0.289,-6.529,0.0,0.0287,119.896,4.0
Dancin - Krono Remix,Aaron Smith,0.0442,0.751,256000.0,0.727,0.0338,10.0,0.1,-9.789,0.0,0.0304,119.982,4.0
Dancing With A Stranger (with Normani),Sam Smith,0.447,0.741,171030.0,0.52,1.97e-06,8.0,0.222,-7.513,1.0,0.0656,102.998,4.0
Dancing With Your Ghost,Sasha Alex Sloan,0.768,0.629,197732.0,0.328,2.5e-05,11.0,0.103,-8.284,1.0,0.029,74.953,4.0
Dancing Without Music,BRDGS,0.854,0.316,248033.0,0.237,8.3e-06,1.0,0.117,-9.25,1.0,0.0353,93.177,1.0
Dancing in The Light,Souls Extolled,0.0481,0.47,250760.0,0.757,0.235,10.0,0.0809,-8.157,1.0,0.0367,139.089,4.0
Dandelion's Lullaby,Raimu,0.801,0.682,123871.0,0.141,0.886,2.0,0.112,-19.345,0.0,0.0616,93.099,4.0
Dandelions,Ruth B.,0.0157,0.609,233720.0,0.692,0.0,1.0,0.0864,-2.958,1.0,0.0259,116.959,3.0
Dandelions - slowed + reverb,Ruth B.,0.0444,0.573,268717.0,0.715,0.0,8.0,0.0898,-3.293,0.0,0.0256,101.699,3.0
Dangerous,Kardinal Offishall,0.00437,0.949,246053.0,0.79,0.0,8.0,0.0816,-5.957,1.0,0.0756,117.002,4.0
Dangerous (feat. blackbear),DeathbyRomy,0.0158,0.43,126479.0,0.626,0.0,9.0,0.38,-6.219,0.0,0.0491,99.702,4.0
Dangerous Affairs,Inon Zur,0.68,0.623,133140.0,0.387,0.613,2.0,0.141,-10.983,0.0,0.0419,150.047,4.0
Dangerously,Charlie Puth,0.364,0.696,199133.0,0.517,0.0,2.0,0.197,-8.379,0.0,0.0366,112.291,3.0
Daniel,Bat For Lashes,0.0118,0.593,251120.0,0.658,0.0204,8.0,0.137,-8.393,0.0,0.0364,135.053,4.0
Danza Kuduro,Don Omar,0.0846,0.4,198773.0,0.915,0.0,0.0,0.0503,-4.89,1.0,0.28,88.917,3.0
Dard - E - Disco,Sukhwinder Singh,0.0381,0.837,268713.0,0.839,0.000193,11.0,0.301,-5.548,1.0,0.0468,107.025,4.0
Dard - E - Disco (Remix By Dj Aqeel),Sukhwinder Singh,0.0408,0.694,276673.0,0.959,0.0825,7.0,0.0763,-5.635,1.0,0.06,124.995,4.0
Dard Dilo Ke,Himesh Reshammiya,0.304,0.509,304049.0,0.617,7.8e-05,7.0,0.164,-2.233,0.0,0.0249,86.025,4.0
Dard Dilo Ke,Shahid Mallya,0.67,0.587,304274.0,0.415,1.61e-06,7.0,0.142,-7.086,0.0,0.027,86.066,4.0
Dark Horse,Katy Perry,0.00314,0.647,215672.0,0.585,0.0,6.0,0.165,-6.123,1.0,0.0512,131.934,4.0
Dark Red,Steve Lacy,0.446,0.603,173104.0,0.784,8.32e-06,6.0,0.119,-4.023,1.0,0.062,172.041,4.0
Darker Place,Rachel Chinouriri,0.0955,0.682,168189.0,0.677,0.365,0.0,0.0557,-7.797,1.0,0.046,114.959,4.0
Darker Than Blue,Andreya Triana,0.684,0.555,223472.0,0.404,0.000211,9.0,0.125,-10.615,0.0,0.0249,89.061,4.0
Darkest Hour - from the Amazon Original Series PANIC,Tate McRae,0.389,0.625,161252.0,0.328,9.27e-05,9.0,0.109,-10.603,0.0,0.0341,91.959,4.0
Daru Badnaam,Param Singh,0.442,0.541,185333.0,0.676,0.0,8.0,0.159,-3.893,0.0,0.153,90.037,4.0
Daryaa,Ammy Virk,,,,,,,,,,,,
Dastaan - E - Om Shanti Om,Shaan,0.479,0.552,426499.0,0.598,0.0,9.0,0.0806,-6.052,0.0,0.0362,135.951,4.0
Date,RADWIMPS,0.985,0.673,245907.0,0.119,0.73,5.0,0.114,-20.274,1.0,0.0656,123.87,4.0
Date 2,RADWIMPS,0.993,0.679,129013.0,0.13,0.729,5.0,0.106,-22.383,1.0,0.0852,123.43,4.0
David,Low Roar,0.689,0.439,336692.0,0.378,0.208,9.0,0.168,-11.776,1.0,0.033,110.862,4.0
Davy Jones,Hans Zimmer,0.475,0.31,195240.0,0.0558,0.0447,9.0,0.127,-19.072,0.0,0.0285,79.924,4.0
Dawn FM,The Weeknd,0.674,0.28,96240.0,0.478,5.85e-05,9.0,0.483,-8.755,0.0,0.037,111.65,4.0
Day 'N' Nite (Nightmare),Kid Cudi,0.48,0.881,221240.0,0.441,9.08e-06,11.0,0.119,-6.278,0.0,0.0646,138.014,4.0
Day One,Hans Zimmer,0.927,0.311,199423.0,0.0173,0.964,9.0,0.0727,-27.788,0.0,0.0348,95.985,3.0
Day One - Original Demo,Hans Zimmer,0.97,0.347,229146.0,0.0213,0.926,9.0,0.0803,-24.608,0.0,0.0356,96.101,3.0
Day One Dark,Hans Zimmer,0.698,0.301,417240.0,0.308,0.924,9.0,0.345,-18.163,0.0,0.0481,119.967,3.0
Day's End,steezy prime,0.903,0.359,106667.0,0.0535,0.91,2.0,0.102,-19.794,1.0,0.0753,179.982,3.0
Daybreak,Tibeauthetraveler,0.623,0.471,165951.0,0.143,0.869,1.0,0.0982,-17.247,1.0,0.039,62.682,4.0
Daybreak,Yasumu,0.715,0.74,153214.0,0.333,0.923,11.0,0.131,-12.893,0.0,0.307,154.054,4.0
Daydreamer,AURORA,0.0398,0.604,219058.0,0.56,0.000322,10.0,0.485,-8.617,1.0,0.0786,145.964,4.0
Dazed & Confused,Ruel,0.102,0.688,189608.0,0.5,0.0,2.0,0.355,-7.411,1.0,0.138,127.906,3.0
Dead And Gone,T.I.,0.0402,0.713,299747.0,0.746,0.0,0.0,0.601,-4.99,1.0,0.259,135.021,4.0
Dead Dear (Deer),Ber,0.52,0.781,166480.0,0.396,2.67e-05,11.0,0.134,-8.427,1.0,0.0467,105.016,4.0
Dead Eyes,Promoting Sounds,0.127,0.719,219429.0,0.651,0.0,7.0,0.0762,-5.872,1.0,0.0274,104.956,4.0
Dead Girl! (Shake My Head),Au/Ra,0.00189,0.703,194791.0,0.831,0.118,5.0,0.207,-5.651,0.0,0.0637,132.001,4.0
Dead Horse,Sean Dagher,0.899,0.902,67173.0,0.43,0.0,11.0,0.0964,-7.239,1.0,0.0567,94.043,4.0
Dead on Arrival,KUTE,0.00531,0.708,172800.0,0.899,0.246,0.0,0.11,-4.249,1.0,0.181,99.934,4.0
Deadly Valentine,Charlotte Gainsbourg,0.0297,0.461,364987.0,0.545,0.0471,11.0,0.0928,-8.166,1.0,0.046,104.97,4.0
Deadly Valentine (Radio Edit),Charlotte Gainsbourg,0.0207,0.591,233149.0,0.534,0.0535,4.0,0.256,-7.929,1.0,0.0424,104.943,4.0
Deadly Valentine (Soulwax Remix),Charlotte Gainsbourg,0.0422,0.799,475058.0,0.858,0.783,11.0,0.0625,-5.977,1.0,0.0588,104.976,4.0
Dear Lillie,Aether,0.928,0.646,236576.0,0.11,0.852,9.0,0.0971,-20.284,0.0,0.0354,140.005,4.0
Death Machine - Fukk Up! Remix,Basskiller,9e-05,0.581,224000.0,0.913,0.831,2.0,0.543,-4.222,1.0,0.0547,139.999,4.0
Death Stranding,CHVRCHES,0.00126,0.487,316214.0,0.704,0.0652,1.0,0.0686,-5.825,1.0,0.0514,121.951,4.0
Deep End,Fousheé,0.758,0.711,141224.0,0.592,0.0,4.0,0.156,-7.136,0.0,0.23,124.749,4.0
Deewangi Deewangi,Shaan,0.0289,0.725,352388.0,0.918,5.13e-06,9.0,0.602,-4.875,1.0,0.0447,107.975,4.0
Deja Vu (Initial D),Tsuko G.,0.115,0.568,250942.0,0.956,0.0,0.0,0.199,-9.435,0.0,0.0416,154.042,4.0
Dekhte Dekhte,Rochak Kohli,0.424,0.799,256271.0,0.828,0.0,9.0,0.145,-4.846,0.0,0.0782,105.04,4.0
Demons,Alec Benjamin,0.697,0.708,163172.0,0.494,0.000115,5.0,0.34,-7.496,0.0,0.0365,142.921,4.0
Demons,Imagine Dragons,0.19,0.505,175200.0,0.71,0.00025,3.0,0.329,-3.015,1.0,0.0321,89.938,4.0
Demons,Ouse,0.0183,0.544,204891.0,0.55,0.0,4.0,0.193,-10.654,1.0,0.0592,149.872,4.0
Demons,Promoting Sounds,0.0176,0.532,204868.0,0.543,0.0,4.0,0.217,-10.596,1.0,0.0568,150.038,4.0
Demons (feat. Profane Remy),Lox Chatterbox,0.0073,0.678,242308.0,0.685,0.0,1.0,0.252,-4.745,1.0,0.0827,130.063,4.0
Demons Around,yatashigang,0.017,0.448,165559.0,0.673,0.000156,5.0,0.176,-6.851,0.0,0.34,181.127,4.0
Deniro,Alec Benjamin,0.137,0.463,141163.0,0.755,0.0,2.0,0.0745,-5.04,1.0,0.0727,79.488,4.0
Despacito - Remix,Luis Fonsi,0.228,0.653,228827.0,0.816,0.0,2.0,0.0967,-4.353,1.0,0.167,178.085,4.0
Destination,VØJ,0.0145,0.646,144136.0,0.708,0.781,3.0,0.35,-5.875,0.0,0.065,128.011,4.0
Destroy Everything You Touch,Ladytron,0.00928,0.528,276508.0,0.782,2.21e-05,4.0,0.179,-6.17,0.0,0.0314,120.311,4.0
Destroyer,Panama,0.0312,0.615,306861.0,0.545,0.624,1.0,0.109,-9.178,1.0,0.0272,115.97,4.0
Destroyer,Parkway Drive,3.2e-05,0.465,287340.0,0.988,0.0114,3.0,0.13,-4.126,0.0,0.106,133.017,4.0
Detach,Hans Zimmer,0.188,0.244,402202.0,0.108,0.909,0.0,0.0509,-14.973,1.0,0.0451,118.723,4.0
Detroit,Disasterpeace,0.972,0.539,80000.0,0.3,0.95,6.0,0.0737,-17.864,0.0,0.0476,120.007,4.0
Deva Shree Ganesha,Ajay-Atul,0.238,0.34,356827.0,0.96,4.32e-06,1.0,0.0378,-5.427,1.0,0.0802,150.04,4.0
Devil,Barren Gates,0.343,0.507,176000.0,0.864,2.57e-05,6.0,0.0891,-1.421,0.0,0.168,150.075,4.0
Devil Doesn’t Bargain,Alec Benjamin,0.577,0.448,163613.0,0.606,0.0,3.0,0.217,-4.565,1.0,0.0609,121.15,4.0
Devil Eyes,Hippie Sabotage,0.702,0.391,131272.0,0.396,0.405,1.0,0.315,-8.621,0.0,0.189,99.112,5.0
Devil Eyes,ZODIVK,0.00189,0.73,136652.0,0.757,0.833,2.0,0.157,-7.379,1.0,0.0989,102.378,4.0
Devil Ride,Razihel,,,,,,,,,,,,
Devil You Don't,CXLOE,0.473,0.602,186360.0,0.694,0.0,2.0,0.184,-5.982,0.0,0.406,101.953,4.0
Devil's Advocate,The Neighbourhood,0.0321,0.662,186307.0,0.681,0.139,11.0,0.508,-8.152,0.0,0.0315,98.004,4.0
Dhol Jageero Da,Panjabi MC,0.184,0.716,264720.0,0.974,0.00147,11.0,0.333,-2.48,0.0,0.17,81.02,4.0
Dholna,Uttam Singh,0.369,0.684,318433.0,0.52,3.99e-05,7.0,0.724,-10.793,1.0,0.0339,92.995,4.0
Dhoom Taana,Shreya Ghoshal,0.127,0.8,373357.0,0.881,0.00011,0.0,0.0976,-6.077,1.0,0.0502,107.998,4.0
"Dhoop Paani Bahne De (From ""Sherdil - The Pilibhit Saga"")",KK,,,,,,,,,,,,
DiE4u,Bring Me The Horizon,0.00234,0.355,207141.0,0.919,0.000313,7.0,0.262,-3.771,1.0,0.356,159.922,4.0
Diamonds,Mord Fustang,1.66e-06,0.801,194531.0,0.918,0.75,7.0,0.322,-3.231,0.0,0.0489,128.011,4.0
Diane Young,Vampire Weekend,0.0333,0.422,160067.0,0.809,3.64e-05,11.0,0.203,-5.607,1.0,0.246,87.076,4.0
Dick (feat. Doja Cat),StarBoi3,0.13,0.647,175238.0,0.608,0.0,9.0,0.0584,-6.831,1.0,0.42,125.994,4.0
Did You Ever Hurt for Me?,Jess Benko,0.957,0.614,341820.0,0.0595,5.58e-06,0.0,0.105,-16.254,1.0,0.107,75.339,4.0
Die 4 You,Perfume Genius,0.828,0.257,212550.0,0.381,0.00121,3.0,0.135,-10.62,1.0,0.0368,73.687,4.0
Die Again,SLEEPYHΞAD,0.0812,0.71,140195.0,0.894,0.877,1.0,0.28,-1.196,1.0,0.208,92.559,4.0
Die For You,Joji,0.383,0.472,211667.0,0.518,0.127,8.0,0.289,-7.379,1.0,0.051,147.805,4.0
Die For You,The Weeknd,0.111,0.586,260253.0,0.525,0.0,1.0,0.134,-7.163,0.0,0.0615,133.629,4.0
Die For You,VALORANT,0.0826,0.598,212927.0,0.705,1.8e-05,11.0,0.133,-5.462,1.0,0.0333,95.018,4.0
Die Trying,Michl,0.792,0.424,209537.0,0.356,0.0,6.0,0.148,-8.374,1.0,0.0777,125.41,4.0
"Die Walkure, Act III: Ride of the Valkyries",Richard Wagner,0.929,0.251,325000.0,0.219,0.933,7.0,0.0824,-16.781,1.0,0.0323,89.997,3.0
Dies Irae,Giuseppe Verdi,0.926,0.272,134747.0,0.346,0.931,0.0,0.0772,-14.01,0.0,0.0317,79.773,4.0
Different Cities,Yasumu,0.901,0.735,130264.0,0.15,0.924,2.0,0.137,-13.138,0.0,0.0829,83.043,4.0
Different People,Idarose,0.00189,0.761,198651.0,0.602,0.000121,7.0,0.16,-8.326,1.0,0.0651,103.984,4.0
Dil Aaj Kal,KK,,,,,,,,,,,,
"Dil Chori (From ""Sonu Ke Titu Ki Sweety"")",Yo Yo Honey Singh,,,,,,,,,,,,
Dil Dooba,Sonu Nigam,0.319,0.814,230947.0,0.909,0.0,0.0,0.345,-6.875,1.0,0.0753,100.004,4.0
Dil Ibaadat,Pritam,0.633,0.59,329387.0,0.859,0.0,2.0,0.286,-5.005,0.0,0.0416,149.966,4.0
Dil Kyun Yeh Mera,KK,0.613,0.486,333200.0,0.382,8.56e-05,6.0,0.149,-6.183,1.0,0.0286,125.918,3.0
Dil Mere,The Local Train,0.842,0.655,211290.0,0.473,0.0323,8.0,0.167,-9.806,1.0,0.0267,92.962,4.0
Dil Na Diya,Kunal Ganjawala,0.0576,0.733,354253.0,0.933,0.0691,7.0,0.0615,-4.583,1.0,0.105,132.992,4.0
Dil Na Jaaneya,Rochak Kohli,,,,,,,,,,,,
Dil To Pagal Hai,Uttam Singh,0.306,0.752,336118.0,0.67,0.000528,6.0,0.729,-10.641,0.0,0.0465,110.696,4.0
Dilaan De Rajya,Maninder Buttar,0.356,0.778,122336.0,0.743,0.0,6.0,0.259,-4.506,0.0,0.0288,121.956,4.0
Dildaara (Stand By Me),Shafqat Amanat Ali,0.102,0.622,249661.0,0.779,0.000934,9.0,0.145,-5.799,1.0,0.037,100.013,4.0
Dilemme,Lous and The Yakuza,0.0968,0.841,187013.0,0.541,0.0,5.0,0.0982,-7.564,0.0,0.143,145.038,4.0
Dilko Tumse Pyar Hua,Roop Kumar Rathod,0.629,0.664,331468.0,0.384,0.0,9.0,0.146,-16.858,0.0,0.0751,149.945,4.0
Dilnashin Dilnashin,KK,0.00942,0.735,392267.0,0.938,7.91e-05,1.0,0.057,-7.142,1.0,0.0571,110.999,4.0
Dinero,Trinidad Cardona,0.00772,0.708,160880.0,0.782,0.0,2.0,0.107,-4.687,1.0,0.0674,119.997,4.0
Dinkar mehta gujrati adult joke 2021,Nonveg Comedyjokes,,,,,,,,,,,,
Dinosaurs (S4E7),salem ilese,0.731,0.409,144446.0,0.338,0.0,4.0,0.25,-7.951,1.0,0.0432,184.043,3.0
Diplomat's Son,Vampire Weekend,0.209,0.504,361373.0,0.815,0.0513,6.0,0.0838,-6.967,1.0,0.332,193.966,4.0
Disappear,Tei Shi,0.784,0.826,179336.0,0.624,1.73e-06,7.0,0.112,-8.386,1.0,0.25,115.94,4.0
Disappeared town,RADWIMPS,0.277,0.182,115840.0,0.27,0.962,4.0,0.128,-23.826,0.0,0.057,69.391,4.0
Disappointment (feat. Rxseboy),Sarcastic Sounds,0.686,0.657,142092.0,0.821,0.0,0.0,0.0736,-5.655,1.0,0.232,169.897,4.0
Disaster,KSLV Noh,0.0158,0.825,84138.0,0.613,0.391,0.0,0.159,-6.043,1.0,0.0941,117.052,4.0
Disco,Surf Curse,0.0253,0.473,152761.0,0.621,0.000366,11.0,0.19,-8.698,0.0,0.0291,173.083,4.0
Discovering,Yasumu,0.566,0.713,192000.0,0.26,0.883,8.0,0.294,-22.457,0.0,0.0474,119.996,3.0
Dishes - Acoustic,Lauv,0.89,0.641,141442.0,0.161,1.02e-06,4.0,0.104,-12.466,1.0,0.0413,91.116,4.0
Dismal Smile,Krynoze,0.953,0.599,116922.0,0.109,0.94,5.0,0.116,-22.396,1.0,0.0396,133.937,4.0
Dissolve,Absofacto,0.23,0.688,224661.0,0.582,0.000157,6.0,0.0663,-10.668,0.0,0.0542,85.486,4.0
Distant Love,Gerardo Millán,0.978,0.264,175192.0,0.0689,0.952,7.0,0.0822,-21.348,1.0,0.0372,73.306,4.0
Dive Into You,Loving Caliber,0.08,0.497,204224.0,0.478,0.0,5.0,0.49,-7.801,1.0,0.0627,85.392,4.0
Django,Samia,0.799,0.558,204285.0,0.136,0.0,8.0,0.1,-11.731,0.0,0.0337,80.259,4.0
Do Bad Well (feat. Nevve),KSHMR,0.0512,0.604,204375.0,0.894,0.000315,5.0,0.234,-4.755,1.0,0.113,127.964,4.0
Do Do Do,Dansu,0.137,0.68,202816.0,0.644,5.48e-05,7.0,0.112,-6.905,0.0,0.157,111.979,4.0
Do I Wanna Know?,Arctic Monkeys,0.186,0.548,272394.0,0.532,0.000263,5.0,0.217,-7.596,1.0,0.0323,85.03,4.0
Do It To It - Tiësto Remix,ACRAZE,0.000422,0.636,125280.0,0.892,0.0954,2.0,0.156,-5.573,1.0,0.0386,125.003,4.0
Do Not Go Gentle Into That Good Night,Hans Zimmer,0.939,0.0,99105.0,0.0537,0.331,5.0,0.0475,-30.709,1.0,0.0,0.0,0.0
Do Pal,Madan Mohan,0.635,0.247,265927.0,0.556,0.000436,11.0,0.146,-7.514,1.0,0.0376,168.823,4.0
Do Ya Wanna Taste It,Wig Wam,0.0191,0.559,176973.0,0.793,0.0,2.0,0.394,-3.536,0.0,0.028,92.034,4.0
Do You Believe,Ali Gatie,0.193,0.665,156331.0,0.707,0.0,11.0,0.219,-5.144,1.0,0.03,144.952,4.0
Do You Don't You,Haywyre,0.028,0.849,275478.0,0.723,0.12,5.0,0.235,-5.093,0.0,0.046,115.031,4.0
Do You?,TroyBoi,0.164,0.827,195791.0,0.518,0.375,10.0,0.61,-8.156,0.0,0.343,80.729,4.0
Does It Feel,Charlie Puth,0.177,0.61,218667.0,0.86,0.0,8.0,0.155,-4.6,0.0,0.127,98.995,4.0
Don't Be Afraid,Diplo,,,,,,,,,,,,
Don't Be Fooled by the Name,Blue Swede,,,,,,,,,,,,
Don't Be Shy (9D Audio),Shake Music,,,,,,,,,,,,
Don't Be So Serious,Low Roar,,,,,,,,,,,,
Don't Be so Serious,Low Roar,,,,,,,,,,,,
Don't Cry,Ruel,,,,,,,,,,,,
Don't Do Drugs Just Take Some Jack Ü,Jack Ü,,,,,,,,,,,,
Don't Give Up,John Paesano,,,,,,,,,,,,
Don't Leave,Snakehips,,,,,,,,,,,,
Don't Leave the Light On,Mokita,,,,,,,,,,,,
Don't Let Me Be,Cassius,,,,,,,,,,,,
Don't Like.1,Kanye West,,,,,,,,,,,,
Don't Lose Sight,Lawrence,,,,,,,,,,,,
Don't Matter - Recorded at Spotify Studios NYC,Lauv,,,,,,,,,,,,
Don't Rush,Ric Wilson,,,,,,,,,,,,
Don't Start Now,Dua Lipa,0.0123,0.793,183290.0,0.793,0.0,11.0,0.0951,-4.521,0.0,0.083,123.95,4.0
Don't Stop,ODESZA,,,,,,,,,,,,
Don't Stop Believin',Journey,,,,,,,,,,,,
Don't Stop The Music,Rihanna,,,,,,,,,,,,
Don't Wake Me,Coopex,,,,,,,,,,,,
Don't Wanna Know,Suriel Hess,,,,,,,,,,,,
Don't Wanna Think About It,Dylan Emmet,,,,,,,,,,,,
Don't Want My Heart,Sarah Cothran,,,,,,,,,,,,
Don't Waste My Time,NOA,,,,,,,,,,,,
Don't Worry,Rhea Za,,,,,,,,,,,,
Don't Worry Be Happy,Bobby McFerrin,0.98,0.175,269636.0,0.0281,0.0,10.0,0.288,-37.841,0.0,0.0635,60.298,4.0
Don't You Worry,Mark Ambor,,,,,,,,,,,,
Done for Me (feat. Kehlani),Charlie Puth,0.193,0.856,180493.0,0.632,0.0,6.0,0.0688,-3.692,0.0,0.074,112.009,4.0
Don’t Go (with Justin Bieber & Don Toliver),Skrillex,0.019,0.689,168253.0,0.695,0.0,11.0,0.123,-5.22,1.0,0.0429,75.05,4.0
Don’t Lie (feat. KARRA),Tisoki,0.0286,0.86,196000.0,0.805,0.00812,9.0,0.487,-2.524,0.0,0.108,150.061,4.0
Don’t Wake Me Up,Jonas Blue,0.222,0.621,188894.0,0.747,0.000194,11.0,0.147,-5.084,1.0,0.0337,124.015,4.0
"Doobey (From ""Gehraiyaan"")",OAFF,,,,,,,,,,,,
Doodoodoo,Curtis Waters,0.217,0.754,173638.0,0.631,2.47e-05,5.0,0.398,-6.724,0.0,0.0499,111.979,4.0
Dopamine Addict,Alec Benjamin,0.598,0.721,144956.0,0.772,0.000204,10.0,0.19,-4.506,0.0,0.19,76.928,4.0
Dope on a Rope,The Growlers,0.00173,0.42,250320.0,0.901,0.0,7.0,0.366,-3.857,1.0,0.0955,145.965,4.0
Dormant,Kurt Stewart,0.978,0.304,128000.0,0.034,0.986,0.0,0.0681,-23.115,1.0,0.0503,75.037,3.0
DotA - Radio Edit,Basshunter,0.0084,0.46,200560.0,0.962,0.00199,0.0,0.186,-6.447,1.0,0.112,140.047,4.0
Dou Pal,Taha G,0.265,0.74,173881.0,0.64,7.7e-05,0.0,0.125,-9.931,1.0,0.0399,118.019,4.0
Down,Marian Hill,0.675,0.678,197773.0,0.357,0.00569,0.0,0.124,-14.712,0.0,0.128,113.301,5.0
Down By The Water,PJ Harvey,0.00168,0.623,194507.0,0.622,0.181,2.0,0.343,-12.255,1.0,0.0412,125.166,4.0
Down for You - Remix,Cosmo's Midnight,0.548,0.593,166816.0,0.527,3.92e-06,2.0,0.462,-6.25,1.0,0.179,92.985,4.0
Down the Line,Beach Fossils,0.237,0.615,158474.0,0.743,0.00431,7.0,0.148,-6.569,1.0,0.041,162.22,4.0
Downhill,Lund,0.198,0.846,176013.0,0.419,1.15e-05,4.0,0.0415,-8.957,0.0,0.0499,119.992,4.0
Downtime,Project AER,0.921,0.563,159286.0,0.133,0.904,2.0,0.143,-20.87,1.0,0.0328,61.983,4.0
Downtown (2020),Allie X,0.00307,0.575,212226.0,0.881,5.97e-05,6.0,0.509,-4.282,1.0,0.109,107.957,4.0
"Downtown (feat. Melle Mel, Grandmaster Caz, Kool Moe Dee & Eric Nally)",Macklemore & Ryan Lewis,0.0916,0.828,292593.0,0.609,1.21e-06,1.0,0.291,-4.402,1.0,0.0694,109.725,4.0
Dragonspine Snow (LoFi),Jordy Chandra,0.887,0.616,104000.0,0.274,0.755,3.0,0.363,-17.582,1.0,0.0979,120.066,4.0
Dragostea Din Tei,O-Zone,0.161,0.812,213920.0,0.968,0.0,0.0,0.0661,-3.758,1.0,0.0421,130.093,4.0
Dragostea Din Tei,SP3CTRUM,0.0303,0.668,141201.0,0.82,0.0,0.0,0.329,-4.863,1.0,0.0828,129.939,4.0
Dragostea din tei,O-Zone,0.161,0.812,213920.0,0.968,0.0,0.0,0.0661,-3.758,1.0,0.0421,130.093,4.0
Dream No More (feat. Ruel & Genesis Owusu),Billy Davis,0.519,0.362,207158.0,0.534,1.02e-06,10.0,0.332,-8.38,1.0,0.0468,94.742,4.0
Dream No More (feat. Ruel & Genesis Owusu) - Acoustic Version,Billy Davis,0.931,0.321,277940.0,0.332,7.26e-05,0.0,0.0845,-9.573,1.0,0.0334,84.902,3.0
Dream On,Aerosmith,0.397,0.392,267597.0,0.476,0.000163,1.0,0.309,-7.583,1.0,0.0249,78.031,4.0
Dream lantern,RADWIMPS,0.0316,0.206,131667.0,0.871,6.55e-05,8.0,0.0596,-5.751,1.0,0.419,175.6,3.0
Dreamer,Axwell /\ Ingrosso,0.0237,0.627,251147.0,0.847,0.0,10.0,0.212,-5.303,1.0,0.0352,126.017,4.0
Dreamer,Low Roar,0.925,0.255,309720.0,0.161,0.0155,9.0,0.147,-12.711,0.0,0.0327,74.007,4.0
Dreamin (with blackbear),The Score,0.00252,0.609,198640.0,0.726,0.0,1.0,0.0745,-3.947,0.0,0.108,79.967,4.0
Dreaming,Smallpools,0.000478,0.612,216253.0,0.89,0.0,10.0,0.0672,-2.827,0.0,0.047,118.989,4.0
Dreaming of the Crash,Hans Zimmer,0.0528,0.135,235838.0,0.0277,0.957,5.0,0.269,-35.251,1.0,0.0662,82.898,3.0
Dreams,Bazzi,0.583,0.663,147021.0,0.666,3.85e-06,6.0,0.222,-5.441,1.0,0.125,159.983,4.0
Dreams,RUNN,0.251,0.654,194559.0,0.525,0.0,4.0,0.0954,-8.447,1.0,0.0367,135.95,4.0
Dreams - 2004 Remaster,Fleetwood Mac,0.0644,0.828,257800.0,0.492,0.00428,0.0,0.128,-9.744,1.0,0.0276,120.151,4.0
Dressed Up In White,CAL,0.161,0.653,203836.0,0.422,0.0,3.0,0.207,-8.206,1.0,0.101,73.325,4.0
Drift Away,Yasumu,0.887,0.644,151755.0,0.193,0.946,0.0,0.0939,-24.331,0.0,0.0551,94.045,4.0
Drifting,Jisatsu,0.979,0.667,199687.0,0.0809,0.869,9.0,0.0949,-22.628,0.0,0.0354,128.014,4.0
Drink About - Clean Bandit Remix,Seeb,0.127,0.656,252764.0,0.927,0.0354,1.0,0.0811,-4.527,1.0,0.122,113.99,4.0
Drinking from the Bottle (feat. Tinie Tempah),Calvin Harris,0.0469,0.665,240347.0,0.886,6.24e-05,9.0,0.0525,-4.175,0.0,0.0514,128.062,4.0
Drive,Dxvn.,0.222,0.705,270000.0,0.598,0.00303,11.0,0.131,-6.83,0.0,0.0336,104.985,4.0
Drop the Other,Emika,0.0818,0.78,208453.0,0.332,0.541,9.0,0.0809,-13.138,1.0,0.163,140.088,4.0
Drown,Dabin,0.00928,0.368,258679.0,0.754,0.0,1.0,0.256,-5.185,1.0,0.0502,169.881,4.0
Drowning - Sped Up Version,sped up nightcore,0.343,0.759,174517.0,0.903,0.0,8.0,0.121,-5.287,0.0,0.0785,154.825,4.0
Drugs,UPSAHL,0.35,0.883,155867.0,0.415,0.0,6.0,0.063,-8.571,0.0,0.174,76.986,4.0
Drugs & The Internet,Lauv,0.361,0.466,178560.0,0.551,9.32e-05,2.0,0.333,-7.043,1.0,0.131,88.794,4.0
Drunken Sailor,Sean Dagher,0.941,0.689,89520.0,0.283,0.0,5.0,0.116,-6.011,1.0,0.0387,160.241,4.0
Drunken Sailor,The Irish Rovers,0.626,0.668,176853.0,0.897,0.229,2.0,0.0932,-5.135,1.0,0.0418,121.855,4.0
Duckbot,Mike Shinoda,0.108,0.821,129044.0,0.382,0.866,1.0,0.0952,-6.423,1.0,0.103,105.031,4.0
Dude She's Just Not into You,MADAX,0.258,0.557,64750.0,0.675,0.0227,0.0,0.671,-7.746,1.0,0.0339,120.01,4.0
Dude She's Just Not into You (Tiktok Lofi Chillhop),Lofi Night Drives,0.798,0.772,187129.0,0.51,0.865,3.0,0.266,-6.537,1.0,0.0596,85.0,4.0
Dumb Love,Mimi Webb,0.0296,0.569,207068.0,0.422,0.0,0.0,0.0613,-5.856,1.0,0.0302,76.96,4.0
Dus Bahane,Shaan,0.175,0.833,206947.0,0.917,1.92e-06,7.0,0.109,-5.498,1.0,0.0597,110.001,4.0
Dusk,Yasumu,0.912,0.666,122033.0,0.146,0.966,9.0,0.144,-16.081,0.0,0.422,174.212,3.0
Dust,Hans Zimmer,0.964,0.112,341396.0,0.123,0.696,4.0,0.103,-23.025,0.0,0.0433,92.617,4.0
Dust,Lund,0.0709,0.592,206154.0,0.65,8.42e-05,0.0,0.0832,-9.648,1.0,0.0344,156.042,4.0
Dust,The Neighbourhood,0.0971,0.348,208827.0,0.442,5.31e-05,1.0,0.112,-7.676,0.0,0.0637,198.227,4.0
Dynamite,Taio Cruz,0.00379,0.751,202613.0,0.783,0.0,4.0,0.036,-3.724,1.0,0.0859,119.975,4.0
Dynasty,MIIA,0.256,0.492,225515.0,0.594,0.0,8.0,0.0759,-4.403,0.0,0.0377,123.768,4.0
Düsseldorf,Teleman,0.0501,0.733,227040.0,0.716,0.0853,4.0,0.27,-6.26,0.0,0.0295,128.993,4.0
E.M.A,Hiroyuki Sawano,0.00556,0.339,342880.0,0.75,0.827,0.0,0.271,-9.631,1.0,0.0414,124.998,4.0
ETA,Aries,0.0767,0.707,163333.0,0.642,0.0,8.0,0.196,-5.95,1.0,0.0393,90.026,4.0
ETERNAL NIGHT,SXULCVTCHER,0.000116,0.754,118053.0,0.866,0.0756,11.0,0.48,-5.115,0.0,0.0445,122.007,4.0
EUPHORIA,DVRKLXGHT,0.00288,0.755,183273.0,0.723,0.532,2.0,0.137,-2.892,1.0,0.0329,109.985,4.0
EVIL,AViVA,0.0632,0.634,195598.0,0.645,0.0,9.0,0.28,-6.922,0.0,0.238,159.926,4.0
EVIL PHONK,DJ CHANSEY,0.000319,0.517,124115.0,0.924,0.673,7.0,0.0961,-1.868,1.0,0.084,199.944,4.0
Each Other,Notaker,0.0691,0.538,199697.0,0.47,0.0,5.0,0.122,-8.935,0.0,0.058,102.591,4.0
Ease My Mind,Skrillex,0.0649,0.404,302520.0,0.753,0.0,8.0,0.281,-2.986,0.0,0.0656,150.147,4.0
Ease Your Mind,Dimension 32,0.897,0.687,142750.0,0.17,0.885,10.0,0.115,-16.478,1.0,0.0304,120.01,4.0
Easier,5 Seconds of Summer,0.476,0.562,158099.0,0.46,0.0,5.0,0.107,-4.173,1.0,0.259,176.055,4.0
Easier to Run,Linkin Park,0.0624,0.545,204173.0,0.861,0.0,3.0,0.131,-4.819,0.0,0.034,105.017,4.0
Easier – Remix (with Charlie Puth),5 Seconds of Summer,0.469,0.418,157326.0,0.445,0.0,5.0,0.123,-5.407,1.0,0.227,175.686,4.0
Eastside (with Halsey & Khalid),benny blanco,0.549,0.632,170770.0,0.686,0.0,6.0,0.2,-7.665,0.0,0.243,89.949,4.0
Easy,Camila Cabello,0.411,0.574,194686.0,0.593,1.55e-06,4.0,0.0966,-5.731,0.0,0.0463,128.073,4.0
Easy Way Out,Low Roar,0.558,0.505,288667.0,0.42,0.0499,9.0,0.218,-9.364,0.0,0.0266,109.921,4.0
Echo (with KSHMR),Armaan Malik,0.0932,0.344,192353.0,0.873,0.0,10.0,0.153,-3.387,1.0,0.221,170.041,4.0
Echo-216,Gareth Coker,0.755,0.522,204640.0,0.0534,0.883,0.0,0.0933,-22.077,1.0,0.0368,119.924,4.0
Eden,Monkey Majik,0.159,0.54,271520.0,0.752,0.0,11.0,0.363,-5.212,1.0,0.0267,84.033,4.0
Eenie Meenie,Sean Kingston,0.0348,0.734,201653.0,0.639,0.0,1.0,0.102,-3.241,1.0,0.0316,121.212,4.0
Eggsy Is Back,Henry Jackman,0.148,0.214,350200.0,0.611,0.85,1.0,0.0854,-9.616,1.0,0.0425,118.193,3.0
Egirey Mabbulona,KK,0.0347,0.669,234173.0,0.577,0.00175,5.0,0.373,-7.063,0.0,0.0406,124.857,4.0
"Ego Death (feat. Kanye West, FKA twigs & Skrillex)",Ty Dolla $ign,0.0573,0.818,231618.0,0.598,1.32e-06,10.0,0.634,-5.948,0.0,0.113,111.052,4.0
Eh...eh,Nic Howell,0.11,0.767,134000.0,0.617,0.00609,5.0,0.0971,-7.636,1.0,0.0341,110.019,4.0
Ek Duje Ke Vaaste,Uttam Singh,0.653,0.479,206002.0,0.509,2.45e-06,7.0,0.21,-11.75,0.0,0.0488,143.767,4.0
Ek Hasina Thi Ek Diwana Tha,Kishore Kumar,0.717,0.361,472947.0,0.63,5.34e-06,0.0,0.306,-9.612,0.0,0.0668,116.988,4.0
El Gringo,Alessandro Alessandroni,0.888,0.487,83671.0,0.0533,0.873,0.0,0.122,-19.18,1.0,0.0767,70.176,3.0
Electric,MOON,0.00512,0.682,110769.0,0.746,0.401,11.0,0.196,-6.372,1.0,0.192,129.995,4.0
Electric Feel,TEEMID,0.416,0.686,213975.0,0.472,0.0908,0.0,0.0971,-8.638,0.0,0.0897,100.106,3.0
Electric Love,BØRNS,0.00543,0.611,218107.0,0.797,0.00137,6.0,0.26,-7.627,0.0,0.0533,120.041,4.0
Electric Soul,Wolfgang Gartner,0.044,0.769,207785.0,0.987,0.228,1.0,0.0791,-4.997,1.0,0.23,127.49,4.0
Electricity (with Dua Lipa),Silk City,0.0104,0.588,238173.0,0.67,3.33e-06,0.0,0.338,-6.439,1.0,0.0473,118.159,4.0
Elephant,Tame Impala,0.562,0.598,211227.0,0.553,0.157,9.0,0.257,-6.742,0.0,0.0397,123.075,4.0
Elephant In The Room,Confetti,0.0102,0.605,159036.0,0.619,0.0,0.0,0.164,-4.691,1.0,0.148,166.018,4.0
"Elevate (feat. Denzel Curry, YBN Cordae, SwaVay, Trevor Rich)",DJ Khalil,0.176,0.58,219400.0,0.935,0.0,6.0,0.514,-4.847,0.0,0.293,129.173,4.0
Elevation - Jack Antonoff Remix,Erasure,0.000441,0.578,205508.0,0.73,0.454,2.0,0.296,-10.596,1.0,0.0395,119.989,4.0
"Elliot's Song - From ""Euphoria"" An HBO Original Series",Dominic Fike,0.849,0.394,150320.0,0.327,0.0,4.0,0.125,-14.291,1.0,0.114,93.358,4.0
Emerald Eyes,Anson Seabra,0.929,0.477,239700.0,0.0489,0.0,4.0,0.0686,-17.039,1.0,0.0611,200.082,3.0
Emma,Steven Price,0.467,0.407,155827.0,0.433,0.936,2.0,0.0663,-15.331,0.0,0.0376,119.921,4.0
Emo Rhapsody,TOMYGONE,0.0781,0.673,209600.0,0.904,0.000144,7.0,0.12,-3.346,0.0,0.117,149.935,4.0
Emotion,Mia Rodriguez,0.077,0.58,213988.0,0.616,0.000552,9.0,0.134,-6.297,1.0,0.0527,170.138,4.0
Empty,Olivia O'Brien,0.0715,0.785,208720.0,0.528,0.0,9.0,0.132,-7.729,0.0,0.0665,118.974,4.0
Empty Cups,Charlie Puth,0.224,0.77,170947.0,0.555,1.78e-06,4.0,0.0754,-6.361,1.0,0.0754,100.035,4.0
Empty Eyes,Munn,0.767,0.688,187200.0,0.406,2.81e-06,8.0,0.126,-8.485,1.0,0.0428,121.885,4.0
Empty Love (Ft. Ruel) - Acoustic,GRACEY,0.814,0.426,233159.0,0.307,0.0,2.0,0.108,-8.955,1.0,0.052,173.456,3.0
Empty Room,Rishi,0.586,0.63,205510.0,0.438,4.25e-06,8.0,0.104,-10.269,1.0,0.0525,146.025,4.0
Empty Spaces,Linkin Park,0.0174,0.333,18333.0,0.78,0.9,6.0,0.878,-16.711,0.0,0.0701,80.293,5.0
En Mi Cuarto,Jhayco,0.063,0.794,196587.0,0.669,6.19e-05,6.0,0.0997,-5.837,0.0,0.144,114.96,4.0
"End Credits (From ""Cast Away"")",Alan Silvestri,,,,,,,,,,,,
End Of The Night,Danny Avila,0.371,0.666,205724.0,0.72,0.0,9.0,0.0793,-4.483,1.0,0.0269,99.97,4.0
Endless,Antonius B,0.787,0.368,113684.0,0.0741,0.87,8.0,0.0983,-23.3,1.0,0.031,76.199,4.0
Enemy (with JID) - from the series Arcane League of Legends,Imagine Dragons,0.237,0.728,173381.0,0.783,0.0,11.0,0.434,-4.424,0.0,0.266,77.011,4.0
Enjoy The Weather,Chris James,0.227,0.82,150000.0,0.543,3.31e-06,8.0,0.107,-8.03,1.0,0.206,96.917,4.0
Enough,Braden Ross,0.751,0.511,145154.0,0.304,0.0,0.0,0.127,-15.352,1.0,0.198,73.179,4.0
Enslaved,Barren Gates,0.141,0.503,243200.0,0.829,0.000147,5.0,0.143,-4.784,0.0,0.0592,150.1,4.0
Enter Sandman,Metallica,0.00277,0.566,331560.0,0.834,0.008,6.0,0.0625,-8.412,0.0,0.0298,123.296,4.0
Enth E Nd (Kutmasta Kurt Reanimation) [feat. Motion Man],Linkin Park,0.00498,0.752,243613.0,0.796,0.000245,6.0,0.471,-7.536,1.0,0.0503,104.992,4.0
Epilogue,Jóhann Jóhannsson,0.989,0.252,108969.0,0.0875,0.873,9.0,0.108,-24.711,0.0,0.0403,135.774,3.0
Episode 1 - Easy self-introduction ,Learn Japanese with Masa sensei! ,,,,,,,,,,,,
Episode 1: emiem x blue bird,3minem-norute,,,,,,,,,,,,
Episode 2 - How to make negative sentence,Learn Japanese with Masa sensei! ,,,,,,,,,,,,
Equestrian Trail Freestyle #2,Jaden,0.917,0.342,63200.0,0.238,0.754,2.0,0.568,-14.366,1.0,0.0335,82.849,1.0
Escalator,Ritt Momney,0.688,0.789,146298.0,0.297,0.567,0.0,0.109,-8.399,1.0,0.0885,153.044,1.0
Escharum,Gareth Coker,0.0824,0.548,256000.0,0.329,0.7,9.0,0.125,-18.558,0.0,0.0304,89.963,4.0
Essence of the Forest,Mondo Loops,0.786,0.702,168000.0,0.154,0.858,7.0,0.112,-17.943,1.0,0.0527,131.961,4.0
Eudaimonia,Gaea Antoniou,0.975,0.0802,177000.0,0.00761,0.9,2.0,0.112,-32.863,1.0,0.0497,172.676,4.0
Eugene Onegin (Lyrical scenes in three acts) (Act 1): Introduction,Pyotr Ilyich Tchaikovsky,0.949,0.163,141533.0,0.012,0.0438,7.0,0.107,-31.042,0.0,0.0415,130.813,3.0
Even If,MercyMe,0.368,0.334,255160.0,0.567,2.78e-05,5.0,0.0953,-5.736,1.0,0.0414,110.545,4.0
Even If It's a Lie - Demo,Matt Maltese,0.948,0.481,237928.0,0.293,7.11e-05,2.0,0.11,-5.999,1.0,0.0294,82.965,4.0
Even When The Water's Cold,!!!,0.107,0.71,227067.0,0.831,0.00131,2.0,0.159,-6.847,0.0,0.0392,104.972,4.0
"Evening (From ""Naruto"")",Pearboi,,,,,,,,,,,,
Evening Rain,DaniSogen,0.884,0.64,168158.0,0.288,0.848,8.0,0.144,-17.264,0.0,0.0413,76.012,4.0
Eventually,Tame Impala,0.0158,0.424,318591.0,0.615,0.000389,9.0,0.0844,-6.217,0.0,0.0325,77.935,4.0
Everlasting Ego,Lvly,0.0643,0.488,212731.0,0.547,1.12e-05,0.0,0.109,-8.111,0.0,0.112,95.115,4.0
Every Letter - Radio Edit,Haley Bennett,0.707,0.639,193773.0,0.579,0.0,1.0,0.119,-9.6,0.0,0.063,119.085,4.0
Everybody (Backstreet's Back) - Radio Edit,Backstreet Boys,0.0417,0.723,223813.0,0.848,0.0,10.0,0.198,-4.51,0.0,0.0366,108.02,4.0
Everybody But Me,Nick Wilson,0.0698,0.659,184633.0,0.571,0.0,1.0,0.107,-5.654,0.0,0.0371,122.949,4.0
Everybody Dies In Their Nightmares,XXXTENTACION,0.847,0.734,95467.0,0.57,2.14e-05,7.0,0.112,-7.066,0.0,0.133,129.953,4.0
Everybody Loves You,Charlotte Lawrence,0.753,0.479,204648.0,0.231,0.0,2.0,0.37,-10.278,1.0,0.0481,112.255,1.0
Everyone Adores You (at least I do),Matt Maltese,0.747,0.599,203133.0,0.427,0.105,5.0,0.0984,-9.037,1.0,0.0242,73.801,4.0
Everything At Your Feet (feat. The Chamanas),ODESZA,,,,,,,,,,,,
Everything Black,Unlike Pluto,0.0323,0.62,228980.0,0.864,0.0,5.0,0.117,-4.334,0.0,0.114,98.059,4.0
Everything Goes On,Porter Robinson,0.0191,0.55,202821.0,0.648,0.0,7.0,0.0999,-6.542,1.0,0.0309,156.957,4.0
Everything Has Changed,Taylor Swift,0.271,0.498,245427.0,0.61,0.0,6.0,0.223,-5.098,1.0,0.0363,79.918,4.0
Everything I Wanted,Chris James,0.265,0.495,161719.0,0.673,0.048,11.0,0.213,-9.924,0.0,0.0394,160.125,4.0
Everything Is Mildly Uncomfortable,Sean Kennedy,0.477,0.478,176757.0,0.672,0.000775,1.0,0.16,-10.54,1.0,0.1,131.468,4.0
Everything We Do Is Wrong,Tuvaband,0.97,0.339,247589.0,0.294,0.528,9.0,0.0745,-11.564,0.0,0.037,109.541,4.0
Everything's Good - slowed + reverb,Phil Good,0.514,0.681,227106.0,0.549,0.00185,1.0,0.113,-9.275,0.0,0.0606,200.011,4.0
Evoking memories,RADWIMPS,0.964,0.414,103027.0,0.485,0.879,6.0,0.0897,-15.069,0.0,0.0492,195.043,3.0
Excuses,AP Dhillon,0.0842,0.837,176233.0,0.717,0.0,5.0,0.149,-7.749,0.0,0.0822,94.984,4.0
Excuses x Bewafa x Attention - Slowed & Reverb,Lord Arkh,,,,,,,,,,,,
Exhausted,Lxst,0.38,0.645,145096.0,0.71,0.00127,7.0,0.0916,-5.094,1.0,0.07,165.959,4.0
Exil,Hiboky,0.00953,0.441,134683.0,0.561,0.00432,11.0,0.553,-6.017,0.0,0.0357,128.345,4.0
Exist For Love,AURORA,0.787,0.428,252717.0,0.357,0.00296,9.0,0.0809,-9.96,1.0,0.0281,145.675,4.0
Expand The Room - 4 Storeys High Mix,The Light,2.2e-05,0.679,484613.0,0.796,0.838,11.0,0.0769,-9.006,0.0,0.0396,129.994,4.0
Experience,Ludovico Einaudi,0.934,0.447,315427.0,0.449,0.961,2.0,0.0697,-10.634,1.0,0.0376,92.468,4.0
Expert Jatt,Nawab,0.298,0.765,199535.0,0.948,0.0,6.0,0.0784,-2.816,0.0,0.199,172.038,4.0
Eye-Water,Hiroyuki Sawano,0.663,0.585,181413.0,0.335,0.888,9.0,0.0987,-13.812,0.0,0.0313,119.947,4.0
"Eye-Water (From ""Attack on Titan"") - Lofi Version",Jimmy's Atelier,,,,,,,,,,,,
Eyes Blue Like The Atlantic (feat. Subvrbs),Sista Prod,0.608,0.768,154599.0,0.339,0.000956,0.0,0.261,-13.169,1.0,0.777,76.229,4.0
"Eyes Blue Like The Atlantic, Pt. 2 (feat. Powfu, Alec Benjamin & Rxseboy)",Sista Prod,0.686,0.702,156188.0,0.616,0.0,6.0,0.145,-4.903,1.0,0.326,80.482,4.0
Eyes Don’t Lie,Tones And I,0.0452,0.649,236184.0,0.73,0.0,9.0,0.497,-4.742,0.0,0.0318,94.979,4.0
Eyes Off You,PRETTYMUCH,0.511,0.631,204267.0,0.512,0.0,0.0,0.0827,-9.675,0.0,0.0572,106.027,4.0
F*ck Love,Lund,0.295,0.639,197368.0,0.446,0.0,6.0,0.181,-10.489,1.0,0.0378,76.004,4.0
FAKE SMILE,GREEN ORXNGE,0.000262,0.594,145354.0,0.928,0.475,11.0,0.18,-3.08,0.0,0.0649,119.988,4.0
FIGHT!,MoonDeity,0.00158,0.701,116767.0,0.9,0.946,1.0,0.626,1.099,1.0,0.129,109.135,4.0
FOOL'S GOLD,Aries,0.281,0.662,149843.0,0.525,0.0,6.0,0.199,-8.546,0.0,0.0341,133.937,4.0
FOOLS,Troye Sivan,0.192,0.292,220403.0,0.678,0.0,10.0,0.146,-5.595,1.0,0.0724,87.436,4.0
FTV,WILLIS,0.289,0.554,189043.0,0.515,0.00112,7.0,0.128,-7.892,1.0,0.0259,166.99,4.0
FUCK THE CLUB (feat. GOLDN),chillpill,0.0204,0.761,154790.0,0.742,3.92e-06,11.0,0.109,-2.408,1.0,0.0368,138.012,4.0
FULL SEND,BLXCKBUSTA,0.0434,0.537,119273.0,0.922,0.609,7.0,0.284,-3.793,1.0,0.0432,165.0,4.0
Face My Fears (Japanese Version),Hikaru Utada,0.0135,0.626,222013.0,0.729,0.0,1.0,0.133,-6.785,0.0,0.102,159.762,3.0
Face To Face,Ruel,0.139,0.711,203747.0,0.634,0.0,9.0,0.103,-4.351,1.0,0.0668,90.04,4.0
Fade Away,Low Roar,0.885,0.415,351701.0,0.338,0.348,9.0,0.116,-12.703,0.0,0.0535,141.399,4.0
Fade Away,Narysal,0.226,0.674,210000.0,0.729,0.0,0.0,0.14,-4.189,1.0,0.0493,123.977,4.0
Fade Away,Riley Baron,0.882,0.331,285696.0,0.308,0.0493,11.0,0.104,-15.39,1.0,0.033,129.812,4.0
Faded,Alan Walker,0.0281,0.468,212107.0,0.627,7.97e-06,6.0,0.11,-5.085,1.0,0.0476,179.642,4.0
Fading,Shallou,0.0758,0.693,283493.0,0.728,0.000833,2.0,0.103,-7.621,0.0,0.034,114.998,4.0
Fading Memories,Adon,0.0191,0.498,153602.0,0.66,0.277,7.0,0.344,-6.057,1.0,0.0845,104.721,4.0
Failed English,AVIV,0.365,0.701,163421.0,0.496,2.87e-06,4.0,0.259,-6.758,1.0,0.0299,123.856,4.0
Faint,Linkin Park,0.111,0.554,162600.0,0.978,0.0,4.0,0.0731,-3.554,1.0,0.131,135.095,4.0
Fairytale,Alexander Rybak,0.61,0.573,182600.0,0.784,3.89e-05,2.0,0.278,-5.359,0.0,0.0293,107.991,4.0
Faithless,Ewan J Phillips,0.547,0.395,245554.0,0.338,0.0,1.0,0.0959,-9.689,1.0,0.0507,147.557,4.0
Fake,Lauv,0.139,0.703,146375.0,0.656,0.0,6.0,0.0947,-5.363,0.0,0.078,82.964,4.0
Fake A Smile,Alan Walker,0.212,0.447,168118.0,0.553,0.0,0.0,0.165,-4.817,1.0,0.0322,149.877,4.0
Fake It Til You Make It,DREAMERS,0.0341,0.634,204453.0,0.861,6.67e-06,9.0,0.0744,-3.874,0.0,0.0387,139.988,4.0
Faking It,Sasha Alex Sloan,0.32,0.641,167353.0,0.37,0.0,1.0,0.206,-8.645,0.0,0.0565,81.043,4.0
Fakira,Vishal-Shekhar,,,,,,,,,,,,
Fall,Eminem,0.227,0.83,262494.0,0.546,0.0,1.0,0.112,-5.716,1.0,0.295,182.973,4.0
Fall,Francis Karel,0.717,0.604,189619.0,0.609,0.0,7.0,0.179,-5.531,1.0,0.0676,112.028,4.0
Fall,Sasha Alex Sloan,0.919,0.692,166372.0,0.248,1.28e-05,10.0,0.102,-11.304,0.0,0.0283,100.111,4.0
Fall Away,Lund,0.487,0.704,228889.0,0.241,0.0887,0.0,0.14,-16.536,1.0,0.032,107.994,4.0
Fall In Love Alone - Sped Up Version,Stacey Ryan,0.238,0.61,158880.0,0.719,0.0,8.0,0.143,-3.352,1.0,0.239,111.734,4.0
Fall Into Me,Forest Blakk,0.179,0.45,226067.0,0.483,0.0,2.0,0.127,-6.754,1.0,0.0572,118.305,4.0
Fallen Leaves,Retro Jungle,0.795,0.644,236308.0,0.0904,0.93,7.0,0.107,-24.887,1.0,0.04,130.047,4.0
Fallin' Apart,Young Franco,0.0455,0.766,124494.0,0.8,0.0,4.0,0.672,-7.676,1.0,0.321,111.126,4.0
Fallin' Asleep,Dimension 32,0.942,0.454,154595.0,0.0834,0.883,0.0,0.101,-21.809,1.0,0.0343,147.928,4.0
Falling,Besomorph,0.0183,0.469,149571.0,0.777,0.0,8.0,0.111,-6.175,0.0,0.0742,139.967,4.0
Falling,Draze,0.335,0.61,188036.0,0.515,0.0,8.0,0.113,-11.877,0.0,0.111,126.924,4.0
Falling,Harry Styles,0.839,0.567,240133.0,0.267,1.46e-06,4.0,0.089,-6.502,1.0,0.0299,110.011,4.0
Falling,Phil Good,0.565,0.635,170310.0,0.762,3.13e-05,10.0,0.0953,-6.784,1.0,0.0621,157.027,4.0
Falling Down - Bonus Track,Lil Peep,0.0175,0.669,196400.0,0.574,0.00294,4.0,0.146,-6.442,0.0,0.0286,120.013,4.0
Falling For You with Justin Bieber,Jaden,0.721,0.69,222717.0,0.541,4.64e-05,4.0,0.112,-9.259,1.0,0.042,130.024,4.0
Falling In Love,Kurt Hugo Schneider,0.471,0.69,211436.0,0.352,0.0,7.0,0.0955,-10.348,1.0,0.0286,128.044,4.0
Falling Like The Stars,James Arthur,0.79,0.552,211653.0,0.347,2.15e-06,6.0,0.111,-9.542,1.0,0.0303,113.809,4.0
Falling for U,Peachy!,0.748,0.719,124000.0,0.36,2.18e-06,6.0,0.0812,-12.034,1.0,0.398,80.184,4.0
Falls (feat. Sasha Alex Sloan),ODESZA,0.478,0.797,305806.0,0.78,0.896,10.0,0.379,-8.943,0.0,0.184,123.997,4.0
False Alarm,The Weeknd,0.0324,0.517,220307.0,0.677,3.37e-05,8.0,0.189,-6.373,0.0,0.0746,173.978,4.0
False Direction,Dayglow,0.0306,0.679,277200.0,0.582,0.000932,11.0,0.108,-10.459,1.0,0.0615,149.975,4.0
"Familia (with Anuel Aa, feat. Bantu) - Spider-Man: Into the Spider-Verse",Nicki Minaj,0.0166,0.766,174893.0,0.881,2.3e-06,9.0,0.347,-5.158,0.0,0.137,112.027,5.0
Famous,Kanye West,0.0711,0.465,196040.0,0.735,0.0,6.0,0.0975,-3.715,1.0,0.117,173.935,4.0
Fantasy,Bazzi,0.154,0.699,148230.0,0.668,3.2e-06,5.0,0.362,-4.272,0.0,0.0336,144.105,4.0
Fantasy,"Earth, Wind & Fire",0.291,0.666,226213.0,0.714,0.0212,4.0,0.128,-9.448,0.0,0.0617,89.018,4.0
Far Away,Peter Fenn,0.493,0.806,131937.0,0.493,0.0,8.0,0.107,-8.847,1.0,0.0348,110.078,4.0
Fashion,The Royal Concept,0.00665,0.661,213907.0,0.761,0.0,8.0,0.0572,-4.497,1.0,0.0302,104.496,4.0
Fast Asleep,Corey J. Beats,0.943,0.494,145181.0,0.06,0.9,0.0,0.0839,-26.011,1.0,0.0372,61.992,4.0
Fast Car,Jonas Blue,0.469,0.672,212424.0,0.578,0.0,9.0,0.312,-6.621,1.0,0.0569,113.945,4.0
Fast Lane,Bad Meets Evil,0.0388,0.615,249560.0,0.871,0.0,1.0,0.246,-3.804,1.0,0.281,119.149,5.0
Fast Lane,Palm Trees,0.365,0.733,149575.0,0.712,0.0,9.0,0.0914,-5.393,1.0,0.0748,98.014,4.0
Fathom the Bowl,Linda Morrison,0.695,0.556,133387.0,0.426,0.0,4.0,0.349,-6.149,1.0,0.0405,158.849,3.0
Favor,Vindata,0.0577,0.617,222857.0,0.644,2.06e-05,0.0,0.0906,-6.681,1.0,0.0881,140.051,4.0
Favorite,TroyBoi,0.0392,0.833,164898.0,0.639,4.24e-05,0.0,0.162,-3.825,0.0,0.0881,146.996,4.0
Favorite Girl,Justin Bieber,0.0472,0.581,256800.0,0.681,0.0,7.0,0.104,-4.469,1.0,0.0435,176.034,4.0
Favorite What If,Ashley Kutcher,0.275,0.455,172499.0,0.358,0.0,5.0,0.0822,-7.309,1.0,0.0339,90.675,3.0
Feather,Bcalm,0.946,0.618,115862.0,0.262,0.943,11.0,0.0983,-17.298,0.0,0.0345,116.021,4.0
Febreze (feat. 2 Chainz),Jack Ü,0.0184,0.68,214400.0,0.983,0.0,2.0,0.289,-3.51,1.0,0.333,149.829,4.0
Fee des Lilas (Variation VI),Pyotr Ilyich Tchaikovsky,0.94,0.207,80000.0,0.279,0.877,0.0,0.36,-15.03,1.0,0.0363,116.472,3.0
Feel Again (Feat. Au/Ra),Kina,0.24,0.487,139355.0,0.384,0.0,5.0,0.124,-10.594,1.0,0.0587,78.138,4.0
Feel Alright,Poolside,0.00696,0.604,244459.0,0.794,0.121,4.0,0.067,-5.58,0.0,0.0394,105.992,4.0
Feel Good Drag,Anberlin,0.00437,0.49,187853.0,0.877,5.05e-05,5.0,0.3,-4.37,0.0,0.0496,93.986,4.0
Feel It Still,Sofia Carson,0.0498,0.708,144629.0,0.446,3.09e-06,1.0,0.108,-7.993,0.0,0.0921,151.974,4.0
Feel Love,Suriel Hess,0.458,0.753,156055.0,0.448,0.0,7.0,0.151,-7.534,1.0,0.177,110.036,4.0
Feel My Love,KK,0.0144,0.746,299893.0,0.697,0.000746,7.0,0.167,-7.693,0.0,0.0422,99.974,4.0
Feel So Good,Lvly,0.0183,0.769,196160.0,0.809,0.0,0.0,0.354,-5.015,1.0,0.106,110.002,4.0
Feeling Whitney,Post Malone,0.787,0.412,257267.0,0.227,4.69e-06,0.0,0.282,-12.696,1.0,0.0359,80.111,4.0
Feelings,Lauv,0.0567,0.7,189907.0,0.394,0.0,9.0,0.0801,-8.911,1.0,0.0328,103.041,4.0
Feels,AP Dhillon,0.108,0.71,151304.0,0.698,0.0,7.0,0.098,-6.489,0.0,0.0368,91.976,4.0
Feels Like,Gracie Abrams,0.702,0.617,152318.0,0.483,0.000216,11.0,0.121,-7.359,1.0,0.0458,144.99,4.0
Feels Like Summer,Childish Gambino,0.162,0.55,297404.0,0.596,0.00481,7.0,0.0805,-8.214,1.0,0.134,165.736,4.0
Feels So Easy,Ber,0.747,0.607,146307.0,0.418,5.63e-05,6.0,0.116,-10.189,0.0,0.0659,110.158,4.0
Feet Don't Fail Me Now,Joy Crookes,0.17,0.662,198800.0,0.84,0.000226,6.0,0.155,-3.112,1.0,0.0509,112.914,4.0
Felted,Tom Doolie,0.907,0.548,111890.0,0.106,0.935,9.0,0.081,-19.316,0.0,0.0342,140.073,4.0
Fever,Luca,0.428,0.61,173411.0,0.554,0.000322,2.0,0.157,-8.301,0.0,0.13,106.818,4.0
Fiction,Lund,0.419,0.752,279515.0,0.481,3.11e-05,11.0,0.366,-9.203,0.0,0.044,135.671,4.0
Fight Back,NEFFEX,0.094,0.716,200571.0,0.946,6.63e-05,1.0,0.0825,-3.412,1.0,0.261,139.943,4.0
Fight Club,Lorne Balfe,0.498,0.558,125133.0,0.469,0.0472,0.0,0.0762,-13.878,0.0,0.0439,122.979,4.0
Fighters,Conro,0.0255,0.677,226560.0,0.591,0.000199,6.0,0.187,-9.003,0.0,0.0396,125.027,4.0
Figure.09,Linkin Park,0.00919,0.518,197507.0,0.951,0.0,9.0,0.148,-3.198,1.0,0.0529,98.068,4.0
Final Masquerade,Linkin Park,0.00774,0.466,217613.0,0.852,2.6e-06,3.0,0.0989,-4.487,1.0,0.0585,164.032,4.0
Finale (feat. Nicholas Petricca),Madeon,0.00612,0.417,204853.0,0.859,2.41e-06,7.0,0.175,-3.169,0.0,0.0484,92.078,4.0
Find Yourself,Great Good Fine Ok,0.693,0.718,176439.0,0.621,2.07e-05,5.0,0.13,-4.799,0.0,0.0388,112.104,4.0
Finesse,Pheelz,0.559,0.859,155293.0,0.551,0.0,1.0,0.194,-7.916,0.0,0.149,102.049,4.0
Fingers Crossed,Trevor Daniel,0.204,0.62,155147.0,0.611,0.0,9.0,0.34,-4.997,1.0,0.0359,172.142,4.0
Fire Again,VALORANT,0.000522,0.516,206777.0,0.789,0.00206,0.0,0.289,-3.678,1.0,0.163,99.998,4.0
Fire Camp,Dimension 32,0.961,0.575,144976.0,0.146,0.883,7.0,0.108,-20.354,1.0,0.0311,92.044,4.0
Fire and the Flood,Vance Joy,0.0242,0.596,249382.0,0.827,0.0,5.0,0.0958,-4.402,1.0,0.0372,115.034,4.0
Fireflies,Owl City,0.0275,0.512,228347.0,0.662,0.0,3.0,0.118,-6.797,1.0,0.0439,180.114,4.0
Firestone,Kygo,0.393,0.704,271640.0,0.634,3.17e-05,11.0,0.0952,-7.374,0.0,0.0428,113.927,4.0
First Christmas (That I Loved You) (From The Netflix Film Let It Snow),Shameik Moore,0.171,0.673,182159.0,0.467,1.37e-06,8.0,0.104,-7.624,1.0,0.0267,92.011,4.0
First Class,Jack Harlow,0.111,0.902,173948.0,0.582,3.18e-06,5.0,0.111,-5.902,0.0,0.109,107.005,4.0
First Date,Adib Sin,0.698,0.504,146667.0,0.529,2.94e-06,0.0,0.105,-8.027,1.0,0.0679,180.14,4.0
First Echo,Masakatsu Takagi,0.994,0.34,90120.0,0.00829,0.726,7.0,0.362,-30.769,1.0,0.0386,98.406,4.0
First Grade,Lauv,0.897,0.423,218676.0,0.196,0.0,5.0,0.103,-11.576,1.0,0.0391,117.953,4.0
First Place,bülow,0.293,0.666,153545.0,0.642,0.0,3.0,0.0873,-6.385,1.0,0.0445,165.076,4.0
First Step,Hans Zimmer,0.433,0.163,107767.0,0.084,0.95,9.0,0.102,-19.007,0.0,0.0329,71.028,4.0
First of the Year (Equinox),Skrillex,0.00711,0.429,261517.0,0.948,0.0148,5.0,0.0812,-3.657,0.0,0.227,115.785,3.0
First view of tokyo,RADWIMPS,0.877,0.238,79800.0,0.389,0.888,2.0,0.154,-9.536,1.0,0.04,78.548,4.0
Fish in the Sea,Michiel Schrey,0.908,0.841,89253.0,0.508,0.0,6.0,0.399,-6.366,0.0,0.0592,101.854,3.0
Fixed,New Hope Club,0.101,0.759,223587.0,0.643,0.0,1.0,0.0556,-5.248,0.0,0.069,82.498,4.0
Fixed Heart,Gerardo Millán,0.977,0.731,140021.0,0.0459,0.967,9.0,0.0972,-17.265,0.0,0.0662,120.034,4.0
Flaws,Yoste,0.128,0.73,177542.0,0.445,0.00347,10.0,0.264,-9.007,1.0,0.0382,121.937,4.0
Flight Risk,Tommy Lefroy,0.418,0.348,59027.0,0.165,0.0,6.0,0.162,-6.816,1.0,0.0439,47.971,4.0
"Flightless Bird, American Mouth",Iron & Wine,0.827,0.369,241917.0,0.403,0.0541,3.0,0.106,-7.996,1.0,0.0259,154.899,3.0
Flite,The Cinematic Orchestra,0.165,0.541,395707.0,0.779,0.921,11.0,0.108,-11.082,0.0,0.0363,137.033,1.0
Floating Between,Obie Hans,0.63,0.643,161039.0,0.284,0.91,1.0,0.182,-15.849,0.0,0.0548,83.008,4.0
Floating Castle,Bcalm,0.456,0.669,166000.0,0.201,0.926,7.0,0.169,-17.455,0.0,0.0934,144.019,4.0
Floating Dead Leaves,Kato,0.982,0.785,65450.0,0.0058,0.964,9.0,0.111,-27.749,0.0,0.107,66.492,4.0
Floating Dead Leaves Piano,Kato,0.991,0.697,67411.0,0.0113,0.964,9.0,0.101,-26.328,0.0,0.0746,66.537,4.0
Flowers,The Neighbourhood,0.0179,0.559,197693.0,0.6,0.0163,0.0,0.204,-7.002,1.0,0.0248,100.029,4.0
Flowers,The Red Pears,0.0835,0.371,128839.0,0.582,0.00547,9.0,0.0794,-7.372,1.0,0.0272,145.562,4.0
Fly Away,Tones And I,0.217,0.806,178157.0,0.513,0.0,4.0,0.217,-6.208,1.0,0.0685,124.988,4.0
Fly Away - Extended Mix,Digital Planet,0.00493,0.475,301100.0,0.966,6.29e-05,7.0,0.0976,-4.249,1.0,0.111,149.952,4.0
Fly Down,Stephen,0.764,0.692,197045.0,0.412,8.84e-06,0.0,0.116,-6.72,0.0,0.38,87.025,4.0
Fly Me To The Moon,Frank Sinatra,0.453,0.668,147000.0,0.26,0.0,7.0,0.0621,-14.256,1.0,0.0523,119.416,4.0
Fly Me To The Moon (In Other Words),Frank Sinatra,0.453,0.668,147000.0,0.26,0.0,7.0,0.0621,-14.256,1.0,0.0523,119.416,4.0
Fly Me To The Moon - 2008 Remastered,Frank Sinatra,0.549,0.591,147520.0,0.298,2.22e-06,4.0,0.0797,-12.269,0.0,0.06,119.954,4.0
Fly Me to the Moon,Joytastic Sarah,0.921,0.721,190877.0,0.2,0.0159,6.0,0.0983,-16.09,0.0,0.041,144.027,4.0
Fly Out West,Yot Club,0.417,0.499,174212.0,0.666,0.461,2.0,0.0715,-15.61,1.0,0.0446,173.325,4.0
Flying Away,Enluv,0.718,0.577,151538.0,0.309,0.824,2.0,0.0747,-15.045,1.0,0.0498,77.824,4.0
Flying Drone,Hans Zimmer,0.964,0.424,113193.0,0.178,0.791,9.0,0.0835,-23.049,0.0,0.0403,96.117,4.0
Fog Remnants,luvwn,0.933,0.619,171942.0,0.097,0.96,8.0,0.107,-17.641,0.0,0.0446,133.902,4.0
Follow,Crystal Fighters,0.451,0.534,194507.0,0.767,0.0838,2.0,0.11,-5.806,1.0,0.088,151.99,4.0
Follow Me,Levianth,0.202,0.572,124062.0,0.881,0.687,2.0,0.0684,-0.765,0.0,0.139,160.318,4.0
Follow Through,Devin Kennedy,0.818,0.585,140446.0,0.51,5.81e-06,7.0,0.28,-8.056,1.0,0.0705,78.324,4.0
Follow You,Imagine Dragons,0.00209,0.542,175644.0,0.732,7.92e-05,9.0,0.496,-5.956,1.0,0.0521,124.912,4.0
Follow the Signal,Curtis Schweitzer,0.899,0.112,135560.0,0.0644,0.974,7.0,0.0907,-27.554,1.0,0.0374,158.312,4.0
Followers,AREA21,0.163,0.557,177207.0,0.798,3.59e-05,11.0,0.295,-4.162,1.0,0.0362,144.969,4.0
Fond,nodisco.,0.0361,0.606,189733.0,0.672,0.00243,4.0,0.0919,-6.616,1.0,0.0269,100.008,4.0
Foolish Of Me (feat. Jonathan Mendelsohn),Seven Lions,0.146,0.379,186667.0,0.689,0.0,11.0,0.326,-5.455,0.0,0.0745,179.99,4.0
Footprints - Mokita Remix,Morgan Page,0.317,0.421,153979.0,0.461,0.0,4.0,0.189,-12.708,1.0,0.0636,139.931,4.0
"For Aisha (Featured in ""The Sky Is Pink"")",MEMBA,,,,,,,,,,,,
For Anna,Austin Blue,0.884,0.355,147609.0,0.0135,7.36e-05,7.0,0.121,-17.687,1.0,0.05,136.631,4.0
For My Hand (feat. Ed Sheeran),Burna Boy,0.161,0.87,159124.0,0.479,0.000157,9.0,0.209,-7.779,1.0,0.165,104.059,4.0
For Now,Lauv,0.776,0.532,189240.0,0.227,7.56e-06,7.0,0.086,-12.184,1.0,0.0416,83.57,4.0
For Now,Sam Fischer,0.89,0.731,211813.0,0.233,0.0,1.0,0.3,-11.109,1.0,0.0376,108.008,4.0
For You (With Rita Ora),Liam Payne,0.0183,0.535,242828.0,0.8,0.0,2.0,0.421,-4.569,0.0,0.0342,113.023,4.0
Ford vs. Ferrari Pt. I - The Rise of Enzo Ferrari,Past Gas by Donut Media,,,,,,,,,,,,
Foresight,Lund,0.366,0.632,196923.0,0.492,1.01e-05,8.0,0.127,-12.432,1.0,0.0495,156.005,4.0
Forest Nap,LoFiPøwder,0.0181,0.509,150857.0,0.214,0.832,2.0,0.0875,-15.357,0.0,0.0297,139.992,4.0
Forever,Chris Brown,0.0368,0.672,278573.0,0.82,0.000188,11.0,0.184,-4.456,1.0,0.0459,120.005,4.0
Forever,Joe Turner,0.0125,0.564,216285.0,0.888,0.574,4.0,0.428,-5.837,0.0,0.0394,120.99,4.0
Forever,Labrinth,0.92,0.563,202536.0,0.459,0.724,4.0,0.11,-7.781,0.0,0.0292,79.983,4.0
Forever,Lewis Capaldi,0.873,0.646,210863.0,0.355,0.0,1.0,0.115,-7.119,1.0,0.0263,84.988,4.0
Forever,ilyTOMMY,0.678,0.613,108696.0,0.339,0.0,5.0,0.166,-14.908,0.0,0.135,106.582,5.0
Forever & Always,Zeph,0.989,0.497,249706.0,0.103,0.945,8.0,0.111,-23.581,0.0,0.0443,154.881,4.0
Forever Dumb,Surf Curse,0.0226,0.303,258320.0,0.736,0.0352,1.0,0.107,-12.691,0.0,0.0736,170.826,4.0
Forever With You,Keenan Te,0.699,0.515,204800.0,0.249,0.0,11.0,0.0947,-8.59,1.0,0.0461,140.243,3.0
Forever Young,Boy In Space,0.573,0.556,211681.0,0.221,0.0,7.0,0.0975,-10.481,1.0,0.0314,122.063,4.0
Forget,Wilder Gray,0.493,0.706,180923.0,0.315,3.02e-05,0.0,0.126,-14.773,0.0,0.269,129.857,4.0
Forget About You,Devin Kennedy,0.807,0.503,100739.0,0.264,0.0,10.0,0.24,-9.762,0.0,0.0632,45.861,4.0
Forgive Me (feat. Izzy Bizu),ODESZA,,,,,,,,,,,,
Forgot 2 Die,Foreign Forest,0.0108,0.492,282615.0,0.445,0.000379,8.0,0.109,-11.807,1.0,0.0369,129.062,4.0
Formula,Labrinth,0.0448,0.574,91870.0,0.664,0.0553,11.0,0.146,-6.068,1.0,0.0409,144.654,4.0
Fortunate Son,Creedence Clearwater Revival,0.201,0.64,140773.0,0.663,0.00806,0.0,0.152,-7.516,1.0,0.0374,132.77,4.0
Foundations,Curtis Schweitzer,0.836,0.442,204107.0,0.315,0.954,7.0,0.084,-20.382,0.0,0.0483,120.063,4.0
Four,Lana Lubany,0.21,0.673,63658.0,0.559,0.0,7.0,0.101,-10.279,1.0,0.243,184.796,4.0
Four Corners,Young Ejecta,0.103,0.797,159791.0,0.61,0.124,10.0,0.138,-8.569,1.0,0.0369,122.054,4.0
Fractions,Juniper Vale,0.532,0.636,230667.0,0.659,5.26e-05,1.0,0.0795,-5.812,0.0,0.029,90.01,4.0
Fragile (Orchestrated),Midge Ure,0.407,0.197,379733.0,0.418,0.165,7.0,0.0956,-5.882,1.0,0.0311,104.758,4.0
Frankenstein,Claire Rosinkranz,0.13,0.826,202249.0,0.745,1.32e-05,2.0,0.178,-6.091,1.0,0.141,119.92,4.0
Freak Like That,Austin George,0.105,0.629,135844.0,0.598,0.0,6.0,0.17,-7.873,0.0,0.105,79.962,4.0
Freaks,Surf Curse,3.84e-05,0.345,147062.0,0.941,0.633,9.0,0.0511,-9.918,1.0,0.0466,179.626,4.0
Freaks,Television Blonde,0.33,0.507,152660.0,0.834,0.759,9.0,0.284,-14.187,1.0,0.0503,173.15,4.0
Freaks,Timmy Trumpet,0.0136,0.882,169160.0,0.965,0.388,4.0,0.206,-0.818,1.0,0.13,128.129,4.0
Freckles,Curtis Waters,0.149,0.772,158429.0,0.623,0.0,8.0,0.227,-6.275,1.0,0.0464,122.951,4.0
"Free - From Disney's ""The One And Only Ivan""",Charlie Puth,0.632,0.513,228821.0,0.448,0.0,1.0,0.101,-6.961,1.0,0.0305,97.07,4.0
Free Bird,Lynyrd Skynyrd,0.0738,0.249,547107.0,0.834,9.48e-05,0.0,0.0924,-8.21,1.0,0.0577,118.223,4.0
Free Me,NEFFEX,0.284,0.751,137600.0,0.711,0.0,1.0,0.501,-3.635,1.0,0.226,74.59,4.0
Free Spirit,Dimension 32,0.985,0.577,163233.0,0.211,0.829,6.0,0.172,-16.601,1.0,0.0423,96.009,4.0
Free Time,Ruel,0.101,0.637,218827.0,0.478,0.0,11.0,0.103,-5.783,0.0,0.03,99.989,3.0
Frgt/10 (Alchemist Reanimation) [feat. Chali 2na],Linkin Park,0.0336,0.631,212293.0,0.736,0.0124,7.0,0.3,-6.96,0.0,0.0682,95.091,4.0
Friends,Chase Atlantic,0.0114,0.422,230011.0,0.609,4.76e-06,11.0,0.108,-6.361,0.0,0.0335,107.34,3.0
Friends Don't Keep Secrets,Stephen Dawes,0.367,0.543,131613.0,0.482,8.69e-05,9.0,0.0892,-16.765,1.0,0.0938,154.924,4.0
From Gold,Novo Amor,0.92,0.392,214336.0,0.433,0.646,5.0,0.0937,-13.313,1.0,0.0364,100.253,4.0
From Here,CloudNone,0.64,0.509,199615.0,0.678,0.737,1.0,0.132,-7.536,0.0,0.157,129.665,4.0
"From Me, the Moon",Lav,0.995,0.556,235656.0,0.0179,0.16,0.0,0.0684,-28.603,1.0,0.0383,99.411,4.0
From Now On,Hugh Jackman,0.00483,0.516,349560.0,0.518,0.00895,4.0,0.585,-10.383,1.0,0.04,108.027,4.0
From The Lake To The Land,Foreign Fields,0.961,0.238,191250.0,0.182,0.397,4.0,0.115,-16.154,1.0,0.0304,86.573,1.0
From the Inside,Linkin Park,0.042,0.466,173933.0,0.965,0.0,1.0,0.101,-2.597,0.0,0.0904,95.028,3.0
Frost,Oatmello,0.875,0.691,130652.0,0.296,0.916,11.0,0.0854,-16.54,0.0,0.0446,137.995,4.0
Fuck Up the Friendship,Leah Kate,0.142,0.744,172758.0,0.736,1.1e-05,1.0,0.11,-5.258,0.0,0.291,103.993,4.0
Full Control - Original Mix,Physical Phase,0.00224,0.625,427559.0,0.881,0.457,7.0,0.0716,-8.79,0.0,0.0538,128.014,4.0
Full Moon,The Black Ghosts,0.0105,0.564,231333.0,0.598,0.0901,7.0,0.165,-8.064,1.0,0.0262,105.009,4.0
Full Throttle - Acoustic,Ben Schuller,0.827,0.437,196026.0,0.308,0.0,6.0,0.11,-7.289,0.0,0.0392,116.332,4.0
Fumari,Peach Tree Rascals,0.066,0.908,120000.0,0.636,0.0,4.0,0.161,-7.987,1.0,0.0364,126.027,4.0
Fumes,EDEN,0.161,0.388,214632.0,0.836,0.0,7.0,0.936,-3.269,1.0,0.231,76.305,4.0
Funambule,Dimension 32,0.987,0.642,172281.0,0.191,0.818,4.0,0.105,-15.986,1.0,0.0377,125.987,4.0
Funeral,Phoebe Bridgers,0.947,0.218,232373.0,0.263,0.00028,11.0,0.0919,-14.416,1.0,0.0376,170.724,4.0
Futura,Battles,0.0447,0.724,377493.0,0.745,0.763,4.0,0.0546,-7.453,0.0,0.0566,99.974,4.0
Für Elise,Betoven Collection,0.98,0.263,172980.0,0.127,0.849,9.0,0.109,-25.092,0.0,0.0423,140.442,4.0
"Für Elise, WoO 59",Ludwig van Beethoven,0.987,0.289,212067.0,0.0306,0.911,9.0,0.102,-30.79,0.0,0.0446,125.61,3.0
G.O.A.T.,Diljit Dosanjh,0.00313,0.544,223636.0,0.917,0.0,1.0,0.26,-3.403,0.0,0.259,176.068,4.0
GLOCK GLOCK,$ober,0.039,0.612,132012.0,0.881,2.93e-05,11.0,0.25,-0.95,0.0,0.0522,159.922,4.0
GLOW,CORSAK,0.142,0.59,191312.0,0.538,0.0,0.0,0.137,-7.556,1.0,0.0435,145.111,4.0
GLOW,bear bear & friends,0.235,0.619,181812.0,0.671,0.000698,1.0,0.126,-3.451,1.0,0.0284,140.122,4.0
GO!,MoonDeity,0.487,0.708,150466.0,0.912,0.0177,7.0,0.79,-3.189,1.0,0.0838,118.013,4.0
GODMODE,4WHEEL,0.659,0.789,164000.0,0.897,0.00013,5.0,0.629,-1.375,0.0,0.0778,130.015,4.0
GOING MAD,Kardanas,0.0264,0.694,138068.0,0.954,0.0253,10.0,0.0681,-1.577,1.0,0.0333,131.949,4.0
GOOD DIE YOUNG,Elley Duhé,0.588,0.499,162104.0,0.532,0.0125,8.0,0.117,-7.257,0.0,0.0406,143.921,4.0
GOSHA,$NOT,0.81,0.847,120000.0,0.448,1.35e-05,0.0,0.325,-10.14,1.0,0.416,79.975,4.0
GROWING UP IS _____,Ruel,0.0012,0.674,233587.0,0.719,0.000118,0.0,0.231,-5.69,1.0,0.029,112.542,4.0
Galaxies,Protostar,0.000329,0.426,245114.0,0.91,0.553,1.0,0.106,-1.948,1.0,0.0365,175.961,4.0
Galvanize,The Chemical Brothers,0.0141,0.745,393813.0,0.714,0.0222,7.0,0.363,-3.681,1.0,0.0751,104.003,4.0
Galway Girl,Ed Sheeran,0.0735,0.624,170827.0,0.876,0.0,9.0,0.327,-3.374,1.0,0.1,99.943,4.0
Gamanisu,Sonu Nigam,0.742,0.364,287253.0,0.403,3.39e-06,4.0,0.0978,-6.765,1.0,0.0298,119.854,4.0
Gambare Gambare Senpai,nessei,,,,,,,,,,,,
Game On,Eygency,,,,,,,,,,,,
Gang Shit No Lame Shit,Key Glock,0.0394,0.828,131600.0,0.434,0.0,5.0,0.0806,-10.609,1.0,0.301,115.071,4.0
Gangnam Style (강남스타일),PSY,0.00417,0.727,219493.0,0.937,0.0,11.0,0.091,-2.871,0.0,0.286,132.067,4.0
Gangsta's Paradise,Coolio,0.0655,0.647,240693.0,0.514,0.0,8.0,0.398,-10.05,1.0,0.0593,79.975,4.0
Garbage Truck,Sex Bob-Omb,0.299,0.494,103880.0,0.839,0.0,2.0,0.467,-4.458,1.0,0.127,133.481,4.0
"Garmi (From ""Street Dancer 3D"") (feat. Varun Dhawan)",Badshah,,,,,,,,,,,,
Gasoline,Nic D,0.194,0.668,103236.0,0.541,0.0,11.0,0.201,-7.794,1.0,0.296,200.163,4.0
Gaytime In Goa - Instrumental,Uttam Singh,0.537,0.325,289573.0,0.458,0.904,7.0,0.082,-7.541,1.0,0.041,180.014,3.0
Gbraakon Escape,Curtis Schweitzer,0.48,0.567,149533.0,0.618,0.861,5.0,0.094,-14.604,1.0,0.0389,82.513,3.0
"Gehraiyaan Title Track (From ""Gehraiyaan"")",OAFF,,,,,,,,,,,,
Genda Phool,Rekha Bhardwaj,0.296,0.734,168240.0,0.355,0.000135,10.0,0.124,-10.605,0.0,0.083,193.922,4.0
Gentle Night,C4C,0.903,0.674,155294.0,0.0708,0.833,8.0,0.111,-22.412,0.0,0.0482,135.888,4.0
Geronimo,Sheppard,0.456,0.705,218228.0,0.78,0.00152,7.0,0.115,-6.267,1.0,0.0805,142.028,4.0
Get Me out of Here,Mindme,0.0231,0.68,186250.0,0.64,5.02e-06,11.0,0.0893,-6.957,1.0,0.0334,103.094,4.0
Get Stüpid,bülow,0.202,0.843,172800.0,0.797,0.000117,11.0,0.0822,-4.597,0.0,0.0419,109.973,4.0
Get You The Moon (feat. Snøw),Kina,0.72,0.498,179080.0,0.235,0.0,1.0,0.144,-16.541,0.0,0.188,118.917,4.0
Getcha Some,Chevy Woods,0.177,0.684,250584.0,0.591,0.0,11.0,0.247,-6.844,1.0,0.0475,139.963,4.0
Getting Old,Pontifexx,0.278,0.502,169512.0,0.793,0.00161,1.0,0.122,-6.483,0.0,0.115,179.743,3.0
"Ghalat Fehmi - From ""Superstar""",Asim Azhar,0.608,0.758,286008.0,0.588,9.3e-05,11.0,0.189,-7.777,0.0,0.091,134.014,4.0
Ghosst,Lorn,0.569,0.238,260005.0,0.537,0.367,8.0,0.087,-9.219,1.0,0.0477,114.169,4.0
Ghost,Au/Ra,0.552,0.667,177630.0,0.503,0.0,0.0,0.169,-8.217,0.0,0.0526,144.015,4.0
Ghost,Justin Bieber,0.185,0.601,153190.0,0.741,2.91e-05,2.0,0.415,-5.569,1.0,0.0478,153.96,4.0
Ghost,Magdalena Bay,0.0165,0.791,185739.0,0.806,0.0973,5.0,0.109,-4.191,0.0,0.0296,114.981,4.0
Ghost,Nico Collins,0.0211,0.592,187015.0,0.895,0.0,10.0,0.204,-2.179,0.0,0.0461,103.092,4.0
"Ghost In A Flower (From ""A Whisker Away"")",Akano,,,,,,,,,,,,
Ghost Of You,5 Seconds of Summer,0.0965,0.458,197411.0,0.561,0.0,10.0,0.156,-4.819,1.0,0.0269,149.875,3.0
Ghost Town,Layto,0.0658,0.631,193846.0,0.643,0.0,0.0,0.0937,-5.656,1.0,0.053,130.099,4.0
Ghosts,Mike Shinoda,0.0134,0.679,174573.0,0.834,0.00291,7.0,0.194,-5.984,1.0,0.0738,103.053,4.0
Ghosts,The Presets,0.154,0.607,209040.0,0.68,2.76e-06,1.0,0.242,-9.15,1.0,0.0384,139.976,4.0
Giant,Vampire Weekend,0.000736,0.738,169067.0,0.753,0.0134,9.0,0.278,-7.201,1.0,0.0636,117.988,4.0
Giant (with Rag'n'Bone Man),Calvin Harris,0.016,0.807,229184.0,0.887,0.000503,1.0,0.0811,-4.311,0.0,0.0361,122.015,4.0
GigaChad Theme (Phonk House Version) - Sped Up,g3ox_em,0.000928,0.494,122350.0,0.536,0.931,9.0,0.188,-5.758,1.0,0.0588,153.933,4.0
GigaChad Theme - Phonk House Version,g3ox_em,0.00166,0.588,146274.0,0.496,0.936,9.0,0.186,-5.947,1.0,0.0417,128.001,4.0
Gilded Lily - Sped Up,Cults,0.484,0.382,192727.0,0.586,7.7e-06,1.0,0.167,-6.402,0.0,0.031,68.156,4.0
Gimme Love,Joji,0.695,0.484,214558.0,0.632,0.0243,5.0,0.209,-6.917,1.0,0.0976,126.384,3.0
Gimme That Sunshine,Animal Island,0.0026,0.53,200120.0,0.632,0.0,6.0,0.419,-7.908,0.0,0.0279,108.028,4.0
Gimme Twice,The Royal Concept,0.000306,0.409,204227.0,0.951,8.11e-06,11.0,0.314,-3.487,1.0,0.157,155.967,4.0
Gimme! Gimme! Gimme! (A Man After Midnight),ABBA,0.02,0.749,292613.0,0.491,0.00899,10.0,0.159,-9.655,1.0,0.0403,119.528,4.0
Girei (Pain's Theme),Kato,0.996,0.77,58288.0,0.00746,0.968,2.0,0.0931,-29.715,1.0,0.0749,99.897,3.0
Girei Piano (Pain's Theme),Kato,0.994,0.667,58042.0,0.0391,0.969,7.0,0.113,-26.257,1.0,0.0831,100.093,3.0
Girl And The Sea,The Presets,0.0355,0.736,286213.0,0.582,0.00113,5.0,0.0323,-5.646,0.0,0.0416,125.99,4.0
Girl from the North Country,Bob Dylan,0.843,0.607,220400.0,0.142,0.000197,7.0,0.121,-23.455,1.0,0.0382,118.867,4.0
Girlfriend,Charlie Puth,0.18,0.758,177438.0,0.583,5.12e-05,1.0,0.107,-6.361,1.0,0.0421,97.537,4.0
Girlfriend,Christine and the Queens,0.0343,0.819,199707.0,0.602,0.0017,0.0,0.184,-6.521,0.0,0.0408,110.018,4.0
Girls Like You (feat. Cardi B) - Cardi B Version,Maroon 5,0.568,0.851,235545.0,0.541,0.0,0.0,0.13,-6.825,1.0,0.0505,124.959,4.0
Give & Take,John Marc,0.869,0.393,271690.0,0.276,0.0,1.0,0.114,-12.324,1.0,0.0288,149.758,4.0
Give Me Something,Seafret,0.833,0.557,158720.0,0.439,0.000331,9.0,0.108,-11.153,1.0,0.0379,131.667,4.0
Give Me Your Forever,Zack Tabudlo,0.279,0.627,244800.0,0.363,0.0,8.0,0.0928,-8.127,1.0,0.0291,99.905,4.0
Give Me an Answer,Low Roar,0.278,0.542,223484.0,0.488,9.48e-05,7.0,0.598,-8.732,1.0,0.0381,80.011,4.0
Give Up,Low Roar,0.882,0.234,186600.0,0.389,0.0806,0.0,0.107,-9.215,1.0,0.0298,164.542,4.0
Giving Up the Gun,Vampire Weekend,0.00123,0.636,286160.0,0.879,0.000156,9.0,0.0586,-5.204,1.0,0.0511,134.034,4.0
Glad You Exist,Dan + Shay,0.23,0.741,144760.0,0.499,0.0,11.0,0.125,-8.035,1.0,0.0356,103.96,4.0
Glimpse of Us,Joji,0.891,0.44,233456.0,0.317,4.78e-06,8.0,0.141,-9.258,1.0,0.0531,169.914,3.0
Glory Box,Portishead,0.177,0.51,308627.0,0.434,0.516,1.0,0.0603,-10.004,1.0,0.0361,119.695,4.0
Gna Gna,Super Sako,0.308,0.804,217973.0,0.768,0.0,1.0,0.0997,-4.681,1.0,0.237,92.005,4.0
Go Flex,Post Malone,0.228,0.665,179613.0,0.498,0.0,5.0,0.0757,-8.185,1.0,0.0832,81.967,4.0
Go Fuck Yourself,Two Feet,0.571,0.765,129600.0,0.327,0.0479,6.0,0.0787,-8.029,1.0,0.277,74.931,4.0
"Go Go Naruto! (From ""Naruto"")",Lofeeler,,,,,,,,,,,,
Go!Go!Here We Go!ロック・リー(中卒ver.),Shiritsu Ebisu Chugaku,0.00114,0.467,245933.0,0.992,0.256,10.0,0.302,-0.503,1.0,0.156,145.051,4.0
God's Plan,Drake,0.0332,0.754,198973.0,0.449,8.29e-05,7.0,0.552,-9.211,1.0,0.109,77.169,4.0
God's Revenge,Feerix,0.000661,0.725,124687.0,0.955,0.0366,0.0,0.409,-1.477,1.0,0.167,128.024,4.0
Godzilla (feat. Juice WRLD),Eminem,0.145,0.808,210800.0,0.745,0.0,10.0,0.292,-5.26,0.0,0.342,165.995,4.0
Gold,Kiiara,0.615,0.6,225882.0,0.412,0.0025,8.0,0.134,-9.343,1.0,0.344,113.049,5.0
Gold,Lund,0.788,0.372,157085.0,0.309,0.00355,6.0,0.106,-13.345,1.0,0.0385,112.033,4.0
Golden,Riley Baron,0.824,0.285,175059.0,0.119,0.00952,4.0,0.0855,-9.565,0.0,0.0319,79.724,4.0
Golden Eyes,Layto,0.0535,0.786,200406.0,0.66,0.0,5.0,0.0716,-7.108,1.0,0.0291,109.981,4.0
Golden Hours,Yasumu,0.84,0.702,149757.0,0.266,0.908,0.0,0.111,-13.452,0.0,0.0603,84.996,4.0
Goliath,Woodkid,0.44,0.484,230827.0,0.589,0.111,5.0,0.131,-9.257,0.0,0.073,118.019,4.0
Gone,Blake Rose,0.039,0.317,205462.0,0.545,0.0,11.0,0.116,-6.439,0.0,0.0468,139.014,5.0
Gone,Dimension 32,0.974,0.528,138857.0,0.197,0.864,4.0,0.0919,-13.592,0.0,0.0295,140.28,4.0
Gone,ELI,0.934,0.563,119387.0,0.0517,8.33e-05,10.0,0.0977,-18.698,1.0,0.0385,92.53,4.0
Gone,Sky McCreery,0.91,0.601,161280.0,0.0989,1.35e-06,9.0,0.369,-17.165,1.0,0.0568,124.363,4.0
"Gone, Gone, Gone",Phillip Phillips,0.129,0.664,209693.0,0.642,0.0,6.0,0.114,-5.961,1.0,0.038,118.002,4.0
Gonna Be Okay,Brent Morgan,0.0204,0.609,210165.0,0.506,0.0,11.0,0.102,-8.902,1.0,0.0292,77.427,4.0
Good As Gold,Greyson Chance,0.302,0.48,205747.0,0.587,0.0,2.0,0.104,-6.155,1.0,0.0351,84.846,4.0
Good Fortune,PJ Harvey,0.00697,0.552,200200.0,0.669,0.0467,7.0,0.0781,-4.462,1.0,0.0329,126.092,4.0
Good Goodbye (feat. Pusha T and Stormzy),Linkin Park,0.106,0.697,211413.0,0.84,0.0,9.0,0.748,-4.602,0.0,0.054,128.034,4.0
Good Morning Ladies,Sean Dagher,0.904,0.847,98440.0,0.347,0.0,4.0,0.331,-4.901,1.0,0.0715,71.869,4.0
Good News,Yoshi Flower,0.731,0.758,217853.0,0.301,0.0,1.0,0.0738,-9.798,0.0,0.0491,74.028,4.0
Good Old-Fashioned Lover Boy - Remastered 2011,Queen,0.566,0.545,173173.0,0.454,0.0,3.0,0.0541,-6.706,1.0,0.0302,96.784,4.0
Good Ones - THAT KIND Remix,Charli XCX,0.0806,0.817,160667.0,0.839,1.26e-05,7.0,0.119,-5.337,0.0,0.0761,123.982,4.0
Good Thing,Suriel Hess,0.328,0.766,159447.0,0.689,0.0,2.0,0.154,-6.746,1.0,0.124,99.998,4.0
Good Vibes,HRVY,0.274,0.558,170280.0,0.877,0.0,10.0,0.162,-3.392,1.0,0.145,99.988,4.0
Goodbye,Apparat,0.444,0.469,269490.0,0.449,0.565,1.0,0.334,-14.377,0.0,0.0512,87.111,4.0
Goodbye,CryJaxx,0.00858,0.478,221156.0,0.579,0.0,4.0,0.14,-8.377,0.0,0.224,139.064,4.0
Goodbye,Mokita,0.07,0.594,214053.0,0.452,0.0,10.0,0.163,-7.631,1.0,0.0418,82.947,4.0
Goodbye,Skan,0.0313,0.483,214154.0,0.677,6.92e-05,3.0,0.148,-5.665,0.0,0.0377,130.086,4.0
"Goodbye - Theme from Dark, a Netflix Original Series",Apparat,,,,,,,,,,,,
Goodbyes (feat. Young Thug),Post Malone,0.456,0.548,174853.0,0.653,0.0,5.0,0.103,-3.875,1.0,0.081,150.068,4.0
Goodie Bag,Still Woozy,0.821,0.739,146390.0,0.522,0.00124,7.0,0.233,-12.304,0.0,0.151,138.263,4.0
Goodnight Moon,Shivaree,0.361,0.743,243777.0,0.674,8.93e-05,2.0,0.0696,-7.683,1.0,0.0323,112.906,4.0
Gory Love,Calabasas,0.325,0.635,136168.0,0.649,0.00124,6.0,0.103,-9.224,0.0,0.0417,100.083,4.0
Goshintai,RADWIMPS,0.857,0.263,207987.0,0.112,0.819,11.0,0.0857,-16.03,0.0,0.0486,117.308,4.0
Gosia,Low Roar,0.897,0.273,253340.0,0.175,0.619,0.0,0.14,-17.349,1.0,0.0467,80.277,4.0
Got Me Stone Cold,Tape Machines,0.0302,0.617,198970.0,0.689,3.06e-06,0.0,0.138,-5.376,0.0,0.0459,119.986,4.0
Gotoubun no Katachi,中野家の五つ子,,,,,,,,,,,,
Gotoubun no Kimochi,中野家の五つ子,,,,,,,,,,,,
Gotta Be A Reason,Alec Benjamin,0.806,0.771,210354.0,0.518,2.48e-05,4.0,0.104,-7.582,0.0,0.0404,79.997,4.0
Gotta Get Up,Harry Nilsson,0.064,0.424,144893.0,0.438,0.0,7.0,0.0764,-15.192,1.0,0.0529,175.139,4.0
Grand Escape (feat. Toko Miura),RADWIMPS,0.243,0.566,339160.0,0.534,8.28e-05,4.0,0.116,-7.414,1.0,0.0356,146.033,4.0
Gravity,BUMP OF CHICKEN,0.0238,0.577,308454.0,0.61,0.0,1.0,0.0773,-7.125,1.0,0.0371,79.996,4.0
Gravity,SLANDER,0.153,0.631,364800.0,0.862,0.00109,2.0,0.107,-3.642,0.0,0.0999,149.939,4.0
Great Balls Of Fire - Live,Miles Teller,0.765,0.562,114760.0,0.605,0.0,9.0,0.728,-7.299,1.0,0.0421,160.039,4.0
Green Light,Marlhy,0.166,0.691,193787.0,0.666,2.97e-05,1.0,0.111,-8.022,0.0,0.0361,160.032,5.0
Grey,Why Don't We,0.869,0.298,277694.0,0.295,0.0,2.0,0.111,-8.789,1.0,0.0318,171.361,4.0
"Grief and Sorrow (From ""Naruto"")",Moisés Nieto,,,,,,,,,,,,
Grim,Lund,0.0143,0.746,147945.0,0.402,0.0,11.0,0.0876,-12.556,0.0,0.194,145.967,4.0
Grip,Seeb,0.331,0.598,198075.0,0.904,0.0,4.0,0.264,-2.293,1.0,0.0507,138.091,4.0
Grow As We Go,Ben Platt,0.882,0.458,249427.0,0.137,0.0,8.0,0.15,-14.083,1.0,0.0355,80.824,4.0
Growing Up,kyu,0.848,0.597,143471.0,0.399,0.924,8.0,0.109,-14.587,0.0,0.0454,75.014,4.0
Guillotine,Jon Bellion,0.102,0.574,208125.0,0.803,4.15e-06,4.0,0.0861,-3.17,0.0,0.186,97.967,4.0
Guitar Sikhda,Jassie Gill,0.379,0.794,189333.0,0.736,0.0,5.0,0.0686,-3.831,0.0,0.0444,89.965,4.0
"Gulabi Ankhen - From ""The Train""",Mohammed Rafi,0.679,0.579,198267.0,0.797,5.22e-06,9.0,0.36,-5.049,1.0,0.0698,108.052,4.0
Guren Theme,Chasing Mirrors,0.988,0.172,139702.0,0.0846,0.96,0.0,0.17,-18.608,0.0,0.0445,117.269,1.0
Gypsy,G.D. Kaur,0.51,0.648,150588.0,0.729,0.0,11.0,0.349,-3.836,0.0,0.374,203.709,4.0
H! Vltg3 (Evidence Reanimation) [feat. Pharoahe Monch and DJ Babu],Linkin Park,0.129,0.66,210733.0,0.943,0.0,1.0,0.557,-4.166,0.0,0.277,93.696,4.0
HAPPINESS,NEEDTOBREATHE,0.00703,0.575,205773.0,0.765,0.0,9.0,0.331,-6.608,1.0,0.0345,98.037,4.0
HATE MY GUTS,blackbear,0.127,0.786,160216.0,0.441,0.0,8.0,0.118,-7.937,1.0,0.429,95.757,4.0
HEADLIGHTS FLASHES,HXVRMXN,0.0157,0.719,162167.0,0.898,0.827,9.0,0.0771,-5.328,0.0,0.0751,105.006,4.0
HEART RATE,CURSEDEVIL,0.384,0.882,125538.0,0.66,0.0798,8.0,0.119,-2.982,0.0,0.281,130.06,4.0
HEARTBROKEN,blackbear,0.0399,0.555,134253.0,0.588,0.0,2.0,0.259,-7.004,1.0,0.33,139.887,4.0
HELLDRIFT 2,HXI,,,,,,,,,,,,
HIGH1X,blackbear,0.0671,0.848,169786.0,0.384,0.0,1.0,0.0852,-8.492,1.0,0.0617,98.483,4.0
HIT THE GAS,gelowler,0.389,0.786,128644.0,0.969,0.0,4.0,0.652,-1.463,0.0,0.316,97.472,4.0
HOLIDAY,Lil Nas X,0.12,0.81,154998.0,0.511,0.0,5.0,0.0832,-6.924,0.0,0.164,151.947,4.0
HOME,WESLEY,0.072,0.793,186413.0,0.593,2.31e-05,1.0,0.0851,-2.982,0.0,0.0291,103.958,4.0
HUMBLE.,Kendrick Lamar,0.000282,0.908,177000.0,0.621,5.39e-05,1.0,0.0958,-6.638,0.0,0.102,150.011,4.0
HUMBLE. - SKRILLEX REMIX,Skrillex,0.00794,0.901,156800.0,0.934,7.68e-05,11.0,0.194,-2.345,1.0,0.273,150.037,4.0
HYDRA,FORGOTTENAGE,0.267,0.853,141429.0,0.706,0.149,4.0,0.323,-4.278,0.0,0.255,112.027,4.0
Haan Tu Hain,Pritam,0.718,0.415,324880.0,0.904,0.0,2.0,0.0739,-3.586,0.0,0.104,83.648,4.0
Habits,Scott Bradlee's Postmodern Jukebox,0.86,0.548,215866.0,0.364,0.0,5.0,0.385,-9.465,1.0,0.0547,116.556,4.0
Hai Mera Dil,Alfaaz,,,,,,,,,,,,
"Hair Toss, Arms Crossed",Mark Ambor,0.597,0.72,157852.0,0.49,0.0,6.0,0.0827,-6.131,1.0,0.0477,108.88,4.0
Halcyon,Tibeauthetraveler,0.889,0.674,136031.0,0.147,0.855,7.0,0.151,-18.357,0.0,0.03,110.065,4.0
Hale Dil,Harshit Saxena,0.599,0.494,346627.0,0.899,3.43e-05,11.0,0.111,-5.081,0.0,0.165,79.895,4.0
Half A Man,Dean Lewis,0.855,0.507,179120.0,0.204,0.0,0.0,0.143,-11.575,1.0,0.0504,77.765,4.0
Half As Much,Hank Williams,0.889,0.674,165667.0,0.328,3.16e-05,9.0,0.0863,-10.072,1.0,0.0301,127.413,4.0
Half Asleep,Low Roar,0.621,0.102,436267.0,0.432,0.828,0.0,0.0983,-10.033,1.0,0.041,62.709,4.0
Half of Me - Acoustic,Yasmeen,0.922,0.612,132201.0,0.301,7.78e-06,7.0,0.165,-8.767,0.0,0.0622,135.192,4.0
Hall of Fame (feat. will.i.am),The Script,0.0654,0.421,202533.0,0.873,0.0,10.0,0.123,-4.343,1.0,0.0564,84.786,4.0
Hallowed,Lund,0.899,0.752,251112.0,0.335,0.0,8.0,0.85,-12.932,1.0,0.0486,122.328,4.0
Halo,Martin O'Donnell,0.00865,0.315,251493.0,0.85,0.883,9.0,0.109,-8.511,1.0,0.0572,93.682,3.0
Hammers,Alec Benjamin,0.557,0.665,180403.0,0.685,0.00145,7.0,0.107,-5.098,0.0,0.257,176.047,4.0
Hand Over Hand,Roland Faunte,0.918,0.527,351133.0,0.211,9.69e-05,3.0,0.104,-12.417,1.0,0.0467,113.011,3.0
HandClap,Fitz and The Tantrums,0.00609,0.636,193253.0,0.836,0.000157,8.0,0.0828,-3.004,1.0,0.0427,139.956,4.0
Hands Held High,Linkin Park,0.324,0.565,233133.0,0.603,4.87e-05,9.0,0.195,-8.597,1.0,0.0329,104.0,4.0
Hands On You,Austin George,0.354,0.616,155567.0,0.557,1.53e-06,11.0,0.345,-5.871,0.0,0.0413,159.91,4.0
Hang Up,WRLD,0.00506,0.665,199500.0,0.834,0.00195,5.0,0.153,-3.845,0.0,0.0278,120.049,4.0
Hannah Hunt,Vampire Weekend,0.705,0.647,237973.0,0.31,0.000723,4.0,0.1,-10.237,1.0,0.0372,103.974,4.0
Hannah Montana,Nico Collins,0.0255,0.469,211470.0,0.893,0.0,8.0,0.0967,-3.496,1.0,0.0749,163.952,4.0
Happier,Ed Sheeran,0.536,0.522,207520.0,0.385,0.0,0.0,0.135,-7.355,1.0,0.0288,89.792,4.0
Happier,Marshmello,0.191,0.687,214290.0,0.792,0.0,5.0,0.167,-2.749,1.0,0.0452,100.015,4.0
Happier Than Ever,ASTN,0.341,0.667,109326.0,0.457,0.0,6.0,0.114,-6.885,0.0,0.439,97.604,4.0
Happiest Year,Jaymes Young,0.885,0.502,228443.0,0.168,0.0,1.0,0.111,-14.061,1.0,0.0486,112.881,3.0
Happiness,Mokita,0.00154,0.765,201356.0,0.462,0.000136,7.0,0.19,-7.984,1.0,0.0357,118.031,4.0
Happiness is a butterfly,Lana Del Rey,0.969,0.467,272485.0,0.119,1.4e-06,2.0,0.0973,-10.99,1.0,0.0401,70.499,4.0
Happy,Here At Last,0.0146,0.709,183513.0,0.459,0.0,9.0,0.586,-8.426,1.0,0.0422,126.925,4.0
"Happy - From ""Despicable Me 2""",Pharrell Williams,0.219,0.647,232720.0,0.822,0.0,5.0,0.0908,-4.662,0.0,0.183,160.019,4.0
Happy Endings (feat. iann dior and UPSAHL),Mike Shinoda,0.0307,0.652,212513.0,0.876,0.0,7.0,0.449,-3.323,1.0,0.0359,126.007,4.0
Happy Life,Roland Faunte,0.842,0.684,269573.0,0.339,0.0,7.0,0.0652,-6.955,0.0,0.039,108.872,3.0
Har Ek Friend Kamina Hota Hai,Sonu Nigam,0.0982,0.562,235924.0,0.896,0.0,7.0,0.148,-4.811,1.0,0.146,130.158,4.0
Hard On Yourself,Charlie Puth,0.22,0.824,160825.0,0.783,0.0,1.0,0.234,-4.53,0.0,0.0507,114.028,4.0
Hard Sometimes,Ruel,0.845,0.407,269493.0,0.317,2.66e-06,10.0,0.139,-7.895,1.0,0.0429,81.899,4.0
Harder (with Bebe Rexha),Jax Jones,0.0899,0.906,159760.0,0.833,0.0,5.0,0.154,-3.027,0.0,0.0729,104.017,4.0
"Harder, Better, Faster, Stronger",Daft Punk,0.0427,0.817,224693.0,0.716,0.00263,6.0,0.358,-8.898,0.0,0.144,123.474,4.0
Hardstyle Girl (Harris & Ford Remix),Hard But Crazy,0.097,0.458,165000.0,0.94,0.0415,1.0,0.301,-2.546,1.0,0.299,149.527,4.0
Harleys In Hawaii,Katy Perry,0.162,0.721,185481.0,0.751,6.59e-06,10.0,0.118,-6.203,0.0,0.125,140.095,4.0
Harmony Hall,Vampire Weekend,0.475,0.653,308733.0,0.76,0.000129,11.0,0.0917,-6.086,1.0,0.0479,98.008,4.0
Haruka Kanata (Naruto),Animelmack,0.0202,0.211,242991.0,0.771,0.0,4.0,0.157,-3.678,1.0,0.0641,172.214,4.0
"Haruka Mirai (From ""Black Clover"") [Remix]",JackonTC,,,,,,,,,,,,
"Harumodoki (From ""OreGairu: My Youth Romantic Comedy Is Wrong, As I Expected"")",Akano,,,,,,,,,,,,
Harunohi,Aimyon,0.261,0.592,326867.0,0.672,0.0,9.0,0.109,-2.447,1.0,0.0294,106.948,4.0
Hate,Cat Power,0.988,0.685,218293.0,0.0685,6.63e-05,9.0,0.12,-14.801,0.0,0.0448,100.125,4.0
Hate How Much I Love You,Conor Maynard,0.665,0.779,175898.0,0.42,0.0,0.0,0.0862,-8.396,1.0,0.221,105.076,4.0
Hate Me,Nico Collins,0.00123,0.644,189910.0,0.928,0.0,6.0,0.0793,-2.966,0.0,0.0939,95.059,4.0
Hate Me (with Juice WRLD),Ellie Goulding,0.108,0.657,186223.0,0.768,0.0,8.0,0.144,-4.628,1.0,0.0507,75.025,4.0
Hate Me - Acoustic,Nico Collins,0.4,0.764,195911.0,0.481,0.0,11.0,0.0898,-5.961,0.0,0.0455,94.862,4.0
Hate Me If It Helps,Alexander 23,0.302,0.529,196452.0,0.434,0.0,2.0,0.111,-8.844,1.0,0.223,161.963,4.0
Hate Me!,MASN,0.659,0.683,154757.0,0.628,0.0,6.0,0.106,-6.512,1.0,0.123,142.06,4.0
Hate Myself,NF,0.234,0.533,260253.0,0.84,0.0,9.0,0.114,-5.283,0.0,0.167,116.882,4.0
Hate The Other Side (with Marshmello & The Kid Laroi),Juice WRLD,0.291,0.701,160212.0,0.65,0.0,6.0,0.112,-6.313,1.0,0.104,90.003,4.0
Hate The Way (feat. blackbear),G-Eazy,0.0673,0.569,214363.0,0.865,0.0,4.0,0.312,-3.844,0.0,0.266,82.011,4.0
Hate You,Jim Yosef,0.572,0.651,197945.0,0.661,0.0,10.0,0.121,-5.088,0.0,0.0322,97.056,4.0
Hate You + Love You (feat. AJ Mitchell),Cheat Codes,0.0693,0.755,198874.0,0.689,0.0,5.0,0.394,-4.463,1.0,0.0305,140.013,4.0
Hatsukoi,中野家の五つ子,,,,,,,,,,,,
Haunt You (feat. chloe moriondo),X Lovers,0.547,0.582,167320.0,0.527,0.0,3.0,0.498,-7.658,1.0,0.0372,100.926,4.0
Have We Met Before (with Eric Nam),Sarah Barrios,0.856,0.434,158175.0,0.271,0.0,7.0,0.109,-10.302,1.0,0.0353,167.412,4.0
Have You Ever Seen The Rain,Creedence Clearwater Revival,0.0664,0.741,160133.0,0.697,2.28e-05,0.0,0.133,-7.028,1.0,0.0277,116.109,4.0
Haven,ENRA,0.876,0.519,123383.0,0.227,0.753,3.0,0.105,-10.158,0.0,0.0339,160.019,4.0
Hayloft,Mother Mother,0.00475,0.527,181680.0,0.922,0.000162,9.0,0.422,-2.666,0.0,0.0728,95.975,4.0
Head & Heart (feat. MNEK),Joel Corry,0.168,0.734,166028.0,0.874,1.14e-05,8.0,0.0489,-3.158,1.0,0.0662,122.953,4.0
Head In Her Heart - Acoustic,Nico Collins,0.434,0.556,208020.0,0.443,0.0,7.0,0.192,-5.948,0.0,0.0332,85.936,4.0
Head In The Clouds,Hayd,0.967,0.778,184559.0,0.134,0.00352,4.0,0.0936,-17.927,1.0,0.0506,116.078,4.0
Head in Her Heart,Nico Collins,0.0433,0.491,208018.0,0.85,0.0,10.0,0.122,-3.424,1.0,0.0641,172.194,4.0
Headlights,Eminem,0.152,0.688,343032.0,0.782,0.0,11.0,0.803,-3.683,1.0,0.158,146.324,4.0
Heal,Tom Odell,0.952,0.445,193080.0,0.179,0.00056,1.0,0.107,-12.938,1.0,0.0396,72.246,4.0
Healing,FLETCHER,0.543,0.572,187544.0,0.621,2.19e-06,2.0,0.124,-7.298,1.0,0.0336,159.989,4.0
Healing,Laffey,0.977,0.706,146002.0,0.122,0.838,9.0,0.105,-19.783,1.0,0.0551,106.032,4.0
Hear Me Say,Jonas Blue,0.133,0.697,190772.0,0.836,4.46e-06,5.0,0.0754,-5.005,1.0,0.0437,121.977,4.0
Heard Somebody Whistle,Jay-Jay Johanson,0.538,0.704,183880.0,0.668,0.137,6.0,0.0849,-10.795,1.0,0.129,111.145,4.0
Hearing Damage,Thom Yorke,0.0474,0.627,303360.0,0.859,0.852,1.0,0.109,-6.321,1.0,0.0328,116.019,4.0
Heart Attack,Demi Lovato,0.0738,0.504,210840.0,0.785,0.0,8.0,0.239,-4.802,1.0,0.104,173.968,4.0
Heart Attack,Enrique Iglesias,0.0639,0.553,170147.0,0.892,0.0,4.0,0.426,-4.039,1.0,0.0667,77.01,4.0
Heart Of Gold,Neil Young,0.88,0.597,192000.0,0.413,0.682,7.0,0.109,-7.844,1.0,0.0333,83.101,4.0
Heart-Shaped Box,Nirvana,0.199,0.256,281160.0,0.641,0.0329,1.0,0.0853,-10.283,1.0,0.0552,203.006,4.0
Heartache,Foreign Forest,0.561,0.61,159489.0,0.532,0.481,11.0,0.111,-9.802,0.0,0.0324,91.79,4.0
Heartbeat,Childish Gambino,0.00369,0.8,269840.0,0.545,0.000461,1.0,0.0445,-7.002,0.0,0.127,119.954,4.0
"Heartbeat (From the “Lyle, Lyle, Crocodile” Original Motion Picture Soundtrack) - “ From the “Lyle, Lyle, Crocodile” Original Motion Picture Soundtrack ”",Shawn Mendes,0.289,0.668,140444.0,0.589,0.0,0.0,0.279,-6.978,1.0,0.1,91.053,4.0
Heartbeats,The Knife,0.0198,0.645,231828.0,0.732,7.98e-05,8.0,0.134,-5.021,1.0,0.0315,87.989,4.0
Heartbroken,HRVY,0.198,0.795,172000.0,0.792,5.85e-06,11.0,0.119,-4.747,0.0,0.118,103.984,4.0
Heartburn,Wafia,0.592,0.511,206459.0,0.346,5e-06,1.0,0.134,-11.308,1.0,0.137,131.225,5.0
Heat Waves,Glass Animals,0.44,0.761,238805.0,0.525,6.7e-06,11.0,0.0921,-6.9,1.0,0.0944,80.87,4.0
Heat Waves (with iann dior),Glass Animals,0.476,0.655,175302.0,0.716,0.0,8.0,0.479,-5.077,0.0,0.0897,80.813,4.0
Heat Waves - Slowed,Glass Animals,0.649,0.633,262248.0,0.55,0.000363,9.0,0.147,-9.965,1.0,0.0924,147.099,4.0
Heathens,Twenty One Pilots,0.0841,0.732,195920.0,0.396,3.58e-05,4.0,0.105,-9.348,0.0,0.0286,90.024,4.0
Heather,Conan Gray,0.584,0.357,198040.0,0.425,0.0,5.0,0.322,-7.301,1.0,0.0333,102.078,3.0
Heaven,Bazzi,0.145,0.798,153391.0,0.575,2.23e-06,5.0,0.0601,-5.487,0.0,0.0351,114.989,4.0
Heaven,FINNEAS,0.154,0.526,222664.0,0.321,0.000278,2.0,0.171,-6.725,1.0,0.0426,137.961,4.0
Heaven,Julia Michaels,0.857,0.552,191787.0,0.371,0.0,7.0,0.0838,-9.104,0.0,0.0359,199.843,3.0
Heaven,Mokita,0.0235,0.575,182638.0,0.653,0.00092,0.0,0.146,-7.82,0.0,0.0393,95.003,4.0
Heaven,The Neighbourhood,0.0617,0.55,205240.0,0.716,0.00516,2.0,0.134,-7.403,0.0,0.0399,75.012,4.0
Heaven Takes You Home (feat. Connie Constance),Swedish House Mafia,0.0124,0.665,214071.0,0.738,0.00598,0.0,0.0923,-5.931,0.0,0.0379,125.037,4.0
Heavy,Rosie Darling,0.392,0.72,166587.0,0.397,1.03e-06,10.0,0.112,-7.781,1.0,0.0423,97.02,4.0
Heavy (feat. Kiiara),Linkin Park,0.0484,0.59,169801.0,0.671,0.0,9.0,0.0604,-6.098,1.0,0.0706,149.982,4.0
Heavy Shit,Blake Rose,0.0141,0.61,195849.0,0.861,0.0,0.0,0.35,-4.251,1.0,0.115,138.009,4.0
Heavydirtysoul,Twenty One Pilots,0.00397,0.613,234813.0,0.873,0.00111,7.0,0.367,-6.376,0.0,0.0449,129.989,4.0
Hej Monika - Remix,pewdiepie,0.0519,0.682,142353.0,0.76,0.0,1.0,0.507,-5.504,1.0,0.148,145.038,4.0
Hell N Back,Bakar,0.312,0.584,213573.0,0.684,9.05e-05,10.0,0.112,-4.314,0.0,0.567,210.164,4.0
Hell To The Stars,Harry Hudson,0.129,0.613,221943.0,0.55,0.0,2.0,0.0631,-6.591,0.0,0.0255,99.029,4.0
Hell or High Water,The Neighbourhood,0.962,0.572,139587.0,0.32,0.00598,9.0,0.165,-11.841,1.0,0.0299,120.875,4.0
Hello,Killer Mike,0.000703,0.353,121700.0,0.862,0.0,0.0,0.328,-3.511,1.0,0.124,72.203,4.0
Hello Walls,Faron Young,0.722,0.62,146840.0,0.406,6.73e-06,0.0,0.114,-10.421,1.0,0.0281,101.489,4.0
Hello World,Mark Ambor,0.274,0.247,142113.0,0.449,0.0,2.0,0.111,-8.54,1.0,0.032,180.044,3.0
Help (feat. Rence),Sarah Barrios,0.198,0.592,191304.0,0.545,0.0,5.0,0.172,-9.914,1.0,0.0852,137.764,4.0
Help Me Help You (feat. Why Don't We),Logan Paul,0.205,0.811,152822.0,0.641,0.0,1.0,0.547,-4.167,0.0,0.256,134.971,4.0
Help Me Help You (feat. Why Don't We) (GARABATTO Remix),Logan Paul,0.133,0.743,199286.0,0.631,0.0,9.0,0.0639,-3.519,1.0,0.103,139.926,4.0
Helplessly,Tatiana Manaois,0.925,0.51,185480.0,0.185,0.0,11.0,0.122,-13.651,1.0,0.0644,79.092,4.0
Here We Go,WILD,0.0568,0.546,190017.0,0.721,7.19e-05,0.0,0.116,-6.593,1.0,0.0277,144.975,4.0
Here We Go Again,The Neighbourhood,0.6,0.51,257720.0,0.527,0.317,8.0,0.545,-9.148,1.0,0.0292,143.913,4.0
Here With Me,Marshmello,0.0623,0.791,156347.0,0.565,0.0,5.0,0.156,-3.933,0.0,0.0439,99.961,4.0
Here Without You,3 Doors Down,0.0492,0.557,238733.0,0.533,0.0,10.0,0.205,-6.817,0.0,0.0252,143.994,4.0
Herinneringen,Sohn Aelia,0.99,0.0685,172357.0,0.00342,0.91,0.0,0.106,-37.156,1.0,0.0418,73.644,1.0
Hero,Family of the Year,0.245,0.34,190280.0,0.523,1.07e-05,5.0,0.108,-5.81,1.0,0.0265,174.705,4.0
Heroes,Valley Of Wolves,0.0786,0.439,260802.0,0.423,0.0246,5.0,0.0859,-9.312,1.0,0.0287,80.121,4.0
Hey Ari,Lauv,0.509,0.757,168722.0,0.274,0.0,2.0,0.194,-9.776,1.0,0.0372,88.01,4.0
Hey Joe,Charlotte Gainsbourg,0.0106,0.386,292290.0,0.491,0.823,0.0,0.104,-7.908,1.0,0.0343,142.705,4.0
"Hey Stupid, I Love You",JP Saxe,0.218,0.758,181000.0,0.594,5.32e-06,5.0,0.0798,-9.63,0.0,0.426,91.864,4.0
"Hey, Good Lookin'",Hank Williams,0.805,0.777,176893.0,0.36,0.0,7.0,0.0756,-9.966,1.0,0.0401,140.962,4.0
Hi-Lo,AJ Mitchell,0.214,0.491,177089.0,0.445,0.0,4.0,0.0684,-8.067,1.0,0.0688,79.521,4.0
Hidden Valley,Black Hill,0.918,0.592,207552.0,0.211,0.917,11.0,0.225,-14.299,0.0,0.0314,98.015,4.0
Hide (feat. Seezyn),Juice WRLD,0.0622,0.715,205800.0,0.639,0.0,5.0,0.157,-5.017,0.0,0.0752,149.996,4.0
High (& Dua Lipa),Whethan,0.0922,0.708,196707.0,0.552,0.0,10.0,0.0541,-5.552,0.0,0.21,147.834,4.0
High Enough - Slowed,K.Flay,0.00939,0.388,201432.0,0.631,0.00474,4.0,0.372,-6.328,0.0,0.0391,112.033,3.0
High Heels,Jaz Dhami,0.394,0.891,297771.0,0.913,0.000173,1.0,0.373,-4.453,1.0,0.149,130.045,4.0
High Hopes,Kodaline,0.577,0.488,230267.0,0.487,0.0,4.0,0.193,-6.371,1.0,0.0305,77.278,4.0
High School Musical,High School Musical Cast,0.241,0.529,231093.0,0.931,0.0,0.0,0.411,-3.022,1.0,0.102,165.054,4.0
Higher,GusGus,0.103,0.817,235597.0,0.488,0.00117,10.0,0.153,-8.426,1.0,0.0682,111.999,4.0
Highscore,Panda Eyes,0.00219,0.604,259968.0,0.854,0.859,10.0,0.0631,-4.797,0.0,0.0422,109.981,4.0
Highway to Hell,AC/DC,0.061,0.574,208400.0,0.913,0.00158,6.0,0.156,-4.793,0.0,0.133,115.728,4.0
Hikare Inochi,Kitri,0.319,0.592,322147.0,0.769,4.66e-06,2.0,0.137,-5.268,1.0,0.0311,102.033,4.0
Hill I Will Die On,Alec Benjamin,0.528,0.642,167944.0,0.628,0.00191,7.0,0.0865,-5.933,1.0,0.0293,146.864,4.0
"Hinata vs Neji (From ""Naruto"")",Tifita,,,,,,,,,,,,
Hindenburg Lover,Anson Seabra,0.891,0.519,302895.0,0.241,0.0,8.0,0.323,-13.076,1.0,0.119,99.947,4.0
Hipocrite,Alec Benjamin,0.148,0.808,136802.0,0.764,0.0,7.0,0.125,-4.6,1.0,0.0667,109.95,4.0
Hislerim,Serhat Durmus,0.327,0.324,214204.0,0.526,0.00206,1.0,0.344,-8.543,0.0,0.099,81.027,4.0
History (feat. Lostboycrow),Beren Olivia,0.424,0.676,202563.0,0.543,0.0,5.0,0.103,-7.177,1.0,0.0414,131.93,4.0
Hit It,American Authors,0.00226,0.639,207453.0,0.914,0.0,7.0,0.513,-3.661,1.0,0.0931,120.07,4.0
Hit It,Lund,0.16,0.765,204263.0,0.453,0.0,9.0,0.379,-10.24,0.0,0.105,147.956,4.0
Hitchhikers,Jordy Chandra,0.965,0.594,162490.0,0.399,0.752,4.0,0.112,-11.369,1.0,0.0556,97.397,3.0
Hits,JayKode,0.000724,0.541,240000.0,0.991,0.0355,5.0,0.27,-1.583,0.0,0.213,149.998,4.0
Hmmm,Hott Headzz,0.0398,0.801,172248.0,0.898,3.17e-06,4.0,0.108,-6.662,1.0,0.269,140.102,4.0
"Hmmm, Pt. 2",Hott Headzz,0.158,0.783,160210.0,0.649,0.0,9.0,0.781,-8.722,0.0,0.271,130.02,4.0
Ho Hey,The Lumineers,0.794,0.685,163133.0,0.466,2.06e-06,0.0,0.0915,-9.074,1.0,0.0304,79.936,4.0
Hokage's Funeral (From Naruto),Kato,0.994,0.646,69584.0,0.00669,0.964,7.0,0.0833,-33.03,1.0,0.0503,59.009,4.0
Hokage's Funeral Piano,Kato,0.995,0.689,67700.0,0.0195,0.966,9.0,0.0978,-29.956,0.0,0.0563,118.006,4.0
Hold Back The River,James Bay,0.0526,0.715,238747.0,0.715,0.0,5.0,0.0936,-7.364,1.0,0.0904,134.923,4.0
Hold On,Brooke Annibale,0.162,0.397,229933.0,0.441,0.0853,8.0,0.166,-11.037,0.0,0.0328,118.647,3.0
Hold On,Chord Overstreet,0.469,0.618,198853.0,0.443,0.0,2.0,0.0829,-9.681,1.0,0.0526,119.949,4.0
Hold On,Idealism,0.706,0.557,188684.0,0.153,0.904,2.0,0.0727,-16.971,1.0,0.0396,75.941,4.0
Hold On,Justin Bieber,0.0106,0.658,170813.0,0.634,0.0,1.0,0.132,-5.797,0.0,0.0413,139.98,4.0
Hold On (feat. Cheat Codes) - 2020 Edit,MOGUAI,0.17,0.622,144910.0,0.802,0.0,9.0,0.263,-4.969,0.0,0.167,124.859,4.0
Hold Up,WHIPPED CREAM,0.00736,0.784,124096.0,0.871,0.234,1.0,0.0833,-2.902,0.0,0.239,129.903,4.0
Hold You Now (feat. Danielle Haim),Vampire Weekend,0.0817,0.284,153787.0,0.457,0.0,0.0,0.413,-9.239,1.0,0.0382,86.88,4.0
Hold You Tonight (with Chris Lane),Gryffin,0.102,0.467,219354.0,0.795,0.0,11.0,0.264,-3.6,1.0,0.0687,163.837,4.0
Hold Your Ground (feat. Ethan Holt),Chase & Status,0.264,0.439,204427.0,0.655,1.14e-06,8.0,0.105,-4.789,0.0,0.0625,87.272,4.0
Hold the Line,TOTO,0.00783,0.473,235547.0,0.898,0.0618,6.0,0.173,-4.797,0.0,0.0561,96.556,4.0
Holding on to You,Twenty One Pilots,0.241,0.608,263733.0,0.776,0.0,11.0,0.0713,-3.635,1.0,0.0511,89.996,4.0
Hole In My Heart (with Livingston),Louis The Child,0.0144,0.813,171327.0,0.702,0.0,7.0,0.211,-5.313,0.0,0.103,124.06,4.0
Holiday,HRVY,0.0381,0.7,207605.0,0.724,1.84e-06,9.0,0.139,-4.812,1.0,0.0375,128.028,4.0
Holiday,KSI,0.152,0.356,193733.0,0.684,0.0,8.0,0.101,-7.347,1.0,0.0878,87.188,4.0
Holiday,Vampire Weekend,0.023,0.715,138293.0,0.769,0.000732,2.0,0.127,-5.24,1.0,0.105,155.827,4.0
Holland,Novo Amor,0.907,0.496,159877.0,0.174,0.0721,1.0,0.114,-11.908,1.0,0.0372,137.993,4.0
Hollow,Rowan Drake,0.499,0.512,174958.0,0.524,0.000135,0.0,0.074,-11.294,1.0,0.0377,60.005,4.0
Hollywood Love Life,Lil Cobaine,0.642,0.489,110794.0,0.275,2.17e-05,6.0,0.118,-15.881,1.0,0.0553,126.525,4.0
Hollywood's Bleeding,Post Malone,0.331,0.405,156267.0,0.646,0.0,4.0,0.103,-3.206,0.0,0.0476,130.218,4.0
Holy Water,JP Cooper,0.675,0.405,261183.0,0.661,0.0,8.0,0.601,-4.128,0.0,0.163,78.983,4.0
Homage,Galakuoi,,,,,,,,,,,,
Home,Caribou,0.0344,0.703,156293.0,0.661,0.00932,7.0,0.198,-7.554,1.0,0.0787,97.012,4.0
Home,Vince Staples,0.00608,0.604,211360.0,0.736,0.109,10.0,0.11,-5.596,0.0,0.0555,118.012,4.0
Home (feat. Bonn),Martin Garrix,0.0655,0.466,239067.0,0.612,4.07e-06,8.0,0.132,-4.855,0.0,0.0307,128.114,4.0
Home for the Summer,Sara Kays,0.782,0.682,155272.0,0.529,0.000294,4.0,0.102,-9.862,1.0,0.0469,126.995,4.0
Homecoming (Naruto Shippuden),Hikigai,0.967,0.205,101747.0,0.172,0.958,0.0,0.117,-15.443,1.0,0.0363,61.117,4.0
Honest - Acoustic,Nico Collins,0.404,0.585,201829.0,0.515,0.0,4.0,0.0886,-5.12,0.0,0.0434,161.849,4.0
Honest Mistake,Max Embers,0.935,0.368,251099.0,0.321,0.0,7.0,0.0803,-10.25,0.0,0.0405,135.802,4.0
Honey and Milk,Flower Face,0.914,0.6,223754.0,0.181,0.0,0.0,0.119,-11.581,1.0,0.0331,119.919,3.0
"Honey, It's Alright",Gregory Alan Isakov,0.94,0.471,191080.0,0.0775,0.00675,0.0,0.106,-15.664,1.0,0.0562,132.02,3.0
HongKong Kowloon,24Herbs,0.225,0.79,257493.0,0.607,0.0,2.0,0.0651,-9.261,1.0,0.466,184.019,4.0
Honkytonk Bar,Angie K,0.0168,0.557,175997.0,0.785,0.0,7.0,0.307,-4.501,1.0,0.0373,100.071,4.0
Honoring the Dead - Le Chant Du Loup - Original Motion Picture Soundtrack,Marc Streitenfeld,0.742,0.0972,163493.0,0.278,0.925,7.0,0.121,-16.289,0.0,0.0366,88.873,3.0
Hookah Bar,Himesh Reshammiya,0.00797,0.73,254351.0,0.656,0.00271,11.0,0.108,-5.07,1.0,0.0294,131.04,4.0
Hooked On A Feeling,Blue Swede,0.261,0.547,172867.0,0.82,0.0,8.0,0.3,-6.728,1.0,0.0805,118.208,4.0
Hooked On a Feeling,Blue Swede,0.261,0.547,172867.0,0.82,0.0,8.0,0.3,-6.728,1.0,0.0805,118.208,4.0
Hooked on a Feeling (Ooga Chaka Single Version),Bo Donaldson,0.454,0.734,172315.0,0.62,9.1e-05,8.0,0.22,-8.673,1.0,0.0454,118.332,4.0
Hoops,Julia Wolf,0.272,0.622,199372.0,0.557,0.0,0.0,0.098,-9.184,1.0,0.0355,156.983,4.0
Hope,CREEPYMANE,0.0666,0.793,112500.0,0.978,0.474,1.0,0.103,-1.523,1.0,0.0296,128.079,4.0
Hope,The Chainsmokers,0.488,0.773,180120.0,0.699,3.6e-06,1.0,0.0814,-5.982,0.0,0.0958,104.941,4.0
Hope,XXXTENTACION,0.661,0.592,110886.0,0.457,0.000331,9.0,0.146,-6.081,0.0,0.0603,146.04,4.0
Hopeless Romantic,Sam Fischer,0.117,0.654,181178.0,0.636,0.00179,8.0,0.0919,-6.913,1.0,0.0391,113.994,4.0
Hot Girl Bummer,Level 8,0.0552,0.63,184503.0,0.764,0.0,6.0,0.367,-5.862,0.0,0.21,140.291,4.0
Hot Girl Bummer - Slowed,slowo,0.0973,0.725,182909.0,0.761,0.0,11.0,0.556,-6.226,0.0,0.113,107.552,4.0
Hot Rod,Dayglow,0.0279,0.707,204014.0,0.768,0.000292,7.0,0.169,-7.072,1.0,0.0323,139.985,4.0
Hot Wheels,Kaito Shoma,0.0512,0.737,160000.0,0.95,2.34e-06,6.0,0.507,1.106,0.0,0.295,134.982,4.0
Hotel (Sped Up),Lawsy,0.0802,0.563,128871.0,0.824,0.0,8.0,0.221,-4.432,1.0,0.189,135.281,4.0
Hotline Bling,Drake,0.00258,0.891,267067.0,0.628,0.00019,2.0,0.0504,-7.863,1.0,0.0551,134.966,4.0
Hotline Bling (In the Style of Charlie Puth & Kehlani Parrish) - Piano Karaoke Version,Sing2Piano,0.993,0.559,198904.0,0.114,0.954,5.0,0.0795,-16.107,1.0,0.125,123.937,4.0
House With No Mirrors,Sasha Alex Sloan,0.832,0.72,227613.0,0.408,2.61e-06,2.0,0.0992,-11.725,1.0,0.0498,121.972,4.0
House of Cards,Alexander Stewart,0.821,0.462,214286.0,0.309,0.0,8.0,0.0976,-6.489,1.0,0.0308,98.666,4.0
Houston Dubai (Japanese Bonus Track),Vampire Weekend,0.171,0.774,139280.0,0.716,3.6e-06,2.0,0.111,-6.292,1.0,0.0449,98.052,4.0
How Could This Be Wrong (feat. Tula),The Glitch Mob,0.00305,0.436,289382.0,0.763,0.128,1.0,0.0869,-6.277,1.0,0.0636,79.871,4.0
How Deep Is Your Love,Bee Gees,0.076,0.594,241093.0,0.5,9.86e-05,5.0,0.184,-5.586,0.0,0.0255,104.996,4.0
How Did I Get Here,ODESZA,0.384,0.707,131250.0,0.579,0.72,0.0,0.408,-6.198,0.0,0.0293,96.062,4.0
How Far I'll Go,Auli'i Cravalho,,,,,,,,,,,,
How Have You Been?,YVR,0.345,0.402,154958.0,0.351,0.00012,6.0,0.195,-9.26,0.0,0.0971,199.734,4.0
How It Feels,Project AER,0.914,0.588,178571.0,0.241,0.903,10.0,0.1,-18.433,1.0,0.0323,121.97,4.0
How It Goes,Breakup Shoes,0.436,0.472,122301.0,0.768,8.34e-06,4.0,0.535,-6.644,0.0,0.0683,162.748,4.0
How Long,Charlie Puth,0.211,0.845,200853.0,0.561,3.49e-06,1.0,0.0383,-5.253,0.0,0.0778,109.974,4.0
How Long - Jerry Folk Remix,Charlie Puth,0.255,0.817,196190.0,0.581,0.00595,11.0,0.1,-6.95,0.0,0.324,114.958,4.0
How We Feel,Yasumu,0.714,0.672,149145.0,0.201,0.922,7.0,0.314,-20.508,0.0,0.145,136.024,4.0
How You Remind Me,Nickelback,0.00135,0.446,223840.0,0.764,0.0,10.0,0.099,-5.042,1.0,0.033,172.094,4.0
How to Love (feat. Sofia Reyes),Cash Cash,0.108,0.546,168200.0,0.89,0.0,9.0,0.0816,-1.986,0.0,0.1,150.126,4.0
Hum Jee Lenge,Mustafa Zahid,0.708,0.608,275920.0,0.55,0.0,5.0,0.0833,-7.86,0.0,0.031,81.987,4.0
Hum Jee Lenge - Rock Version,Roxen Band,0.382,0.549,257867.0,0.637,0.0,5.0,0.0902,-6.24,0.0,0.0333,82.097,4.0
Hum Tum Ek Kamre Mein,Lata Mangeshkar,0.939,0.379,427224.0,0.717,0.33,9.0,0.568,-4.958,0.0,0.0464,117.071,4.0
Humko Humise Chura Lo,Jatin-Lalit,0.476,0.312,473025.0,0.511,0.000541,6.0,0.173,-13.673,0.0,0.0797,76.403,4.0
Hummingbird,Low Roar,0.764,0.398,352916.0,0.349,0.537,2.0,0.1,-13.592,1.0,0.0321,102.944,3.0
"Hungarian Dance No. 5 in G Minor, WoO 1, No. 5",Johannes Brahms,0.899,0.358,138707.0,0.167,0.96,7.0,0.103,-16.0,0.0,0.0354,144.561,4.0
Hungry Child - Edit,Hot Chip,0.0581,0.646,208637.0,0.873,0.0231,0.0,0.238,-5.305,1.0,0.0493,120.034,4.0
Hunting Shadows - Assassin’s Creed,AURORA,,,,,,,,,,,,
Hurricane,Tommee Profitt,0.566,0.521,319149.0,0.4,0.000857,0.0,0.045,-12.732,1.0,0.0348,94.011,4.0
Hurt Locker,FINNEAS,0.778,0.566,206339.0,0.462,7.39e-05,8.0,0.0897,-11.028,0.0,0.131,77.195,4.0
Hurt Me Too,Bishu,0.0347,0.468,184941.0,0.937,0.00065,7.0,0.214,-3.49,1.0,0.0456,169.982,4.0
Hurt People,Two Feet,0.616,0.387,193813.0,0.62,0.0,6.0,0.0827,-4.204,1.0,0.0811,97.402,3.0
Hurt U,Devin Kennedy,0.573,0.678,172493.0,0.558,0.0,2.0,0.105,-8.235,1.0,0.0526,147.98,4.0
Hurt You,The Weeknd,0.263,0.476,230027.0,0.718,0.00261,5.0,0.109,-7.227,0.0,0.149,183.932,4.0
I (Don't) Have A Problem,Lauv,0.646,0.376,147699.0,0.247,0.000452,1.0,0.37,-8.367,0.0,0.0285,184.216,4.0
I Ain't Worried,OneRepublic,0.0826,0.704,148486.0,0.797,0.000745,0.0,0.0546,-5.927,1.0,0.0475,139.994,4.0
I Am Electric,Heaven's Basement,0.00181,0.339,180093.0,0.997,0.0,5.0,0.331,-2.739,0.0,0.165,172.878,4.0
I Am Fine,HM Surf,0.842,0.508,150500.0,0.182,0.924,3.0,0.116,-15.63,1.0,0.0285,66.033,3.0
I Am In Love,Pritam,,,,,,,,,,,,
I Am in Love with You,Outpour East,0.649,0.729,266000.0,0.514,0.0,10.0,0.183,-5.634,0.0,0.133,139.941,4.0
I Am the Antichrist to You,Kishi Bashi,0.748,0.329,236246.0,0.265,0.0319,3.0,0.101,-13.619,1.0,0.0429,168.693,5.0
I Blame The World,Sasha Alex Sloan,0.00979,0.579,197267.0,0.783,0.244,8.0,0.116,-6.4,1.0,0.0453,165.057,4.0
I Built A Friend (2020),Alec Benjamin,0.883,0.6,176694.0,0.282,2.67e-06,9.0,0.163,-8.284,1.0,0.0302,100.035,4.0
I Can Make You Dance,Zapp,0.0603,0.892,239333.0,0.681,0.0,2.0,0.289,-11.503,1.0,0.1,113.726,4.0
I Can't Believe She Gives It All To Me,Conway Twitty,0.56,0.471,143373.0,0.195,0.000106,2.0,0.102,-16.353,1.0,0.0277,91.817,4.0
I Can't Hate You,Kayou.,0.451,0.693,178481.0,0.438,0.000277,10.0,0.107,-9.452,0.0,0.0943,139.873,4.0
I Can't Help,Sarcastic Sounds,0.443,0.645,77584.0,0.324,0.14,2.0,0.127,-12.177,1.0,0.0759,164.095,4.0
I Can't Help,Shoffy,0.409,0.713,121250.0,0.402,0.000673,2.0,0.11,-8.273,1.0,0.0631,81.975,4.0
I Can't Sleep,Powfu,0.182,0.805,152500.0,0.479,3.41e-06,6.0,0.346,-9.238,0.0,0.363,80.454,4.0
"I Can’t Get Enough (benny blanco, Selena Gomez, J Balvin, Tainy)",benny blanco,0.404,0.541,158027.0,0.468,3.65e-06,10.0,0.358,-4.039,0.0,0.362,95.266,4.0
I Chose Violence,iamjakehill,0.323,0.676,139870.0,0.717,0.0,7.0,0.118,-8.641,1.0,0.323,162.016,4.0
I Do,Astrid S,0.505,0.666,155822.0,0.524,0.0,10.0,0.124,-9.404,1.0,0.0459,110.015,4.0
I Don't Care (with Justin Bieber),Ed Sheeran,0.0912,0.798,219947.0,0.675,0.0,6.0,0.0894,-5.041,1.0,0.0442,101.956,4.0
I Don't Gotta Know,Adam Fan,0.28,0.736,163500.0,0.486,0.0,4.0,0.351,-8.529,1.0,0.38,160.066,4.0
I Don't Know Why,NOTD,0.124,0.499,207668.0,0.898,7.2e-06,8.0,0.0832,-4.181,0.0,0.124,120.04,4.0
I Don't Know You Anymore,Eric Nam,0.106,0.655,166333.0,0.731,0.0,0.0,0.127,-5.154,0.0,0.0648,101.978,4.0
I Don't Sleep,Sarcastic Sounds,0.105,0.774,105143.0,0.352,0.741,6.0,0.348,-13.13,0.0,0.214,80.51,4.0
I Don't Wanna Know - Live from Spotify Studios NYC,Charlie Puth,0.98,0.431,215882.0,0.0748,3.24e-06,11.0,0.114,-13.615,0.0,0.0516,98.188,4.0
I Don't Wanna See You Cryin' Anymore,Adam Melchor,0.874,0.664,223728.0,0.414,0.0346,0.0,0.132,-11.931,1.0,0.0304,77.948,4.0
I Don't Wanna Talk (I Just Wanna Dance),Glass Animals,0.0156,0.703,195191.0,0.624,5.53e-05,7.0,0.299,-6.228,1.0,0.0364,131.966,4.0
I Don't Want You Back,AJ Mitchell,0.591,0.613,224144.0,0.347,0.0,5.0,0.0959,-6.486,1.0,0.034,109.764,4.0
I Don’t Think That I Like Her,Charlie Puth,0.396,0.587,188508.0,0.548,0.0,8.0,0.109,-5.846,0.0,0.0339,186.073,4.0
I Don’t Wanna Live Forever (Fifty Shades Darker),ZAYN,0.0586,0.731,247160.0,0.445,1.96e-05,0.0,0.14,-8.418,1.0,0.0533,117.97,4.0
I Drink Wine,Adele,0.697,0.437,376169.0,0.565,0.0,10.0,0.119,-5.596,1.0,0.0466,115.389,4.0
I Fall Apart,Post Malone,0.0689,0.556,223347.0,0.538,0.0,8.0,0.196,-5.408,0.0,0.0382,143.95,4.0
I Feel Good,Pink Sweat$,0.0233,0.803,136058.0,0.75,3.87e-05,11.0,0.045,-4.67,1.0,0.0551,106.0,4.0
I Feel It Coming,The Weeknd,0.394,0.773,269187.0,0.82,0.0,0.0,0.0739,-5.897,0.0,0.115,92.996,4.0
I Found - Acoustic,Amber Run,0.957,0.386,259480.0,0.0887,0.0,7.0,0.126,-11.166,0.0,0.0512,171.234,3.0
I GUESS I'M IN LOVE,Clinton Kane,0.877,0.422,204094.0,0.34,1.77e-05,0.0,0.149,-6.577,1.0,0.0351,77.213,4.0
I Got One (fg. VIII),AllttA,0.242,0.762,186273.0,0.502,4.93e-06,0.0,0.106,-6.645,0.0,0.0671,130.103,4.0
I Have Seen Much,Kato,0.995,0.632,71099.0,0.00644,0.97,9.0,0.103,-31.092,0.0,0.117,72.606,5.0
I Have Seen Much Piano,Kato,0.99,0.771,57674.0,0.0186,0.957,9.0,0.103,-27.213,0.0,0.0766,108.955,4.0
I Just Wanna Shine,Fitz and The Tantrums,0.04,0.705,207925.0,0.918,9.3e-05,6.0,0.0803,-2.77,0.0,0.0684,92.511,4.0
I Kissed A Girl,Katy Perry,0.00223,0.699,179640.0,0.76,0.0,5.0,0.132,-3.173,1.0,0.0677,129.996,4.0
I Knew You Were Trouble.,Taylor Swift,0.0129,0.584,219760.0,0.557,0.0,6.0,0.0576,-6.371,1.0,0.0342,154.008,4.0
I Know You're Not Happy,Powfu,0.909,0.546,197616.0,0.381,0.00167,6.0,0.119,-14.594,1.0,0.0367,139.621,4.0
I Like It,Enrique Iglesias,0.0209,0.646,231787.0,0.94,0.0,10.0,0.0691,-2.856,0.0,0.0838,129.011,4.0
I Like Me Better,Lauv,0.534,0.753,197437.0,0.505,2.58e-06,9.0,0.104,-7.621,1.0,0.255,91.972,4.0
I Like That,Bazzi,0.172,0.665,158084.0,0.692,0.0,6.0,0.191,-5.431,0.0,0.112,74.474,4.0
I Like U,NIKI,0.071,0.48,267733.0,0.526,0.0,5.0,0.0879,-7.099,1.0,0.275,199.662,3.0
I Like You (A Happier Song) (with Doja Cat),Post Malone,0.121,0.733,192841.0,0.67,0.0,5.0,0.121,-6.009,1.0,0.0751,100.964,4.0
I Lived,OneRepublic,0.0746,0.599,234547.0,0.854,0.0,9.0,0.278,-5.429,1.0,0.0436,119.986,4.0
I Love It (feat. Charli XCX),Icona Pop,0.00952,0.711,157153.0,0.906,1.64e-05,8.0,0.153,-2.671,1.0,0.0284,125.916,4.0
I Love You,Alex & Sierra,0.658,0.525,229640.0,0.439,0.0,0.0,0.0636,-6.596,1.0,0.0259,84.956,4.0
I Love You Like La La La,Bobby Crane,0.573,0.87,186250.0,0.474,3.39e-05,3.0,0.131,-10.177,1.0,0.0477,96.048,4.0
I Love You Too,Peter McPoland,0.939,0.54,189868.0,0.0534,0.00111,10.0,0.0986,-18.585,1.0,0.0432,94.111,3.0
"I Love You, But..",Josh Golden,0.217,0.745,140879.0,0.72,1.07e-06,2.0,0.106,-4.354,0.0,0.0419,139.971,4.0
I Miss The Days,NF,0.345,0.719,269185.0,0.768,0.0,11.0,0.104,-5.658,0.0,0.19,137.887,4.0
I Miss The Future,Lost Kings,0.386,0.734,157952.0,0.443,0.0,0.0,0.123,-5.73,0.0,0.0406,110.988,4.0
I Need More - Radio Edit,Haley Bennett,0.232,0.546,176680.0,0.696,0.0,2.0,0.22,-9.012,0.0,0.103,118.103,4.0
I Need U,yaeow,0.513,0.402,142588.0,0.405,0.0167,9.0,0.155,-12.486,1.0,0.0713,84.873,4.0
I Need You,M83,0.0261,0.187,181280.0,0.526,0.0342,2.0,0.172,-7.291,1.0,0.0326,72.259,4.0
I Never Learned,Chris James,0.329,0.869,152000.0,0.357,1.22e-06,6.0,0.115,-7.153,1.0,0.0695,121.941,4.0
I Never Stay In Love,Stephen,0.7,0.47,244800.0,0.532,0.000761,0.0,0.179,-7.921,0.0,0.302,173.702,4.0
I Promised,KAYDEN,0.484,0.733,235091.0,0.541,2.51e-05,7.0,0.161,-6.04,1.0,0.0433,110.075,4.0
I Ran,Krayvent,0.0182,0.401,217563.0,0.605,0.282,9.0,0.0704,-8.828,0.0,0.055,128.003,4.0
I See Love,Jonas Blue,0.0133,0.736,173220.0,0.706,0.0,2.0,0.324,-3.899,0.0,0.0438,123.047,4.0
I See You,MISSIO,0.000483,0.466,228613.0,0.781,0.000141,1.0,0.0713,-6.76,1.0,0.0567,169.97,4.0
I Should've Told You,Fiji Blue,0.465,0.725,197523.0,0.66,0.000292,8.0,0.0848,-7.206,1.0,0.0663,117.009,4.0
I Still Do,Mokita,0.193,0.538,202023.0,0.489,8.88e-05,4.0,0.209,-11.155,1.0,0.0523,79.245,4.0
I Think I Like When It Rains,WILLIS,0.0401,0.622,278293.0,0.455,0.0,9.0,0.0957,-7.116,1.0,0.0282,124.412,4.0
I Wanna Be Yours,Arctic Monkeys,0.136,0.464,183956.0,0.417,0.022,0.0,0.0974,-9.345,0.0,0.0256,67.528,4.0
I Wanna Dance,Jonas Blue,0.109,0.818,184573.0,0.841,0.00791,5.0,0.186,-6.44,1.0,0.131,125.997,4.0
I Wanna Ride I Wanna Ride (Sped Up): Vegas,Hiko,0.00646,0.567,165600.0,0.43,0.213,7.0,0.0875,-13.159,1.0,0.108,133.065,5.0
I Want It All,High School Musical Cast,0.179,0.791,277307.0,0.813,0.0,6.0,0.0549,-3.444,1.0,0.139,142.876,4.0
I Want It That Way,Backstreet Boys,0.257,0.689,213307.0,0.694,0.0,6.0,0.148,-5.83,0.0,0.027,99.039,4.0
I Want You To Know,Zedd,0.00537,0.58,240000.0,0.846,6.62e-06,9.0,0.145,-2.876,0.0,0.0573,129.998,4.0
I Warned Myself,Charlie Puth,0.562,0.488,159783.0,0.311,0.000548,10.0,0.161,-11.467,0.0,0.297,184.112,4.0
I Was Never There,The Weeknd,0.142,0.323,241067.0,0.737,0.000162,10.0,0.163,-4.008,1.0,0.0338,113.26,4.0
I Will Find a Way,Hourstone,0.861,0.668,161405.0,0.31,0.0615,8.0,0.0902,-12.686,1.0,0.0551,121.979,4.0
I Will Follow You into the Dark,Death Cab for Cutie,0.924,0.517,189187.0,0.206,0.0,5.0,0.118,-12.233,1.0,0.0421,80.401,4.0
I Will Never Let You Down,Rita Ora,0.403,0.753,203467.0,0.801,0.0,4.0,0.128,-3.215,1.0,0.0296,128.011,4.0
I Wish I Never Met You,Babygirl,0.281,0.82,211744.0,0.494,0.0358,1.0,0.154,-9.151,1.0,0.0309,109.956,4.0
I Wish I Never Met You,Oh Wonder,0.667,0.471,179081.0,0.496,6.67e-05,1.0,0.112,-9.947,1.0,0.225,93.999,4.0
I Wish I Was the Moon,Ewan J Phillips,0.879,0.396,218231.0,0.315,0.0603,1.0,0.0953,-11.801,0.0,0.0346,99.432,3.0
I Wish It Was Me,Etham,0.409,0.57,211081.0,0.542,0.0,6.0,0.0879,-8.4,0.0,0.0771,110.018,4.0
I Won't Give Up,Jason Mraz,0.694,0.483,240166.0,0.303,0.0,4.0,0.115,-10.058,1.0,0.0429,133.406,3.0
"I am not a woman, I'm a god",Halsey,0.00375,0.517,176413.0,0.7,0.0385,6.0,0.0634,-6.568,0.0,0.0452,179.986,4.0
I disappear in your arms,Christine and the Queens,0.0474,0.817,236375.0,0.566,0.0265,7.0,0.0816,-6.928,1.0,0.0366,119.986,4.0
I feel 2 much,blackbear,0.408,0.612,240038.0,0.544,0.0,9.0,0.0998,-7.279,1.0,0.0666,86.046,4.0
I feel bad,blackbear,0.0201,0.637,175066.0,0.785,0.0,9.0,0.333,-3.382,0.0,0.0512,144.053,4.0
I felt that,blackbear,0.00836,0.692,202589.0,0.727,1.07e-06,7.0,0.131,-5.58,1.0,0.0305,99.977,4.0
I hope that you think of me,Pity Party (Girls Club),0.0625,0.845,128000.0,0.455,6.41e-05,3.0,0.108,-9.857,1.0,0.045,105.0,4.0
I hope your whole life sux,blackbear,0.27,0.708,179186.0,0.644,0.0,1.0,0.0686,-5.862,0.0,0.195,133.925,4.0
"I miss you, I’m sorry",Gracie Abrams,0.731,0.445,167538.0,0.455,1.47e-06,7.0,0.124,-6.405,1.0,0.0575,109.885,5.0
I wanna be your knight,松永智也（ＣＶ：江口拓也）,0.0888,0.516,239787.0,0.847,0.0,11.0,0.0947,-4.518,0.0,0.0513,90.02,4.0
I'd Rather Go Blind,Etta James,,,,,,,,,,,,
I'll Keep Coming,Low Roar,,,,,,,,,,,,
I'll Wait,Kygo,,,,,,,,,,,,
I'm Goin' Down - Recorded at Electric Lady Studios NYC,Vampire Weekend,,,,,,,,,,,,
I'm Going Home,Hans Zimmer,,,,,,,,,,,,
I'm Good (Blue),David Guetta,0.00383,0.561,175238.0,0.965,7.07e-06,7.0,0.371,-3.673,0.0,0.0343,128.04,4.0
I'm Leaving,Low Roar,,,,,,,,,,,,
"I'm Leaving, Sorry For Your Loss",iamnotshane,,,,,,,,,,,,
I'm Not In Love,Ber,,,,,,,,,,,,
I'm Not In Love,Kelsey Lu,,,,,,,,,,,,
I'm Not Making out With You,Surf Curse,,,,,,,,,,,,
I'm Not The Only One - Sped Up,Sam Smith,,,,,,,,,,,,
I'm Not Your Dog,Baxter Dury,,,,,,,,,,,,
I'm Ok,Emma Kern,,,,,,,,,,,,
I'm Ready,Jaden,,,,,,,,,,,,
I'm Sorry,Mokita,,,,,,,,,,,,
I'm Sorry,Swell,0.0841,0.944,157333.0,0.543,9.83e-05,6.0,0.0332,-9.61,0.0,0.164,134.953,4.0
I'm Still,Juice WRLD,,,,,,,,,,,,
I'm Yours,Jason Mraz,0.571,0.698,242040.0,0.45,0.0,11.0,0.113,-8.784,1.0,0.0442,150.999,4.0
I'm Yours / Somewhere over the Rainbow - EP Version,Straight No Chaser,,,,,,,,,,,,
I'm a Firefighter,Cigarettes After Sex,,,,,,,,,,,,
I'm a Mess,Bebe Rexha,,,,,,,,,,,,
I'm an Albatraoz,AronChupa,,,,,,,,,,,,
I'm so Sorry,Nico Collins,,,,,,,,,,,,
I've Seen That Face Before (Libertango),Grace Jones,,,,,,,,,,,,
I. Allegro con brio,Ludwig van Beethoven,0.956,0.25,442000.0,0.318,0.897,0.0,0.0976,-15.605,0.0,0.0411,98.171,4.0
I.F.L.Y.,Bazzi,0.379,0.812,165714.0,0.519,0.0,2.0,0.13,-4.823,1.0,0.0385,104.954,4.0
ICLYA,Mokita,0.0924,0.647,165991.0,0.599,0.000131,4.0,0.0934,-7.645,1.0,0.0452,155.964,4.0
IDGAF (with blackbear),BoyWithUke,0.427,0.782,140667.0,0.728,0.0,5.0,0.25,-5.93,1.0,0.0768,97.975,4.0
IDK You Yet,Alexander 23,0.886,0.648,184638.0,0.308,0.0774,1.0,0.124,-11.729,1.0,0.04,76.997,1.0
IDWK,DVBBS,0.0026,0.718,179999.0,0.846,0.0,1.0,0.11,-6.157,1.0,0.0354,115.002,4.0
IDWK - Riggi & Piros Remix,DVBBS,0.0635,0.535,150000.0,0.781,0.0,1.0,0.0934,-5.549,1.0,0.0741,128.057,4.0
IMMACULATE,VISXGE,0.00151,0.78,140874.0,0.385,5.3e-06,7.0,0.661,-7.568,1.0,0.358,117.931,4.0
IMPORTED (with 6LACK),Jessie Reyez,0.246,0.712,225213.0,0.606,1.19e-06,7.0,0.109,-4.262,1.0,0.0518,111.089,4.0
INCOMING,MC ORSEN,0.00391,0.905,140160.0,0.876,0.841,2.0,0.058,-5.467,1.0,0.0422,124.976,4.0
INDUSTRY BABY (feat. Jack Harlow),Lil Nas X,0.0203,0.736,212000.0,0.704,0.0,3.0,0.0501,-7.409,0.0,0.0615,149.995,4.0
INFERNO,Sub Urban,0.0766,0.82,133134.0,0.611,2.5e-05,9.0,0.0684,-5.02,0.0,0.122,127.883,4.0
IT HURTS!,San Holo,0.0419,0.483,228125.0,0.632,0.000622,2.0,0.422,-5.624,1.0,0.0351,146.936,4.0
IV. Sweatpants,Childish Gambino,0.152,0.712,180675.0,0.463,0.0,1.0,0.642,-9.33,0.0,0.143,80.029,4.0
Ice Cold (feat. KARRA),Habstrakt,0.00532,0.755,180000.0,0.947,0.4,5.0,0.293,-4.771,0.0,0.212,124.026,4.0
Ice Field,WYS,0.932,0.592,170856.0,0.147,0.921,0.0,0.123,-24.41,1.0,0.0315,130.081,4.0
Icee Pop,Nic D,0.12,0.914,147556.0,0.572,0.0,0.0,0.0709,-6.606,1.0,0.0359,134.989,4.0
Idhazhin Oram - The Innocence of Love,Anirudh Ravichander,0.22,0.65,204867.0,0.783,3.71e-06,7.0,0.182,-6.197,0.0,0.0377,109.959,4.0
If By Chance - slowed + reverb,Ruth B.,0.81,0.204,384770.0,0.166,2.87e-06,6.0,0.129,-14.502,1.0,0.0324,92.762,4.0
If I Didn't Have You,BANNERS,0.0908,0.627,225848.0,0.697,1.39e-05,5.0,0.0748,-7.793,1.0,0.031,136.039,4.0
If I Had You,Adam Lambert,0.0113,0.648,228240.0,0.908,0.0,4.0,0.374,-4.251,0.0,0.108,131.147,4.0
If I Killed Someone For You,Alec Benjamin,0.774,0.514,185123.0,0.605,2.91e-06,7.0,0.121,-5.363,1.0,0.0337,120.894,4.0
If It Hurts,FRND,0.826,0.625,215821.0,0.221,0.0,8.0,0.15,-12.579,1.0,0.0335,133.972,4.0
If There's Time,ODESZA,0.0016,0.47,196000.0,0.633,0.00453,10.0,0.257,-9.323,0.0,0.0323,140.12,4.0
If Today Was Your Last Day,Nickelback,8.67e-05,0.485,249067.0,0.911,0.0,3.0,0.092,-5.749,1.0,0.0355,89.956,4.0
If We Have Each Other,Alec Benjamin,0.698,0.656,181522.0,0.577,0.0,10.0,0.296,-5.566,0.0,0.0802,173.094,4.0
If You Love Her,Forest Blakk,0.355,0.286,217352.0,0.445,0.0,6.0,0.114,-8.087,1.0,0.0347,50.827,4.0
If You Love Her - feat. Meghan Trainor,Forest Blakk,0.36,0.335,215832.0,0.47,0.0,1.0,0.114,-7.158,1.0,0.0343,155.912,3.0
If the World Was Ending (feat. Julia Michaels),JP Saxe,0.866,0.464,208687.0,0.473,0.0,1.0,0.109,-10.086,1.0,0.129,75.801,4.0
Ignite,Alan Walker,0.0208,0.681,210288.0,0.864,3.98e-06,8.0,0.192,-4.3,0.0,0.116,90.008,4.0
"Iktara (From ""Wake Up Sid"")",Amit Trivedi,,,,,,,,,,,,
Illegal Weapon,Garry Sandhu,0.488,0.814,230000.0,0.666,4.23e-05,6.0,0.108,-6.555,1.0,0.0635,94.02,4.0
"Illegal Weapon 2.0 (From ""Street Dancer 3D"")",Jasmine Sandlas,,,,,,,,,,,,
"Im a god, Ordinary life",CedanVibe,,,,,,,,,,,,
Imagination,Shawn Mendes,0.0743,0.64,217773.0,0.455,0.0,0.0,0.0694,-5.942,1.0,0.0247,89.948,4.0
Imperfect Lock,Hans Zimmer,0.528,0.534,414896.0,0.33,0.822,5.0,0.112,-27.167,1.0,0.0427,120.013,3.0
Impossible,James Arthur,0.135,0.376,209440.0,0.695,0.0,0.0,0.11,-4.782,0.0,0.0933,169.533,4.0
Impossible,Röyksopp,0.115,0.729,555573.0,0.844,0.936,1.0,0.0914,-9.153,1.0,0.043,121.023,4.0
In Another Life,WYATT,0.179,0.805,148571.0,0.654,0.0,6.0,0.0941,-5.597,0.0,0.0585,147.041,4.0
In Between,WILLIS,0.25,0.716,147963.0,0.707,0.553,1.0,0.109,-7.305,0.0,0.0402,117.992,4.0
In Case I Fall for You,Black Sea Dahu,0.533,0.439,304034.0,0.473,0.000306,2.0,0.133,-9.584,0.0,0.0323,152.855,4.0
In Case You Don't Live Forever,Ben Platt,0.851,0.529,228960.0,0.307,0.0,9.0,0.104,-8.24,1.0,0.0335,139.785,4.0
In Da Getto,J Balvin,0.0177,0.924,130667.0,0.723,2.61e-05,8.0,0.113,-3.142,1.0,0.0466,126.998,4.0
In Love Again,Lonely in the Rain,0.719,0.873,140880.0,0.489,0.0284,0.0,0.087,-10.008,1.0,0.251,115.038,4.0
In My Head,Jovic,0.122,0.677,211484.0,0.744,1.41e-05,0.0,0.621,-6.379,0.0,0.0659,124.021,4.0
In My Head,Peter Manos,0.745,0.499,214533.0,0.181,0.00123,9.0,0.106,-15.359,0.0,0.0429,111.956,4.0
In My Room,Chance Peña,0.521,0.408,177609.0,0.338,0.000639,4.0,0.0732,-13.626,1.0,0.0431,133.943,3.0
In My Veins - Feat. Erin Mccarley,Andrew Belle,0.198,0.548,318909.0,0.42,4.46e-06,0.0,0.0899,-7.842,1.0,0.0277,128.012,4.0
In Two,Will Paquin,0.899,0.787,143162.0,0.463,0.0145,4.0,0.124,-10.009,1.0,0.0497,120.018,5.0
In Your Eyes,The Weeknd,0.00248,0.667,237522.0,0.721,6.24e-05,7.0,0.0753,-5.349,0.0,0.033,100.018,4.0
In the End,Linkin Park,0.00958,0.556,216880.0,0.864,0.0,3.0,0.209,-5.87,0.0,0.0584,105.143,4.0
In the Morning,Low Roar,0.396,0.418,84733.0,0.221,0.00118,0.0,0.111,-18.326,1.0,0.0271,96.885,4.0
In the Name of Love,Martin Garrix,0.109,0.501,195707.0,0.519,0.0,4.0,0.454,-5.88,0.0,0.0409,133.99,4.0
Inconsolable,Backstreet Boys,0.0186,0.4,216653.0,0.754,0.0,7.0,0.316,-3.899,1.0,0.0348,160.031,4.0
Indian Summer,Shuba,0.28,0.518,185228.0,0.523,9.58e-05,0.0,0.211,-11.672,0.0,0.0605,73.256,4.0
Infinity,Jaymes Young,0.148,0.671,237720.0,0.673,5.29e-05,11.0,0.304,-6.941,0.0,0.0444,121.963,4.0
Insane,AP Dhillon,0.416,0.796,206061.0,0.572,2.55e-05,8.0,0.0975,-7.03,0.0,0.0545,98.967,4.0
Insane,Sky McCreery,0.508,0.806,166390.0,0.405,0.0915,6.0,0.104,-11.277,0.0,0.0727,119.961,4.0
Inside Out,Mokita,0.786,0.687,176005.0,0.172,0.0,1.0,0.0985,-11.643,1.0,0.0428,131.946,4.0
Insomnia Dream,colours in the dark,0.918,0.488,162000.0,0.174,0.947,2.0,0.84,-18.624,0.0,0.0277,100.022,4.0
Instagram,Dimitri Vegas & Like Mike,0.125,0.765,184558.0,0.906,0.0,8.0,0.423,-2.097,0.0,0.0965,96.071,4.0
Internal Blues - Washing Machine Mix,Green Day,0.21,0.658,299560.0,0.784,0.861,1.0,0.0961,-14.678,1.0,0.0342,139.883,4.0
Into It,Chase Atlantic,0.0503,0.518,196767.0,0.572,2.41e-05,10.0,0.129,-6.706,0.0,0.0416,130.053,4.0
Into The Fire,Declan J Donovan,0.0129,0.546,194048.0,0.708,0.0,9.0,0.187,-3.929,0.0,0.0602,143.991,4.0
Into The Light,Notaker,0.0178,0.484,201340.0,0.675,0.634,1.0,0.329,-6.99,0.0,0.0444,99.98,4.0
Intro,Sasha Alex Sloan,0.894,0.589,45587.0,0.102,0.0,8.0,0.24,-18.015,1.0,0.147,117.166,5.0
Invincible,Aminé,0.141,0.724,196387.0,0.6,0.000218,10.0,0.104,-4.391,0.0,0.29,86.984,4.0
Invisible Things,Lauv,0.0834,0.744,197307.0,0.552,8.02e-06,7.0,0.132,-7.406,1.0,0.0926,125.194,5.0
Iridescent,Linkin Park,0.198,0.484,296560.0,0.727,0.00204,0.0,0.107,-6.107,1.0,0.0358,120.066,4.0
Iris,Mr FijiWiji,0.181,0.478,228775.0,0.518,0.000185,6.0,0.18,-7.721,1.0,0.0378,147.805,3.0
Iro Kousui - Horimiya - Lofi Remix,Kioshi,0.834,0.731,165750.0,0.474,0.931,4.0,0.109,-12.485,0.0,0.063,160.015,4.0
Iron Destiny,Kreator,,,,,,,,,,,,
Is It Just Me?,Sasha Alex Sloan,0.699,0.682,154275.0,0.363,3e-05,2.0,0.363,-10.837,1.0,0.0261,94.978,4.0
Is It Just Me? (feat. Charlie Puth),Sasha Alex Sloan,0.699,0.682,154275.0,0.363,3e-05,2.0,0.363,-10.837,1.0,0.0261,94.978,4.0
Is That What You Like Now,Beren Olivia,0.0559,0.651,194750.0,0.626,0.0,5.0,0.123,-6.036,1.0,0.0428,120.061,4.0
Is There Still Anything That Love Can Do? (Movie Edit),RADWIMPS,0.822,0.638,150653.0,0.291,0.0,9.0,0.318,-7.144,1.0,0.0442,141.929,4.0
Ishq Bina,Anuradha Sriram,0.198,0.669,465133.0,0.357,3.22e-06,7.0,0.0446,-16.269,1.0,0.0625,88.022,4.0
Ishq Hua,Salim–Sulaiman,0.657,0.405,263027.0,0.745,0.00552,2.0,0.117,-7.914,0.0,0.108,87.452,4.0
Ishq Tera Tadpave - Oh Ho Ho Ho,Sukhbir,0.0558,0.733,367818.0,0.963,1.32e-05,10.0,0.0766,-5.06,1.0,0.0665,145.05,4.0
Island of the Sun,Winona Oak,0.39,0.639,176471.0,0.671,1.73e-06,3.0,0.092,-4.794,0.0,0.0312,91.997,4.0
Islands,Michael Lanza,0.0751,0.787,229429.0,0.682,0.0,11.0,0.111,-10.544,0.0,0.0588,105.094,4.0
Isolation,Lana Lubany,0.652,0.661,72451.0,0.46,0.0,7.0,0.143,-9.761,1.0,0.3,140.086,4.0
Isolation,RINZ.,0.793,0.715,109859.0,0.186,0.893,8.0,0.106,-11.769,0.0,0.0902,70.988,4.0
Isq Risk,Sohail Sen,0.122,0.846,295079.0,0.634,0.0,10.0,0.146,-7.753,0.0,0.0432,104.964,4.0
Issey Kehte Hain Hip Hop,Yo Yo Honey Singh,0.283,0.911,194168.0,0.608,1.34e-06,4.0,0.113,-5.438,0.0,0.249,100.013,4.0
Issues,Julia Michaels,0.401,0.728,176320.0,0.415,0.0,8.0,0.0616,-6.852,1.0,0.0639,114.145,4.0
Issues,Lund,0.587,0.754,188560.0,0.517,0.0,11.0,0.0971,-7.598,1.0,0.0368,120.061,4.0
Issues - Alan Walker Remix,Julia Michaels,0.142,0.752,181000.0,0.774,8.3e-06,8.0,0.0993,-4.379,1.0,0.0532,113.935,4.0
It Takes Two,Fiji Blue,0.338,0.731,159013.0,0.597,0.00114,4.0,0.0771,-7.661,1.0,0.0567,101.991,4.0
It Will Rain,Bruno Mars,0.337,0.576,257720.0,0.835,0.0,2.0,0.082,-6.826,1.0,0.0486,150.017,4.0
It'll Be Ok,Justin Lucas,,,,,,,,,,,,
It'll Be Okay,Shawn Mendes,,,,,,,,,,,,
It's Getting Worse,Gavin Haley,0.556,0.647,165444.0,0.681,0.0,8.0,0.124,-6.405,1.0,0.0373,145.039,4.0
It's My Bad,Nico Collins,0.0298,0.686,191037.0,0.804,0.0,7.0,0.35,-3.774,1.0,0.0443,88.034,4.0
It's Ok If You Forget Me,Astrid S,0.526,0.562,204989.0,0.379,0.0,6.0,0.151,-7.625,1.0,0.231,171.848,4.0
"It's Raining, It's Pouring",Anson Seabra,0.68,0.598,183090.0,0.444,1.94e-05,2.0,0.142,-8.683,0.0,0.0327,113.919,4.0
It's Time,Imagine Dragons,0.0162,0.656,237987.0,0.884,0.0,2.0,0.145,-4.748,1.0,0.0372,105.009,4.0
It's You,Ali Gatie,0.374,0.732,212607.0,0.463,0.0,11.0,0.194,-6.972,0.0,0.0287,95.971,4.0
It's You,Henry,0.609,0.55,231002.0,0.465,0.0,7.0,0.109,-6.09,1.0,0.0248,76.033,4.0
It's the Time to Disco,Shankar-Ehsaan-Loy,0.0452,0.902,333093.0,0.772,0.000129,6.0,0.12,-8.29,0.0,0.0383,131.992,4.0
Ithaque,Sara Costa,0.68,0.803,189027.0,0.684,0.0722,8.0,0.131,-10.081,1.0,0.0627,112.985,4.0
Itomori high school,RADWIMPS,0.993,0.786,111560.0,0.0775,0.846,9.0,0.115,-13.94,1.0,0.0965,143.089,3.0
Iya Valley,Oaty.,0.0352,0.548,106310.0,0.384,0.0728,6.0,0.146,-15.053,0.0,0.0331,146.974,4.0
I’II Keep You Safe,me7k,,,,,,,,,,,,
I’ll Have to Say I Love You in a Song,Jim Croce,,,,,,,,,,,,
I’ll Keep You Safe,Vluestar,0.805,0.504,140312.0,0.401,0.00596,0.0,0.155,-10.016,1.0,0.0958,114.95,4.0
I’ll Still Have Me,Cyn,0.915,0.604,219268.0,0.277,1.82e-05,2.0,0.113,-8.249,1.0,0.0286,82.922,4.0
I’m Not Going Back (feat. Mokita),Kina,0.641,0.496,157714.0,0.496,0.0014,2.0,0.114,-9.186,1.0,0.0318,139.946,4.0
I’m So Sorry,Imagine Dragons,0.131,0.524,230200.0,0.679,0.0,2.0,0.201,-6.01,0.0,0.0565,142.588,4.0
JEBAITED,SiLi,0.00052,0.574,339086.0,0.979,0.895,7.0,0.0493,-2.314,1.0,0.0678,172.031,4.0
JOLT,Unlike Pluto,0.39,0.663,200400.0,0.551,6.73e-06,2.0,0.11,-8.191,0.0,0.0661,100.09,4.0
Jaane Kyun,Vishal-Shekhar,0.0573,0.778,277987.0,0.812,8.28e-06,4.0,0.243,-8.561,0.0,0.046,99.962,4.0
Jaane Ye Kya Hua,KK,0.737,0.604,242463.0,0.347,2.14e-05,7.0,0.118,-8.023,1.0,0.0245,100.96,4.0
Jaat Da Muqabala,Sidhu Moose Wala,,,,,,,,,,,,
Jab Mila Tu,Vishal-Shekhar,0.0482,0.626,251853.0,0.561,0.0,9.0,0.304,-6.644,0.0,0.0304,167.916,4.0
Jab Se Tere Naina,Monty Sharma,0.362,0.599,284573.0,0.653,0.0,0.0,0.144,-7.576,0.0,0.122,79.968,4.0
Jab Tak,Armaan Malik,0.858,0.299,174039.0,0.447,0.000314,3.0,0.097,-7.862,0.0,0.0383,121.723,4.0
Jackie Chan,Tiësto,0.374,0.747,215760.0,0.834,0.0,3.0,0.0586,-2.867,0.0,0.045,128.005,4.0
Jackie Onassis,ELIO,0.0107,0.677,225517.0,0.652,3.54e-06,1.0,0.144,-6.744,1.0,0.0289,115.973,4.0
Jag Soona Soona Lage,Rahat Fateh Ali Khan,0.0663,0.563,329429.0,0.71,0.0,7.0,0.105,-6.212,1.0,0.0592,133.873,4.0
Jaguar,Kid Travis,0.174,0.733,193500.0,0.421,0.0,0.0,0.119,-6.702,1.0,0.0298,80.036,4.0
Janu Meri Jaan - Shaan / Soundtrack Version,Mohammed Rafi,,,,,,,,,,,,
Janu Tame Chamkucha,Humane Sagar,0.385,0.618,218865.0,0.629,3.1e-06,3.0,0.12,-7.726,0.0,0.0323,150.076,3.0
Japan,Yot Club,0.086,0.639,174936.0,0.82,0.939,5.0,0.207,-6.782,1.0,0.0448,165.895,4.0
Jasmine,C4C,0.904,0.624,151169.0,0.172,0.926,11.0,0.0878,-20.261,1.0,0.0512,153.974,4.0
Jealous,Eyedress,0.00491,0.474,122339.0,0.921,0.85,9.0,0.476,-10.431,0.0,0.0457,93.01,4.0
Jealous,Nick Jonas,0.013,0.7,223107.0,0.701,0.0,11.0,0.461,-3.834,0.0,0.161,93.012,4.0
Jebaited - Remix,Yung Jarq,0.686,0.737,156933.0,0.505,9.87e-05,9.0,0.126,-10.988,0.0,0.122,109.408,3.0
Jericho,Jacknife,0.000176,0.552,183273.0,0.894,0.284,1.0,0.183,-3.724,1.0,0.0331,109.976,4.0
Jesus in LA,Alec Benjamin,0.664,0.787,171539.0,0.558,0.0,0.0,0.347,-5.237,1.0,0.0414,94.049,4.0
Jewels and Gems,Two Fingers,0.0205,0.696,232173.0,0.789,0.00145,4.0,0.343,-6.555,0.0,0.167,100.002,4.0
Jewels and Gems - Instrumental,Two Fingers,4.69e-05,0.647,241009.0,0.683,0.824,6.0,0.0808,-10.213,0.0,0.0541,100.029,4.0
Jiyein Kyun,Pritam,0.0558,0.393,264963.0,0.609,2.22e-06,4.0,0.107,-5.954,1.0,0.0415,71.377,4.0
Jiyū,Linearwave,0.978,0.691,110518.0,0.414,0.937,9.0,0.283,-13.168,0.0,0.0357,139.996,4.0
Jocelyn Flores,XXXTENTACION,0.469,0.872,119133.0,0.391,4.13e-06,0.0,0.297,-9.144,0.0,0.242,134.021,4.0
Johnny B. Goode,Chuck Berry,0.741,0.534,161560.0,0.803,6.07e-05,10.0,0.307,-9.129,1.0,0.0743,167.983,4.0
Johnny's Story,Leo Birenberg & Zach Robinson,0.0189,0.529,148461.0,0.461,0.793,8.0,0.0714,-13.124,1.0,0.0299,120.005,4.0
Joke's On You,Charlotte Lawrence,0.23,0.476,184659.0,0.652,0.0,2.0,0.136,-4.546,0.0,0.104,190.118,3.0
Jonathan Low,Vampire Weekend,0.00809,0.523,213467.0,0.792,0.00463,8.0,0.133,-6.739,1.0,0.0305,152.056,4.0
Judas,Lady Gaga,0.000967,0.661,249067.0,0.937,1.59e-05,10.0,0.355,-3.83,0.0,0.0744,131.001,4.0
Juicy Sweatsuits (feat. Juicy J),blackbear,0.218,0.716,183944.0,0.535,0.0,1.0,0.0673,-8.01,1.0,0.42,102.843,4.0
Julia,Colony House,0.706,0.558,205413.0,0.558,6.83e-05,4.0,0.27,-10.455,1.0,0.0367,139.914,3.0
Julia,Lauv,0.49,0.755,174861.0,0.625,0.0,2.0,0.157,-7.114,1.0,0.0897,147.022,4.0
July Bones,Richard Walters,0.785,0.596,239400.0,0.27,0.134,2.0,0.0647,-11.486,1.0,0.0265,100.006,4.0
Jump - 2015 Remaster,Van Halen,0.171,0.572,241600.0,0.835,0.000377,0.0,0.0702,-6.219,1.0,0.0317,129.981,4.0
Jumpsuit,Twenty One Pilots,0.00849,0.62,238560.0,0.61,0.162,11.0,0.205,-8.329,0.0,0.0373,127.052,4.0
"June, After Dark",Elliot Root,0.115,0.59,219134.0,0.697,0.00308,9.0,0.121,-6.973,1.0,0.0356,106.06,4.0
Jungle Bae (feat. Bunji Garlin & MX Prime),Jack Ü,0.0304,0.744,208125.0,0.997,0.00256,2.0,0.0737,-1.325,1.0,0.13,127.975,4.0
Jupiter,Flower Face,0.896,0.459,271487.0,0.326,0.0132,9.0,0.112,-12.29,1.0,0.0268,90.042,4.0
Jupiter 4,Sharon Van Etten,0.0171,0.324,314080.0,0.495,0.487,6.0,0.143,-10.625,1.0,0.0398,177.742,4.0
Just A Dream,Joseph Vincent,0.476,0.757,148677.0,0.363,0.0,6.0,0.0938,-11.731,1.0,0.0578,90.025,4.0
Just A Little While,The 502s,0.0897,0.636,162608.0,0.788,0.0,5.0,0.286,-9.177,0.0,0.0432,125.0,4.0
Just A Memory (feat. Regina Spektor),ODESZA,,,,,,,,,,,,
Just Another Day,Epona,0.879,0.642,183600.0,0.149,0.903,6.0,0.103,-13.639,0.0,0.0405,74.942,4.0
Just Dance,Lady Gaga,0.0264,0.822,241933.0,0.739,4.26e-05,1.0,0.181,-4.541,0.0,0.0311,118.992,4.0
Just Like You,Alec Benjamin,0.618,0.747,167642.0,0.482,0.0,0.0,0.128,-5.614,1.0,0.033,91.991,4.0
Just Okay,C4LVN,0.0687,0.566,186870.0,0.714,0.000229,4.0,0.432,-7.8,0.0,0.0366,131.062,4.0
Just Say It out Loud,Gamma Skies,0.796,0.712,203238.0,0.506,0.0,8.0,0.115,-9.499,0.0,0.0429,93.008,4.0
Just The Two of Us,Kauai45,0.936,0.592,117037.0,0.214,1.62e-05,1.0,0.253,-13.468,1.0,0.115,81.672,4.0
Just Wanna Be With You,High School Musical Cast,0.312,0.547,156187.0,0.723,0.0,2.0,0.112,-4.804,0.0,0.0323,102.003,4.0
Just a Sample,Chill Bump,0.159,0.754,186625.0,0.504,1.77e-06,4.0,0.121,-7.143,0.0,0.32,80.052,4.0
Just the Right Song,Vansire,0.727,0.689,186253.0,0.534,0.00174,6.0,0.11,-10.335,1.0,0.0325,100.746,4.0
Just the Two of Us (feat. Bill Withers),"Grover Washington, Jr.",0.41,0.749,438493.0,0.497,0.0499,10.0,0.0504,-12.609,0.0,0.105,95.818,4.0
Just the Way You Are,Bruno Mars,0.0134,0.635,220734.0,0.841,0.0,5.0,0.0622,-5.379,1.0,0.0422,109.021,4.0
KING,Rosa Linn,0.508,0.598,203089.0,0.555,0.0277,0.0,0.304,-7.407,1.0,0.0295,152.101,4.0
KNIGHT II,KXNVRA,0.00275,0.831,125954.0,0.872,0.913,10.0,0.133,-4.666,0.0,0.0598,93.996,4.0
KNOW ME,8 Ballin',0.032,0.761,273600.0,0.641,0.0,5.0,0.12,-5.972,0.0,0.0589,100.002,4.0
KNOW ME (feat. Gallant),BRONSON,0.58,0.698,180027.0,0.812,0.182,0.0,0.113,-5.5,1.0,0.0399,128.045,4.0
KTMBK,Zaeden,0.555,0.898,154435.0,0.435,0.0,6.0,0.139,-8.834,1.0,0.0489,115.034,4.0
Kabhi Alvida Naa Kehna,Shankar-Ehsaan-Loy,0.752,0.365,483920.0,0.407,0.00129,5.0,0.212,-10.352,1.0,0.0424,149.161,4.0
Kabhi Kabhi Aditi,Rashid Ali,0.276,0.791,218836.0,0.558,0.0,7.0,0.0859,-7.155,0.0,0.0661,95.077,4.0
Kabira (Encore),Pritam,0.441,0.611,270439.0,0.612,0.0,2.0,0.18,-7.978,1.0,0.114,171.841,4.0
Kahin To,Rashid Ali,0.334,0.61,303206.0,0.492,6.3e-06,10.0,0.0979,-7.55,1.0,0.0261,90.984,4.0
Kaikai Kitan,Eve,0.0119,0.584,221426.0,0.911,0.0,5.0,0.119,-3.515,0.0,0.09,92.502,4.0
Kaise Bataun Tumhe,Kshitij Vishwakarma,0.871,0.689,193826.0,0.261,0.000201,7.0,0.119,-10.355,1.0,0.0347,114.95,4.0
"Kaise Hua (From ""Kabir Singh"")",Vishal Mishra,,,,,,,,,,,,
Kaise Mein Kahun Tujhse,KK,0.573,0.613,64773.0,0.108,0.0,9.0,0.0565,-15.73,0.0,0.0289,85.941,4.0
Kal Ho Naa Ho,Shankar-Ehsaan-Loy,0.334,0.532,321240.0,0.529,0.000144,0.0,0.078,-8.402,1.0,0.0352,81.989,4.0
Kal Ki Hi Baat Hai,Pritam,0.973,0.562,240534.0,0.368,0.000164,1.0,0.105,-9.198,1.0,0.027,107.914,4.0
Kalaavathi,Thaman S,,,,,,,,,,,,
Kaleidoscope,A Great Big World,0.0182,0.709,229320.0,0.913,0.0,7.0,0.167,-5.148,1.0,0.0748,108.024,4.0
Kalia Pakhaku Jaithili,Anuradha Paudwal,0.673,0.439,299813.0,0.541,3.9e-06,1.0,0.128,-9.108,1.0,0.0757,151.925,3.0
Kaliare Mana Boli Tora Kichhi Nahin,Anuradha Paudwal,0.728,0.478,293893.0,0.512,0.0,5.0,0.0978,-7.679,0.0,0.0384,137.886,3.0
Kalle Kalle,Priya Saraiya,0.73,0.707,227143.0,0.417,2.07e-05,1.0,0.106,-9.269,1.0,0.0438,115.939,4.0
"Kamado Tanjirou no Uta (From ""Demon Slayer: Kimetsu no Yaiba"") [Full Version]",Akano,,,,,,,,,,,,
Kamal Hai,Kishore Kumar,0.698,0.502,353907.0,0.744,0.0,1.0,0.478,-8.573,1.0,0.134,117.305,4.0
Kamariya,Aastha Gill,0.143,0.825,187983.0,0.666,2.81e-06,4.0,0.237,-4.847,0.0,0.0554,96.987,4.0
Kamikaze,Eminem,0.112,0.78,216029.0,0.808,0.0,2.0,0.329,-5.175,1.0,0.484,79.982,4.0
Kan Kanna Salige,Sonu Nigam,0.101,0.832,272175.0,0.658,0.00121,9.0,0.284,-6.333,0.0,0.0303,120.044,4.0
Kanata,baobab,0.979,0.361,362227.0,0.23,0.0321,2.0,0.181,-10.69,1.0,0.0324,101.565,4.0
Kangna,Dr Zeus,0.035,0.756,210680.0,0.858,0.000254,1.0,0.061,-4.05,0.0,0.0585,101.984,4.0
Kanhaiya Kanhaiya Pukara Karenge,Madhavas,0.575,0.421,466887.0,0.396,0.0,3.0,0.0949,-7.973,1.0,0.0301,139.768,3.0
Kannazhaga - The Kiss of Love,Anirudh Ravichander,0.431,0.574,205947.0,0.496,0.0,8.0,0.399,-7.153,0.0,0.0277,109.935,4.0
Kar Ja Re Ya Mar Ja Re,Sachin-Jigar,0.0158,0.478,170347.0,0.767,1.96e-05,6.0,0.352,-9.569,1.0,0.136,104.977,4.0
Karanlığın,VALORANT,0.0503,0.556,215941.0,0.916,0.595,2.0,0.114,-5.831,1.0,0.0483,100.965,4.0
Karlson Vibe (Milkman Karlson Theme) [Original Game Soundtrack],Context Sensitive,0.142,0.976,226909.0,0.678,0.557,10.0,0.0573,-6.532,0.0,0.0929,109.957,4.0
Karlson Wave (Milkman Karlson Theme) [Original Game Soundtrack],Context Sensitive,0.00504,0.491,262222.0,0.851,0.0151,8.0,0.175,-4.481,1.0,0.0322,107.995,4.0
Karma - Sped Up,Summer Walker,0.268,0.62,161541.0,0.28,3.7e-06,7.0,0.223,-10.467,1.0,0.0465,135.581,4.0
Karz Theme Music - Instrumental,Laxmikant–Pyarelal,,,,,,,,,,,,
Katawaredoki,RADWIMPS,0.964,0.548,170027.0,0.0956,0.905,5.0,0.0933,-14.196,1.0,0.0468,129.933,4.0
Kaun Tujhe,Palak Muchhal,0.868,0.531,241449.0,0.431,2.47e-05,2.0,0.127,-8.937,0.0,0.037,107.99,4.0
"Kaun Tujhe (From ""M.S.Dhoni - The Untold Story"")",Palak Muchhal,,,,,,,,,,,,
Kayla,Stephen Sanchez,0.845,0.41,175200.0,0.256,6.31e-06,8.0,0.116,-8.653,1.0,0.0284,137.741,4.0
Keep Her Close,ODESZA,0.0332,0.484,214154.0,0.844,0.0319,9.0,0.22,-6.096,0.0,0.0479,130.062,4.0
Keep On,Sasha Alex Sloan,0.478,0.762,180240.0,0.585,0.0,8.0,0.113,-8.819,1.0,0.102,140.005,4.0
Keep You Mine,NOTD,0.267,0.81,174761.0,0.788,0.000172,10.0,0.196,-3.663,1.0,0.0447,135.991,4.0
Keep Your Head Up Princess,Anson Seabra,0.97,0.689,198220.0,0.143,0.0,6.0,0.109,-17.374,1.0,0.264,85.398,4.0
Keeping Everything Inside,Sophie Pecora,0.613,0.561,178105.0,0.522,0.0,6.0,0.103,-7.699,0.0,0.108,94.321,4.0
Keeping It Real,Phonked,0.147,0.63,168252.0,0.911,0.000621,7.0,0.161,-3.702,1.0,0.0596,128.072,4.0
Keeping Tabs,NIKI,0.0892,0.651,177720.0,0.627,0.0,7.0,0.0941,-6.842,1.0,0.164,169.955,4.0
Kehre Pind Di,Lehmber Hussainpuri,,,,,,,,,,,,
Kelp Forest,Peter Bark,0.972,0.572,150055.0,0.135,0.956,2.0,0.0922,-18.25,1.0,0.0351,137.89,4.0
Keman Rhythm,Two Fingers,0.0137,0.681,196400.0,0.89,0.883,7.0,0.352,-7.689,1.0,0.116,107.28,4.0
Kenny,Still Woozy,0.307,0.743,194133.0,0.49,0.0393,1.0,0.108,-10.845,1.0,0.0377,120.028,4.0
Keraunos,PlayaPhonk,0.439,0.838,144980.0,0.59,0.874,7.0,0.105,-4.305,1.0,0.233,150.02,4.0
Keri Keri Suna Duba,Anuradha Paudwal,0.499,0.465,345013.0,0.557,0.0,7.0,0.28,-9.738,1.0,0.0451,159.791,3.0
Khaabon Ke Parinday,Alyssa Mendonsa,0.721,0.517,251704.0,0.565,0.00689,9.0,0.0997,-10.184,1.0,0.0441,169.952,4.0
Khayaal,Abhijeet Srivastava,0.21,0.5,162207.0,0.677,0.0,0.0,0.118,-7.73,0.0,0.0634,149.751,3.0
Khoon Choos Le,Sachin-Jigar,0.36,0.684,198760.0,0.721,0.0,5.0,0.168,-7.116,1.0,0.0924,128.059,4.0
Khuda Jaane,Vishal-Shekhar,0.391,0.382,333584.0,0.632,0.000486,8.0,0.0922,-6.393,1.0,0.0411,78.936,4.0
Khwab Dekhe Sexy Lady,Pritam,0.303,0.818,279357.0,0.829,8.53e-05,8.0,0.277,-7.145,0.0,0.0978,108.999,4.0
Kiara,Bonobo,0.195,0.595,230307.0,0.788,0.202,3.0,0.153,-10.128,0.0,0.363,97.012,4.0
Kick It,Conro,0.0564,0.748,201818.0,0.838,0.0218,9.0,0.0867,-5.517,1.0,0.0394,110.017,4.0
Kids Are Born Stars,Lauv,0.205,0.802,187026.0,0.547,0.0,8.0,0.109,-7.034,1.0,0.0518,109.966,4.0
Kids In The Dark,Bat For Lashes,0.524,0.472,208613.0,0.526,0.0056,1.0,0.0856,-10.987,1.0,0.0306,138.933,4.0
Kids Of The Night,Elley Duhé,0.0231,0.684,185787.0,0.729,0.000628,1.0,0.124,-3.8,1.0,0.0407,159.975,4.0
Kill EVERYBODY,Skrillex,0.00219,0.788,297986.0,0.874,0.00231,0.0,0.0998,-3.336,1.0,0.0805,126.988,4.0
Kill EVERYBODY - Bare Noize Remix,Skrillex,0.00133,0.594,281122.0,0.947,0.108,0.0,0.305,-3.904,1.0,0.0519,140.043,4.0
Kill Our Way to Heaven,Michl,0.863,0.466,234930.0,0.448,0.000186,10.0,0.255,-8.73,0.0,0.0921,71.426,4.0
Kill Us All (feat. Denzel Curry),The Neighbourhood,0.0137,0.547,161947.0,0.639,0.0,2.0,0.305,-6.958,1.0,0.117,90.098,4.0
Killer + The Sound,Phoebe Bridgers,0.982,0.397,475187.0,0.1,0.00467,0.0,0.1,-15.43,1.0,0.0375,126.813,4.0
Killer Queen - Remastered 2011,Queen,0.379,0.535,179600.0,0.65,0.0,10.0,0.14,-6.328,1.0,0.0554,117.188,4.0
Killin' On Demand,Freddie Dredd,0.00254,0.886,129196.0,0.741,0.000134,10.0,0.151,-5.043,1.0,0.0682,140.024,4.0
Killing In The Name,Rage Against The Machine,0.0266,0.466,313573.0,0.833,0.0,7.0,0.0327,-4.215,1.0,0.304,88.785,4.0
Killshot,ssjishmael,0.106,0.755,127081.0,0.715,0.000142,1.0,0.164,-6.401,1.0,0.122,144.855,4.0
Kim & Jessie,M83,0.000103,0.498,322933.0,0.553,0.528,5.0,0.273,-6.193,1.0,0.0332,111.015,4.0
Kina Chir,The PropheC,0.0955,0.622,216027.0,0.431,0.0,11.0,0.088,-8.26,0.0,0.0293,117.919,4.0
Kings & Queens,Robbe,0.337,0.779,155576.0,0.66,0.0,1.0,0.217,-10.341,0.0,0.0821,126.024,4.0
"Kings & Queens, Pt. 2 (feat. Lauv & Saweetie)",Ava Max,0.00604,0.661,175993.0,0.779,0.0,1.0,0.218,-3.995,0.0,0.0678,129.911,4.0
Kinna Chir,Kaushik Rai,,,,,,,,,,,,
Kinna Chir - Acoustic Version,Kaushik Rai,,,,,,,,,,,,
Kisi Disco Mein Jaaye,Alka Yagnik,0.602,0.622,327000.0,0.939,0.0181,7.0,0.158,-9.091,0.0,0.0587,170.058,4.0
Kiss & Tell,Mokita,0.48,0.672,191996.0,0.494,1.01e-06,2.0,0.209,-10.142,1.0,0.0443,139.984,4.0
Kiss Her You Fool,Kids That Fly,0.00873,0.487,163448.0,0.716,0.000203,5.0,0.134,-6.294,1.0,0.0348,104.98,4.0
Kiss Me More (feat. SZA),Doja Cat,0.259,0.764,208667.0,0.705,8.92e-05,8.0,0.12,-3.463,1.0,0.0284,110.97,4.0
Kissin' In The Cold,JP Saxe,0.777,0.528,224084.0,0.343,0.0,0.0,0.162,-7.62,1.0,0.036,64.879,4.0
Kiwi,Harry Styles,0.00064,0.375,176387.0,0.93,0.0,2.0,0.318,-2.631,1.0,0.0561,147.124,4.0
Know Me Too Well,New Hope Club,0.424,0.756,200600.0,0.706,0.0,1.0,0.0635,-4.384,0.0,0.0393,122.925,4.0
Know My Legend,Gareth Coker,0.117,0.609,136840.0,0.376,0.829,2.0,0.104,-17.01,1.0,0.0345,97.984,4.0
Know You Better,Brandt,0.629,0.556,248552.0,0.608,0.764,10.0,0.31,-10.98,1.0,0.0355,87.994,4.0
Know Your Enemy,Green Day,0.0016,0.56,190987.0,0.958,4.96e-05,11.0,0.0643,-3.245,1.0,0.0412,129.984,4.0
Know Your Worth,Khalid,0.145,0.79,181436.0,0.694,0.00252,9.0,0.281,-7.726,0.0,0.0708,103.007,4.0
Koi Ladki Hai,Uttam Singh,0.619,0.805,330684.0,0.594,1.55e-05,2.0,0.215,-10.846,1.0,0.0927,110.425,4.0
Koi Tumsa Nahin,Sonu Nigam,0.17,0.663,375347.0,0.762,1.06e-05,5.0,0.107,-4.095,1.0,0.0326,140.022,4.0
Koino Uta,Yunomi,0.0281,0.633,209899.0,0.839,0.00124,0.0,0.0823,-6.302,0.0,0.0488,160.018,4.0
Koino Uta - Short Version,Yunomi,0.0762,0.66,91500.0,0.812,0.000353,3.0,0.381,-9.703,1.0,0.0883,159.976,4.0
Kokoronashi,Olutorops,0.053,0.559,270095.0,0.316,0.0,5.0,0.0709,-13.201,1.0,0.026,84.001,4.0
Kokoronashi,majiko,0.289,0.528,273583.0,0.593,0.00054,1.0,0.0724,-3.68,1.0,0.0545,167.238,4.0
Kokoroyohou,Eve,0.116,0.718,199995.0,0.831,0.0,3.0,0.305,-3.213,1.0,0.0758,142.942,4.0
Konoha Peace,Eliott Tordo Erhu,0.824,0.269,103775.0,0.165,0.00714,2.0,0.0822,-12.859,1.0,0.0367,118.01,4.0
Konoha Peace,Kato,0.936,0.617,87612.0,0.0806,0.946,2.0,0.121,-24.894,1.0,0.0348,98.165,4.0
Konoha Peace,R A Y,0.538,0.649,111585.0,0.39,0.43,2.0,0.339,-8.058,1.0,0.0395,120.099,4.0
Konoha Peace (From Naruto),Kato,0.989,0.689,64881.0,0.0258,0.971,2.0,0.111,-28.516,1.0,0.0599,62.589,3.0
Konoha Peace (Naruto) - Lofi Version,Shoyo,0.975,0.715,133697.0,0.209,0.689,2.0,0.184,-18.411,1.0,0.0385,115.011,4.0
Konoha Peace - From Naruto,Prayathna,0.931,0.755,117569.0,0.295,0.881,2.0,0.101,-23.411,1.0,0.077,110.027,4.0
Konoha Peace Piano,Kato,0.993,0.693,64243.0,0.0141,0.965,2.0,0.104,-28.587,1.0,0.074,62.636,5.0
Koyo,Pueblo Vista,0.746,0.559,154447.0,0.219,0.91,5.0,0.111,-14.283,1.0,0.034,74.98,4.0
Krwlng (Mike Shinoda Reanimation) [feat. Aaron Lewis],Linkin Park,0.088,0.415,340253.0,0.528,0.00595,4.0,0.0746,-7.564,1.0,0.0293,105.217,4.0
Krystal,Matt Maltese,0.738,0.521,220245.0,0.509,0.784,3.0,0.119,-8.059,1.0,0.0276,153.563,4.0
Kubool Hai Na,Arvind,0.688,0.482,204157.0,0.454,0.251,7.0,0.144,-9.983,0.0,0.0514,125.952,4.0
Kuch Kuch Hota Hai,Jatin-Lalit,0.602,0.547,297867.0,0.554,0.000155,7.0,0.0735,-11.165,1.0,0.0374,91.386,4.0
Kuchikamizake trip,RADWIMPS,0.97,0.223,175107.0,0.207,0.594,0.0,0.105,-14.767,0.0,0.0346,149.806,3.0
Kun Faya Kun,A.R. Rahman,0.679,0.362,470500.0,0.378,0.0,1.0,0.091,-11.008,1.0,0.0329,87.549,4.0
Kusanagi,ODESZA,0.472,0.335,208000.0,0.33,0.41,0.0,0.164,-8.302,1.0,0.031,75.07,4.0
Kya Karein,Aditya Rikhari,0.616,0.528,158825.0,0.344,0.0,6.0,0.232,-11.787,1.0,0.0586,107.626,4.0
Kya Karoon?,Shankar-Ehsaan-Loy,0.611,0.594,236160.0,0.548,0.00146,9.0,0.117,-7.588,0.0,0.0267,98.014,4.0
Kya Khoob Lagti Ho,Mukesh,0.719,0.429,239133.0,0.644,6.66e-05,6.0,0.383,-9.102,1.0,0.0383,132.207,4.0
Kya Mujhe Pyar Hai,KK,0.431,0.644,266653.0,0.818,2.62e-05,6.0,0.0806,-5.924,0.0,0.0549,118.477,4.0
"Kya Yahi Pyar Hai - From ""Rocky""",Lata Mangeshkar,0.506,0.666,383013.0,0.447,1.5e-06,7.0,0.12,-7.568,1.0,0.0245,102.713,4.0
Kyoto (feat. Sirah),Skrillex,0.0012,0.605,200787.0,0.92,0.000596,4.0,0.483,-2.298,0.0,0.0713,174.974,4.0
Kyun Rabba,Armaan Malik,,,,,,,,,,,,
Kyur4 Th Ich (Chairman Hahn Reanimation),Linkin Park,0.0436,0.672,152533.0,0.974,0.654,10.0,0.828,-5.604,0.0,0.113,102.129,4.0
LA On A Saturday Night - Acoustic,Hearts & Colors,0.511,0.583,190841.0,0.463,0.0,10.0,0.177,-6.609,1.0,0.0321,81.953,4.0
LATELY,Amber Liu,0.865,0.788,202612.0,0.345,0.0,2.0,0.119,-8.002,1.0,0.0329,109.919,4.0
LAst dAy oN EaRTh,Tai Verdes,0.413,0.494,172756.0,0.553,4.17e-05,5.0,0.218,-5.57,1.0,0.197,82.061,4.0
LETTERS TO BANKSY,PHONK WALKER,0.0892,0.699,179407.0,0.825,0.931,1.0,0.0928,-6.155,1.0,0.0523,169.994,4.0
LIE,LIL DUSTY G,0.307,0.603,129474.0,0.531,0.0,4.0,0.114,-9.165,0.0,0.0629,151.96,4.0
LOSING YOU,blackbear,0.0654,0.475,205005.0,0.39,0.00045,0.0,0.16,-11.344,0.0,0.063,143.88,4.0
LOST IN THE ECHO,Linkin Park,0.0154,0.546,205120.0,0.98,0.0,9.0,0.31,-3.02,0.0,0.0619,120.037,4.0
LOVE ME,KLOUD,0.0336,0.587,204706.0,0.902,0.000112,8.0,0.1,-2.506,1.0,0.049,102.029,4.0
LOVE ME HARD,Elley Duhé,0.000924,0.554,218630.0,0.862,0.000142,3.0,0.422,-4.672,1.0,0.0361,139.937,4.0
LOVE SUX,Marisa Maino,0.169,0.321,184923.0,0.705,0.0,7.0,0.0514,-5.41,1.0,0.0938,62.014,4.0
LOVE U 2 DEATH,Jonathan & Friends,0.0311,0.61,167727.0,0.654,0.0,1.0,0.0637,-4.892,0.0,0.0452,175.889,4.0
LOVE. FEAT. ZACARI.,Kendrick Lamar,0.264,0.8,213400.0,0.585,0.0,10.0,0.153,-7.343,1.0,0.0924,126.058,4.0
LUCKY MAN,dave rodgers,0.00757,0.48,267362.0,0.972,0.00713,9.0,0.1,-3.985,0.0,0.0631,150.075,4.0
La Calin,Elysees,0.199,0.714,229671.0,0.845,0.00762,7.0,0.372,-4.234,0.0,0.0856,75.985,4.0
La Calin Call Me,eluxed,,,,,,,,,,,,
La Da Dee,Cody Simpson,0.00847,0.657,196787.0,0.828,0.0,5.0,0.326,-5.544,1.0,0.0728,115.954,4.0
La Di Da,Lennon Stella,0.195,0.689,209773.0,0.679,0.00111,7.0,0.224,-5.893,1.0,0.0517,149.972,4.0
La Fille aux Cheveux de Lin,Claude Debussy,0.995,0.285,150440.0,0.00464,0.844,3.0,0.0582,-38.222,0.0,0.0435,72.32,3.0
La Gioconda / Act 3: Dance Of The Hours,Amilcare Ponchielli,0.881,0.512,86360.0,0.0181,5.78e-05,4.0,0.288,-30.054,1.0,0.0563,137.927,4.0
La La La,AREA21,0.119,0.709,161827.0,0.883,5.72e-05,4.0,0.283,-2.74,0.0,0.153,152.114,4.0
La Traviata: Overture,André Rieu,0.967,0.262,213267.0,0.166,0.904,11.0,0.358,-19.585,1.0,0.0403,122.74,4.0
La Vie En Rose,Emily Watts,0.957,0.419,157683.0,0.0842,0.0,6.0,0.285,-17.542,1.0,0.0341,88.278,4.0
La Vie en rose,Édith Piaf,0.981,0.371,187733.0,0.278,0.0,7.0,0.272,-8.596,0.0,0.0303,82.331,4.0
La marcheuse,Christine and the Queens,0.384,0.821,256053.0,0.578,5.92e-05,1.0,0.139,-6.566,1.0,0.0487,107.02,4.0
La vie en rose (feat. Cécile McLorin Salvant),Michael Bublé,0.807,0.459,229963.0,0.267,0.0,0.0,0.119,-8.948,1.0,0.0294,63.378,4.0
Laaree Chootee,Call,0.229,0.565,239406.0,0.657,0.0,9.0,0.214,-9.84,0.0,0.0545,93.034,4.0
Laayli' kuxa'ano'one,Adn Maya Colectivo,0.573,0.787,224747.0,0.598,2.29e-06,1.0,0.103,-7.457,1.0,0.212,150.027,4.0
Labon Ko,Pritam,0.329,0.63,341028.0,0.837,0.00271,9.0,0.159,-4.635,0.0,0.0387,107.997,4.0
Ladies of Cambridge,Vampire Weekend,0.0193,0.59,159333.0,0.727,0.0825,5.0,0.144,-6.356,1.0,0.0519,102.937,4.0
Lady,LANNÉ,0.132,0.613,155268.0,0.766,0.0145,5.0,0.266,-7.068,0.0,0.128,122.145,4.0
Lady - Hear Me Tonight,Modjo,0.00793,0.72,307154.0,0.808,0.0293,6.0,0.0634,-5.627,1.0,0.0379,126.041,4.0
Lady by the Sea,Stephen Sanchez,0.284,0.439,182984.0,0.503,5.6e-05,8.0,0.152,-10.029,1.0,0.0281,186.01,3.0
Ladyfingers,Herb Alpert & The Tijuana Brass,0.979,0.347,164547.0,0.299,0.93,3.0,0.178,-14.462,1.0,0.0401,86.15,4.0
Ladyfingers Lofi,Max Riser,,,,,,,,,,,,
Laila Main Laila,Pawni Pandey,,,,,,,,,,,,
Lake Missoula,Richy Mitch & The Coal Miners,0.905,0.446,106250.0,0.247,0.233,11.0,0.111,-13.036,0.0,0.0287,138.328,1.0
Lake Placid,Intuitive,0.848,0.67,148112.0,0.175,0.905,11.0,0.118,-17.767,1.0,0.0311,95.033,4.0
Lalala,Y2K,0.178,0.843,160627.0,0.39,0.0,2.0,0.137,-7.899,1.0,0.0846,129.972,4.0
Lantern,Tibeauthetraveler,0.964,0.374,179607.0,0.194,0.912,10.0,0.106,-19.673,0.0,0.063,106.027,1.0
Lash Out,Africa HiTech,0.0197,0.344,205714.0,0.953,0.679,7.0,0.523,-7.074,1.0,0.127,178.632,5.0
Last Forever (feat. Sam Sparro) - Lifelike Remix,Oliver,0.371,0.677,309493.0,0.824,0.00102,4.0,0.446,-6.045,1.0,0.295,118.064,4.0
Last Summer,Retro Jungle,0.943,0.46,126400.0,0.0799,0.882,4.0,0.0892,-20.05,0.0,0.0352,149.647,4.0
Late Night,ODESZA,0.0358,0.612,228155.0,0.628,0.00898,2.0,0.193,-6.754,1.0,0.0752,125.043,4.0
Late Night Talking,Harry Styles,0.298,0.714,177955.0,0.728,0.0,10.0,0.106,-4.595,1.0,0.0468,114.996,4.0
Latthay Di Chaadar,Farhan Saeed,0.613,0.675,478808.0,0.607,2.64e-05,10.0,0.102,-7.241,1.0,0.0366,158.905,3.0
Laung Da Lashkara,Mahalakshmi Iyer,0.05,0.841,304467.0,0.74,2.22e-06,9.0,0.128,-8.432,1.0,0.13,109.033,4.0
Lavender,Kupla,0.307,0.805,154818.0,0.313,0.913,9.0,0.191,-11.078,0.0,0.0775,79.033,4.0
Lavender Fields,Yasumu,0.65,0.594,114466.0,0.0535,0.935,0.0,0.128,-18.914,0.0,0.0925,61.996,4.0
Le Gayi,Uttam Singh,0.185,0.831,341812.0,0.737,0.000937,5.0,0.153,-11.51,0.0,0.0497,125.552,4.0
Le Rêve - 3ème Tableau,Saint-Preux,0.99,0.307,159333.0,0.0898,0.959,2.0,0.102,-19.815,1.0,0.0308,180.2,4.0
Le château,Ginger Root,0.849,0.723,155855.0,0.615,0.883,9.0,0.108,-7.287,0.0,0.059,119.247,4.0
Le temps de l'amour,Françoise Hardy,0.798,0.586,144827.0,0.412,0.0,8.0,0.152,-10.116,0.0,0.0334,132.199,4.0
Leafy Breeze,Yasumu,0.807,0.786,145714.0,0.177,0.861,1.0,0.128,-23.921,0.0,0.0897,139.979,5.0
Lean On,Major Lazer,0.00346,0.723,176561.0,0.809,0.00123,7.0,0.565,-3.081,0.0,0.0625,98.007,4.0
Leave Before You Love Me (with Jonas Brothers),Marshmello,0.00226,0.721,154983.0,0.738,4.41e-06,7.0,0.118,-4.77,1.0,0.0403,119.976,4.0
Leave Her Johnny,Sean Dagher,0.935,0.712,132293.0,0.27,0.0,7.0,0.0582,-4.382,0.0,0.0541,120.416,4.0
Leave Me Alone,NF,0.249,0.722,308652.0,0.741,0.0,1.0,0.151,-3.72,1.0,0.19,162.11,4.0
Leave Out All The Rest,Linkin Park,0.209,0.509,209307.0,0.629,1.99e-06,0.0,0.369,-6.434,1.0,0.0335,80.012,4.0
Leave The City,Nakani,0.00116,0.719,190442.0,0.699,0.859,8.0,0.121,-5.341,0.0,0.031,120.951,4.0
Leaving (feat. the bootleg boy & Heroe),Rxseboy,0.732,0.758,136154.0,0.545,0.0,0.0,0.122,-7.855,1.0,0.135,119.935,4.0
"Leekan (From ""Ashke"" Soundtrack)",Amrinder Gill,0.788,0.534,215605.0,0.666,0.0,0.0,0.194,-4.644,1.0,0.0506,124.159,3.0
Left Hand Free,alt-J,0.462,0.697,173631.0,0.877,0.00943,3.0,0.083,-4.465,1.0,0.0462,101.99,4.0
Left Right Left,Charlie Puth,0.619,0.881,154487.0,0.592,1.32e-05,2.0,0.0901,-4.898,1.0,0.0324,101.058,4.0
Left and Right (Feat. Jung Kook of BTS),Charlie Puth,0.619,0.881,154487.0,0.592,1.32e-05,2.0,0.0901,-4.898,1.0,0.0324,101.058,4.0
Left and Right (feat. Jung Kook of BTS) - Galantis Remix,Charlie Puth,0.15,0.736,165269.0,0.809,0.00151,2.0,0.0886,-4.487,1.0,0.0323,122.023,4.0
Lehanga,Desi Boys,,,,,,,,,,,,
Lemon Tree,Fools Garden,0.644,0.663,191027.0,0.477,0.0,1.0,0.122,-8.839,1.0,0.0414,143.173,4.0
"Lemonade (feat. Gunna, Don Toliver & NAV)",Internet Money,0.25,0.8,195429.0,0.658,0.0,1.0,0.111,-6.142,0.0,0.079,140.042,4.0
Les,Childish Gambino,0.00649,0.541,317293.0,0.674,9.76e-05,1.0,0.235,-7.04,0.0,0.0841,103.139,4.0
Les Amants d'un jour,Édith Piaf,0.828,0.48,194227.0,0.332,0.0,2.0,0.132,-6.935,1.0,0.0352,113.946,4.0
Less Than Zero,The Weeknd,0.00096,0.535,211814.0,0.791,0.000155,0.0,0.0788,-5.55,1.0,0.0327,142.981,4.0
Lessons Learned,Polaris,0.00136,0.264,440100.0,0.88,0.886,9.0,0.115,-4.412,0.0,0.057,174.021,4.0
Let Go,Beau Young Prince,0.463,0.764,177653.0,0.725,5.91e-06,7.0,0.109,-8.812,1.0,0.0576,100.063,4.0
Let Her Go,Passenger,0.365,0.479,252733.0,0.545,0.0,7.0,0.0963,-7.346,1.0,0.0688,74.897,4.0
Let It Go,Demi Lovato,0.0235,0.505,224387.0,0.624,0.0,7.0,0.5,-6.513,1.0,0.0371,139.849,4.0
Let Me Down Slowly (feat. Alessia Cara),Alec Benjamin,0.716,0.655,169175.0,0.569,7.4e-06,1.0,0.135,-5.018,0.0,0.0349,150.267,4.0
Let Me Go,NF,0.456,0.554,277777.0,0.337,6.18e-06,9.0,0.115,-9.503,1.0,0.197,173.877,3.0
Let Me Know,Jimmy Brown,0.726,0.797,188666.0,0.39,0.0,2.0,0.144,-6.594,1.0,0.0303,97.944,4.0
Let Me Know - K-Pop Version,Jimmy Brown,0.698,0.827,188666.0,0.407,0.0,2.0,0.119,-6.297,1.0,0.0302,98.0,4.0
Let Me Love You,DJ Snake,0.0863,0.649,205947.0,0.716,2.63e-05,8.0,0.135,-5.371,1.0,0.0349,99.988,4.0
Let You Go,Diplo,0.101,0.584,234375.0,0.955,0.00243,7.0,0.092,-4.197,0.0,0.0507,128.04,4.0
Let You Go,Marc Antonix,0.0458,0.524,174844.0,0.748,0.000366,9.0,0.358,-7.725,1.0,0.0389,128.032,4.0
Let it Fall,Lazy Vibes,0.516,0.58,162001.0,0.103,0.836,4.0,0.112,-20.009,0.0,0.0329,130.048,4.0
Let's Fall in Love for the Night,FINNEAS,0.802,0.737,190348.0,0.408,0.0,5.0,0.171,-7.941,1.0,0.104,127.918,4.0
Let's Groove,"Earth, Wind & Fire",0.121,0.869,339320.0,0.648,2.17e-05,11.0,0.126,-8.698,0.0,0.0633,125.035,4.0
Let's go to Hell,Tai Verdes,0.141,0.782,152182.0,0.798,0.0,4.0,0.685,-5.07,0.0,0.0337,127.89,4.0
Lets Go Home Together (feat. Tom Grennan),Ella Henderson,0.456,0.651,208692.0,0.486,0.0,5.0,0.1,-4.437,1.0,0.0456,78.14,4.0
Letter,Tesk,0.771,0.495,122791.0,0.364,0.594,8.0,0.0852,-8.503,0.0,0.0394,172.058,4.0
Level of Concern,Twenty One Pilots,0.32,0.754,220051.0,0.583,0.00015,4.0,0.144,-7.34,0.0,0.0432,122.012,4.0
Level of Concern - live from outside,Twenty One Pilots,0.291,0.734,222383.0,0.614,0.000306,4.0,0.12,-5.452,0.0,0.0477,121.934,4.0
Levels - Skrillex Remix,Avicii,0.00761,0.615,281147.0,0.91,0.00636,5.0,0.16,-2.825,0.0,0.0762,139.997,4.0
Levitate,Twenty One Pilots,0.0857,0.7,145947.0,0.934,0.226,6.0,0.114,-5.941,0.0,0.17,92.973,4.0
Levitating,Dua Lipa,0.00883,0.702,203064.0,0.825,0.0,6.0,0.0674,-3.787,0.0,0.0601,102.977,4.0
Levitating (feat. DaBaby),Dua Lipa,0.00883,0.702,203064.0,0.825,0.0,6.0,0.0674,-3.787,0.0,0.0601,102.977,4.0
Library,RADWIMPS,0.674,0.228,103720.0,0.153,0.932,7.0,0.0622,-16.457,0.0,0.0347,55.699,4.0
Lie,NF,0.161,0.513,209213.0,0.661,0.0,5.0,0.246,-6.419,1.0,0.24,94.791,4.0
Lie,Sasha Alex Sloan,0.387,0.718,209132.0,0.483,0.000208,8.0,0.124,-6.596,1.0,0.0381,103.997,4.0
Lie To Me (feat. Julia Michaels),5 Seconds of Summer,0.0132,0.611,149878.0,0.52,0.0,0.0,0.105,-5.445,1.0,0.0346,159.927,4.0
Life Goes On,Oliver Tree,0.186,0.7,161803.0,0.49,0.0,0.0,0.117,-5.187,1.0,0.076,79.982,4.0
Life Is Good (feat. Drake),Future,0.0706,0.676,237735.0,0.609,0.0,2.0,0.152,-5.831,0.0,0.481,142.037,4.0
Life is a Highway,Rascal Flatts,0.00324,0.582,276320.0,0.952,0.0,5.0,0.223,-3.848,1.0,0.0731,103.027,4.0
Lift Off,Labrinth,0.416,0.815,184933.0,0.845,1.54e-06,9.0,0.117,-6.832,0.0,0.0457,129.874,4.0
Light It Up,Major Lazer,0.0375,0.747,166138.0,0.877,0.000833,9.0,0.233,-3.782,0.0,0.0664,107.991,4.0
Light It Up,NEFFEX,0.0304,0.662,217412.0,0.812,0.0,6.0,0.0848,-5.448,1.0,0.328,170.062,4.0
Light It Up - Remix,Major Lazer,0.0375,0.747,166138.0,0.877,0.000833,9.0,0.233,-3.782,0.0,0.0664,107.991,4.0
Light Switch,Charlie Puth,0.105,0.689,187704.0,0.627,0.000321,6.0,0.0905,-5.692,1.0,0.308,184.008,4.0
Light Switch - Tiësto Remix,Charlie Puth,0.000421,0.7,170769.0,0.832,0.464,1.0,0.278,-4.969,1.0,0.0539,129.983,4.0
Light That Fire,Oh The Larceny,0.00827,0.736,139138.0,0.79,0.00497,0.0,0.176,-3.087,0.0,0.051,115.995,4.0
Lights - Sped Up Version,Ellie Goulding,0.0452,0.653,190054.0,0.836,0.299,10.0,0.1,-5.626,0.0,0.0457,133.182,4.0
Lights Go Down,Bazanji,0.092,0.803,185294.0,0.702,0.0,2.0,0.0948,-7.578,1.0,0.194,136.003,4.0
Like All My Friends,Francis Karel,0.466,0.531,187919.0,0.401,0.0,7.0,0.0923,-8.384,1.0,0.0302,106.178,4.0
Like My Father,Jax,0.91,0.492,183429.0,0.224,0.0,5.0,0.142,-8.098,1.0,0.0493,93.039,4.0
Like Or Like Like,Miniature Tigers,0.0339,0.753,158653.0,0.534,7.32e-06,2.0,0.0972,-4.661,1.0,0.0277,96.073,4.0
Like Real People Do,Hozier,0.921,0.539,198027.0,0.179,0.393,7.0,0.106,-14.33,1.0,0.0309,140.01,3.0
Like Strangers Do,AJ Mitchell,0.515,0.633,160791.0,0.242,0.0,3.0,0.0839,-8.523,0.0,0.0761,98.219,4.0
Like That (feat. Gucci Mane),Doja Cat,0.239,0.879,163173.0,0.498,0.0,4.0,0.0967,-6.027,0.0,0.18,106.044,4.0
Like This,NF,0.323,0.685,207640.0,0.563,0.0,3.0,0.111,-5.456,0.0,0.0714,85.501,4.0
Lil' Mama,Ewan J Phillips,0.21,0.609,174240.0,0.821,0.00148,9.0,0.589,-6.704,1.0,0.2,170.037,4.0
Lily,Alan Walker,0.196,0.423,195840.0,0.634,0.0,6.0,0.189,-5.877,0.0,0.0578,150.978,4.0
Line By Line (feat. Maren Morris),JP Saxe,0.274,0.645,208187.0,0.486,0.0,0.0,0.135,-7.299,1.0,0.0425,72.536,4.0
Lions Inside,Valley Of Wolves,0.455,0.441,240187.0,0.65,0.00313,11.0,0.102,-3.545,0.0,0.0511,167.871,3.0
Lip Service,Cautious Clay,0.484,0.488,149235.0,0.264,0.0,5.0,0.131,-12.325,1.0,0.0336,100.337,4.0
Lisergia,colours in the dark,0.813,0.435,166078.0,0.133,0.913,1.0,0.42,-23.796,1.0,0.0431,107.992,4.0
Listerine,Dayglow,0.17,0.694,215556.0,0.583,0.82,11.0,0.329,-11.549,1.0,0.0371,134.999,4.0
Little Bit of Love,Tom Grennan,0.0833,0.689,226268.0,0.706,0.0,1.0,0.105,-4.48,0.0,0.0312,106.52,4.0
Little Boy In The Grass,AURORA,0.573,0.521,256480.0,0.304,0.00971,5.0,0.137,-11.338,1.0,0.0284,109.903,4.0
Little Dark Age,MGMT,0.0102,0.705,299960.0,0.712,0.000855,6.0,0.1,-6.156,1.0,0.0385,97.512,4.0
Little Do You Know,Alex & Sierra,0.746,0.5,185200.0,0.292,0.0,0.0,0.188,-8.554,1.0,0.0323,145.879,4.0
Little Do You Know,BEAUZ,0.13,0.573,167429.0,0.694,0.0,1.0,0.0917,-4.456,1.0,0.042,105.085,4.0
Little Talks,Of Monsters and Men,0.0206,0.457,266600.0,0.757,0.0,1.0,0.146,-5.177,1.0,0.032,102.961,4.0
Little Things (with Quinn XCII & Chelsea Cutler),Louis The Child,0.189,0.553,197453.0,0.636,0.0,6.0,0.0779,-4.38,1.0,0.152,81.969,4.0
Live Another Day,Kordhell,0.000593,0.822,133565.0,0.981,0.748,9.0,0.0938,-1.321,1.0,0.109,115.005,4.0
Live Forever (With Cheat Codes),Liam Payne,0.213,0.69,174780.0,0.676,0.0,7.0,0.123,-6.111,1.0,0.0335,100.023,4.0
Live Laugh Love,Sasha Alex Sloan,0.113,0.625,182400.0,0.54,0.162,11.0,0.107,-9.059,1.0,0.0271,165.909,4.0
Livin It Up (with Post Malone & A$AP Rocky),Young Thug,0.838,0.767,210907.0,0.313,0.0,7.0,0.105,-12.059,1.0,0.0798,82.582,4.0
Livin' In a Dream (feat. Nipsey Hussle),The Neighbourhood,0.259,0.584,195000.0,0.779,0.00606,3.0,0.28,-5.656,0.0,0.0721,94.841,4.0
Living Hell (feat. Blvkstn),Skan,,,,,,,,,,,,
Living With No One,Phil Good,0.205,0.938,173667.0,0.405,1.41e-05,6.0,0.124,-6.017,1.0,0.0465,100.042,4.0
Llama In My Living Room,AronChupa,0.53,0.773,181885.0,0.654,0.0,5.0,0.109,-7.796,0.0,0.284,128.989,4.0
Locked Away,Adam Lang,0.497,0.693,226777.0,0.515,0.0,1.0,0.3,-9.299,1.0,0.0723,94.004,3.0
Locked Away (feat. Adam Levine),R. City,0.304,0.509,227480.0,0.671,0.0,1.0,0.0452,-5.709,1.0,0.0678,118.413,5.0
London,Mokita,0.544,0.684,160225.0,0.512,0.0,11.0,0.097,-8.715,1.0,0.0525,119.901,4.0
London Thumakda,Labh Janjua,0.363,0.835,230468.0,0.718,0.000919,0.0,0.0625,-6.614,1.0,0.0816,139.968,4.0
Loneliness (From Naruto),Kato,0.985,0.577,56794.0,0.00355,0.96,4.0,0.108,-28.115,0.0,0.0511,65.395,4.0
Loneliness Piano,Kato,0.994,0.522,52057.0,0.00281,0.968,4.0,0.106,-29.063,0.0,0.106,128.915,5.0
Lonely Again,Bangers Only,0.43,0.415,197000.0,0.836,0.1,7.0,0.0838,-3.67,1.0,0.0377,181.908,4.0
Lonely City,Lately Lui,0.962,0.634,166154.0,0.132,0.796,11.0,0.216,-15.724,1.0,0.0528,130.039,4.0
Lonely City,Mokita,0.389,0.735,157524.0,0.37,0.00163,5.0,0.106,-12.581,0.0,0.0705,112.015,4.0
Lonely City,The Midnight,0.0271,0.537,314048.0,0.666,0.947,1.0,0.105,-9.783,0.0,0.0299,126.014,4.0
Lonely Day,System Of A Down,0.362,0.47,167907.0,0.796,1.1e-06,8.0,0.133,-3.277,0.0,0.0336,113.108,3.0
Lonely Eyes,Lauv,0.0403,0.586,196493.0,0.503,0.0,2.0,0.0994,-7.002,1.0,0.0268,95.013,4.0
Lonely Fox,Gerardo Millán,0.942,0.702,148987.0,0.0313,0.92,9.0,0.1,-23.032,1.0,0.0407,116.02,4.0
Lonely Night,Corey J. Beats,0.802,0.148,162480.0,0.0751,0.924,6.0,0.162,-22.898,1.0,0.0353,75.654,5.0
Lonely Shade of Blue,Nick Leng,0.888,0.672,262600.0,0.129,6.03e-05,4.0,0.0891,-12.984,1.0,0.0336,114.935,4.0
Lonely Together (feat. Rita Ora),Avicii,0.134,0.655,181812.0,0.666,2.12e-05,5.0,0.0683,-5.309,1.0,0.0612,102.977,4.0
Long Drives,BoyWithUke,0.513,0.854,159933.0,0.667,3.21e-05,1.0,0.119,-7.04,1.0,0.111,130.021,4.0
Longer Days,Krynoze,0.949,0.738,142258.0,0.128,0.925,9.0,0.0981,-15.401,1.0,0.0578,124.09,4.0
Lookalike,Conan Gray,0.766,0.434,220867.0,0.302,7.63e-06,10.0,0.149,-10.117,1.0,0.0378,121.645,4.0
Looking at the Sky With You,Skinny Atlas,0.65,0.641,142703.0,0.619,0.0438,8.0,0.106,-7.271,1.0,0.0738,147.919,4.0
Looking for Love,Mickey Valen,0.352,0.626,182211.0,0.605,0.0,10.0,0.158,-8.714,1.0,0.117,94.912,4.0
Looks Like Me,Dean Lewis,0.548,0.769,190528.0,0.724,0.0,11.0,0.161,-5.12,1.0,0.0864,110.659,5.0
Loose Change,Devin Kennedy,0.326,0.825,163500.0,0.42,0.0,11.0,0.151,-14.702,1.0,0.0516,119.953,4.0
Lose,NIKI,0.846,0.41,256001.0,0.316,0.0,0.0,0.124,-8.13,1.0,0.029,133.288,4.0
Lose A Friend,Beowülf,0.256,0.754,202714.0,0.398,2.46e-06,6.0,0.126,-10.206,0.0,0.0458,124.995,4.0
Lose My Grounding,haer,0.72,0.535,168000.0,0.584,6.41e-06,11.0,0.188,-5.876,1.0,0.268,120.916,3.0
Lose My Number,Nightly,0.306,0.783,143423.0,0.705,9.31e-05,4.0,0.23,-4.513,0.0,0.0336,94.986,4.0
Lose Ourselves,Boundary Run,0.897,0.421,205500.0,0.269,7.31e-05,9.0,0.0731,-10.488,1.0,0.0374,79.389,4.0
Lose You To Love Me,Selena Gomez,0.556,0.488,206459.0,0.343,0.0,4.0,0.21,-8.985,1.0,0.0436,102.819,4.0
Lose Yourself,Eminem,0.00868,0.692,326467.0,0.744,0.000423,2.0,0.359,-4.565,1.0,0.257,171.374,4.0
Losing Interest,itssvd,0.48,0.753,120547.0,0.355,0.87,8.0,0.122,-13.295,0.0,0.0898,111.863,4.0
Losing Myself,Andrey Azizov,0.507,0.582,192110.0,0.499,0.0,10.0,0.108,-7.587,1.0,0.0816,134.145,4.0
Losing Sleep,Dylan Fraser,0.587,0.636,222885.0,0.563,0.000244,9.0,0.115,-5.809,1.0,0.0302,144.924,4.0
Losing Touch,Anthony Keyrouz,0.18,0.667,155496.0,0.949,0.00107,8.0,0.0553,-5.074,1.0,0.224,127.986,4.0
Losing You,Stephen Dawes,0.628,0.485,173417.0,0.484,0.000566,4.0,0.112,-14.012,1.0,0.0307,90.071,4.0
Losing interest,thelonelyboy,,,,,,,,,,,,
Loss Of A Twin,Brian Tyler,0.956,0.0744,113747.0,0.0208,0.954,2.0,0.0847,-27.712,0.0,0.0397,78.872,4.0
Lost,Blake Rose,0.216,0.597,234623.0,0.687,0.0,4.0,0.107,-6.536,1.0,0.0466,94.749,4.0
Lost,Dermot Kennedy,0.327,0.575,224306.0,0.711,0.0,7.0,0.112,-6.047,0.0,0.0886,139.44,4.0
Lost,Maroon 5,0.223,0.766,172598.0,0.706,0.00028,7.0,0.064,-6.553,0.0,0.16,142.989,4.0
Lost,bülow,0.84,0.71,237876.0,0.258,0.000323,3.0,0.0998,-10.632,1.0,0.034,112.922,4.0
Lost Boy,Ruth B.,0.965,0.71,275280.0,0.0565,0.0,7.0,0.0889,-15.099,1.0,0.0534,123.994,4.0
Lost Game,Nulbarich,0.0536,0.61,243573.0,0.509,0.0,1.0,0.0754,-8.63,1.0,0.027,129.943,4.0
Lost On Me,Eric Nam,0.45,0.752,174387.0,0.537,0.000158,1.0,0.111,-6.273,1.0,0.0505,147.02,4.0
Lost Without You,Freya Ridings,0.932,0.386,225853.0,0.136,0.0,6.0,0.0653,-9.267,1.0,0.0458,67.016,3.0
Lost in Thoughts,Yasumu,0.969,0.697,151112.0,0.0996,0.389,3.0,0.373,-22.002,1.0,0.178,171.903,4.0
Lost in Translation,The Neighbourhood,0.000896,0.568,190227.0,0.891,0.000137,0.0,0.357,-5.786,1.0,0.0376,104.954,4.0
Lost in the Fire (feat. The Weeknd),Gesaffelstein,0.0933,0.658,202093.0,0.671,0.000927,2.0,0.115,-12.21,1.0,0.0363,100.966,4.0
Lotta Love,Jack & Jack,0.261,0.724,170667.0,0.603,0.0,10.0,0.185,-7.968,1.0,0.0764,105.0,4.0
"Louisiana Woman, Mississippi Man",Conway Twitty,0.477,0.62,151731.0,0.711,0.000168,1.0,0.0812,-6.943,1.0,0.035,98.263,4.0
Love Alone,Mokita,0.51,0.632,185108.0,0.454,2.68e-06,7.0,0.179,-6.996,1.0,0.0505,90.024,4.0
Love Alone - Luca Schreiner Remix,Mokita,0.115,0.584,167104.0,0.799,0.0,7.0,0.0811,-5.662,1.0,0.0638,100.083,4.0
Love Alone - Stripped Version,Mokita,0.333,0.513,217148.0,0.511,8.54e-06,10.0,0.122,-9.22,1.0,0.034,84.974,4.0
Love Bomb Baby,Tigertailz,0.00984,0.554,183960.0,0.864,0.0,9.0,0.23,-12.127,1.0,0.0287,132.174,4.0
Love Die Young,Eric Nam,0.655,0.662,203213.0,0.39,0.0,11.0,0.0933,-8.802,1.0,0.125,76.016,4.0
Love Grows (Where My Rosemary Goes),Edison Lighthouse,0.403,0.568,174760.0,0.824,0.0,9.0,0.0855,-4.613,1.0,0.0299,108.625,4.0
Love Is Gone - Danny Olson Remix,SLANDER,0.0104,0.246,213463.0,0.539,0.000132,7.0,0.094,-6.327,1.0,0.0408,153.597,4.0
Love Is Like A Snowflake,XIA,0.779,0.439,229590.0,0.605,0.0,3.0,0.0916,-5.186,1.0,0.0606,66.683,4.0
Love Is a Bitch,Two Feet,0.614,0.532,181467.0,0.178,0.14,9.0,0.0985,-9.754,0.0,0.0541,149.879,3.0
Love Like That,Lauv,0.208,0.679,184557.0,0.481,1.02e-05,3.0,0.284,-9.045,1.0,0.0593,80.011,4.0
Love Me Again,John Newman,0.00453,0.495,239894.0,0.894,0.000596,2.0,0.103,-4.814,0.0,0.0441,126.03,4.0
Love Me Like a Friend,Fly By Midnight,0.0718,0.713,202267.0,0.764,0.0,6.0,0.0708,-5.57,0.0,0.0294,125.052,4.0
Love Me Low,Ai Bendr,0.571,0.417,149143.0,0.257,0.0,0.0,0.124,-14.261,1.0,0.0421,69.158,4.0
Love Natural,Crystal Fighters,0.0329,0.651,199520.0,0.794,0.0,11.0,0.319,-6.196,1.0,0.0499,133.086,4.0
Love Not War (The Tampa Beat),Jason Derulo,0.105,0.738,192921.0,0.85,0.0,8.0,0.23,-3.049,1.0,0.0642,98.013,4.0
Love Rollercoaster,Ohio Players,0.181,0.613,290160.0,0.82,1.45e-06,0.0,0.049,-10.175,1.0,0.0737,115.125,4.0
Love Runs Out (feat. G-Eazy & Sasha Alex Sloan),Martin Garrix,0.262,0.647,164167.0,0.642,0.0,9.0,0.134,-7.306,0.0,0.0743,90.045,4.0
Love Sick,Trippie Redd,0.527,0.861,177981.0,0.712,4.12e-05,6.0,0.622,-6.72,0.0,0.104,119.042,4.0
Love Somebody,Lauv,0.263,0.511,142773.0,0.467,0.0,7.0,0.0641,-7.799,1.0,0.144,78.173,1.0
Love Story,Disco Lines,0.0685,0.669,222957.0,0.634,0.0,2.0,0.0597,-4.3,1.0,0.0321,127.915,4.0
Love Sucks,Annika Wells,0.68,0.576,154578.0,0.403,0.0,3.0,0.527,-8.849,0.0,0.08,139.15,4.0
Love To Go,Lost Frequencies,0.605,0.755,169354.0,0.783,0.00663,11.0,0.203,-6.256,1.0,0.176,104.022,4.0
Love You Goodbye,One Direction,0.0928,0.546,196933.0,0.657,0.0,1.0,0.119,-4.787,1.0,0.0332,133.188,4.0
Love You Like A Love Song,Selena Gomez & The Scene,0.0761,0.858,188453.0,0.678,0.0,1.0,0.0741,-3.87,0.0,0.0469,117.009,4.0
Love You Still (abcdefu romantic version),Tyler Shaw,0.739,0.712,150174.0,0.0784,0.0,4.0,0.107,-19.067,1.0,0.0544,121.443,4.0
Love is Pain,FINNEAS,0.927,0.609,224279.0,0.141,0.000104,9.0,0.0923,-15.33,1.0,0.0394,78.233,4.0
Love's a Stranger,Warhaus,0.202,0.564,206685.0,0.585,0.00206,9.0,0.118,-8.823,0.0,0.0379,161.667,4.0
Lover,Diljit Dosanjh,0.203,0.827,190000.0,0.587,0.0,9.0,0.0727,-5.531,0.0,0.113,119.936,4.0
"Lover, Please Stay",Nothing But Thieves,0.952,0.269,247187.0,0.122,0.0,1.0,0.0915,-10.408,1.0,0.0334,83.967,4.0
Loverboy,A-Wall,0.649,0.604,224520.0,0.466,0.0334,0.0,0.093,-10.093,1.0,0.0315,120.045,4.0
Loverboy - San Holo Version,A-Wall,0.184,0.636,197355.0,0.704,5.23e-05,0.0,0.138,-6.827,1.0,0.0597,121.078,4.0
Lovers Do,The Brummies,0.588,0.548,190787.0,0.372,0.00557,7.0,0.347,-8.598,1.0,0.0305,149.712,4.0
Lovers In The Night,Seori,0.295,0.776,210547.0,0.785,0.000807,9.0,0.169,-4.085,0.0,0.058,98.036,4.0
Lovin' Every Minute,AREA21,0.17,0.718,162547.0,0.574,3.08e-06,1.0,0.126,-7.312,0.0,0.0902,129.974,4.0
"Loving, Loving",Vera Sola,0.864,0.395,200449.0,0.324,0.0749,11.0,0.105,-12.52,0.0,0.0406,121.095,4.0
Low,Lund,0.678,0.745,233963.0,0.438,0.112,4.0,0.125,-7.018,0.0,0.0326,119.99,4.0
Low (feat. T-Pain),Flo Rida,0.0928,0.918,231400.0,0.609,0.0,10.0,0.139,-5.64,0.0,0.0791,128.008,4.0
Luar,"colours in the dark,Beatmund Noise",0.942,0.628,137143.0,0.197,0.88,8.0,0.0803,-17.944,0.0,0.0367,139.865,4.0
Lucky,Jason Mraz,0.294,0.625,189613.0,0.414,0.0,0.0,0.151,-8.7,1.0,0.0369,130.088,4.0
Lucky,Radiohead,0.053,0.213,258813.0,0.4,0.612,11.0,0.111,-9.813,0.0,0.0324,133.369,4.0
Lucky You (feat. Joyner Lucas),Eminem,0.0627,0.876,244679.0,0.786,0.0,10.0,0.127,-4.884,0.0,0.306,153.068,4.0
Lucy,Still Woozy,0.43,0.647,142500.0,0.537,0.000258,6.0,0.119,-12.006,0.0,0.21,84.46,4.0
Ludens,Bring Me The Horizon,0.000551,0.294,280152.0,0.679,5.13e-05,8.0,0.165,-6.182,1.0,0.152,198.03,3.0
Lullabies,Dimension 32,0.982,0.66,159133.0,0.105,0.924,4.0,0.0799,-20.191,1.0,0.032,75.022,4.0
Lullaby,Bcalm,0.918,0.696,137500.0,0.159,0.906,3.0,0.2,-13.969,1.0,0.0422,120.016,4.0
Luna,Tenno,0.936,0.395,154615.0,0.379,0.977,9.0,0.344,-13.785,0.0,0.192,207.841,3.0
Lunar Phase,Atlis,0.974,0.56,114706.0,0.134,0.921,7.0,0.127,-21.288,0.0,0.0342,101.993,4.0
Lunatic,UPSAHL,0.218,0.716,141227.0,0.703,2.81e-06,9.0,0.0926,-4.997,0.0,0.0764,124.099,4.0
Lungi Dance,Yo Yo Honey Singh,0.314,0.684,275399.0,0.958,1.94e-06,1.0,0.618,-4.793,1.0,0.264,163.95,4.0
Lungs,Yoste,0.512,0.548,190773.0,0.492,0.000468,6.0,0.108,-7.813,1.0,0.0721,78.786,4.0
MAKE A MESS,blackbear,0.00175,0.823,159734.0,0.455,1.24e-06,11.0,0.0559,-7.839,0.0,0.0466,126.96,4.0
MAKE YOU SCREAM,Phonked,0.0956,0.689,166600.0,0.727,0.783,8.0,0.0607,-7.344,1.0,0.0363,129.974,4.0
ME BECAUSE OF YOU,HRVY,0.0797,0.653,173093.0,0.866,1.11e-06,10.0,0.17,-4.898,1.0,0.0552,121.972,4.0
ME MYSELF & I,Kid Trunks,0.174,0.581,129187.0,0.385,0.0,9.0,0.122,-9.758,1.0,0.0359,130.06,4.0
MEGALOVANIA,Toby Fox,0.000377,0.719,156000.0,0.632,0.855,7.0,0.0362,-9.849,1.0,0.0602,119.987,4.0
METAMORPHOSIS,INTERWORLD,0.426,0.593,142839.0,0.641,0.901,7.0,0.122,-12.727,0.0,0.0992,175.014,4.0
MIA (feat. Drake),Bad Bunny,0.0141,0.817,210368.0,0.539,0.000496,6.0,0.099,-6.349,0.0,0.0621,97.061,4.0
MIDDLE OF THE NIGHT,Elley Duhé,0.0228,0.41,184448.0,0.611,0.0,4.0,0.116,-8.271,0.0,0.0467,185.727,3.0
MIDNIGHT,PLAYAMANE,0.0053,0.633,121972.0,0.433,0.28,1.0,0.145,-8.833,1.0,0.229,122.088,4.0
MISA MISA!,CORPSE,0.0302,0.672,85895.0,0.981,2.36e-05,1.0,0.648,-1.252,1.0,0.181,95.014,4.0
MJ,Lund,0.492,0.785,180984.0,0.422,0.0452,6.0,0.095,-11.88,0.0,0.0531,122.035,4.0
MONEY,LISA,0.161,0.831,168228.0,0.554,6.12e-05,1.0,0.152,-9.998,0.0,0.218,140.026,4.0
MONSTERS!,LaLion,0.247,0.736,168730.0,0.616,0.0,7.0,0.379,-5.5,1.0,0.0532,126.117,4.0
MORTAL,Pharmacist,0.0846,0.672,143920.0,0.996,0.928,11.0,0.111,-1.448,1.0,0.0545,174.965,4.0
MUKANJYO,Survive Said The Prophet,0.00364,0.468,192400.0,0.961,0.0,7.0,0.226,-4.082,1.0,0.114,94.926,4.0
MY TIME,Arizona Zervas,0.446,0.622,150119.0,0.527,0.0,10.0,0.07,-7.638,0.0,0.0346,79.478,4.0
Ma Belle,AP Dhillon,0.0424,0.908,160825.0,0.314,4.15e-05,0.0,0.0727,-9.614,1.0,0.116,97.011,4.0
"Maa Tujhe Salaam (From ""Vande Mataram"")",A.R. Rahman,,,,,,,,,,,,
Maahi (Lofi),JalRaj,0.608,0.589,192000.0,0.456,0.0,7.0,0.249,-9.581,0.0,0.0307,75.012,4.0
Maahi Ve,Shankar-Ehsaan-Loy,0.0297,0.815,366853.0,0.833,2e-05,7.0,0.33,-6.117,0.0,0.0769,99.989,4.0
Maana Ke Hum Yaar Nahin,Sachin-Jigar,0.815,0.537,264614.0,0.367,0.0,8.0,0.132,-9.362,1.0,0.0241,90.953,4.0
Machine,Imagine Dragons,0.0016,0.638,181880.0,0.679,0.00655,4.0,0.121,-5.278,1.0,0.0425,81.045,4.0
Mad at Disney,salem ilese,0.424,0.738,136839.0,0.621,7.39e-06,0.0,0.692,-7.313,1.0,0.0486,113.968,4.0
Madan Senki Ryukendo Opening Song (魔弾戦記きリュウケンドー),Beastmaster64,,,,,,,,,,,,
Madara Uchiha Speech - Naruto,Common Man,,,,,,,,,,,,
Magic,Dylan Rockoff,0.0787,0.756,155086.0,0.715,0.0,10.0,0.0814,-4.656,0.0,0.124,106.022,4.0
Magnetic,EMDI,0.441,0.605,158952.0,0.88,8.62e-06,9.0,0.113,-6.283,0.0,0.0669,123.832,4.0
Mai Tai,Oaty.,0.857,0.771,159050.0,0.426,0.946,1.0,0.107,-5.671,1.0,0.13,86.016,4.0
Maid of Amsterdam,Nils Brown,0.97,0.842,101307.0,0.462,0.0,2.0,0.151,-5.958,1.0,0.119,98.386,4.0
Main Agar Kahoon,Sonu Nigam,0.234,0.533,308158.0,0.436,3.17e-06,5.0,0.46,-7.521,0.0,0.0276,146.868,3.0
Main Hoon Na,Sonu Nigam,0.284,0.48,361067.0,0.681,0.0,5.0,0.125,-8.002,1.0,0.163,88.003,4.0
Main Hoon Wo Aasman,Rafaqat Ali Khan,0.125,0.633,403613.0,0.581,0.000825,1.0,0.104,-7.361,0.0,0.0329,101.951,4.0
"Main Ki Karaan? (From ""Laal Singh Chaddha"")",Pritam,,,,,,,,,,,,
"Main Koi Aisa Geet Gaoon (From ""Yes Boss"")",Abhijeet,,,,,,,,,,,,
Main Laut Aaunga,Kaash,0.303,0.371,306888.0,0.519,0.0,0.0,0.2,-7.567,1.0,0.0286,180.772,4.0
Main Woh Chaand,Darshan Raval,0.364,0.583,322809.0,0.45,0.00166,5.0,0.141,-7.218,0.0,0.0292,92.043,4.0
Maine Dil Se Kaha,KK,0.384,0.6,312787.0,0.5,3.81e-05,0.0,0.0907,-9.115,1.0,0.0252,110.006,4.0
"Maine Poochha Chand Se - From ""Abdullah""",Mohammed Rafi,0.608,0.468,308667.0,0.426,0.0,1.0,0.0733,-8.336,1.0,0.0325,129.857,3.0
Make It (feat. The Weeknd) [DJAmg Remixer],AtariJones,0.0134,0.514,102243.0,0.407,0.0294,9.0,0.135,-15.052,1.0,0.153,82.759,4.0
Make It Bun Dem,Skrillex,0.00119,0.556,213697.0,0.881,0.0,7.0,0.0709,-2.224,1.0,0.082,104.973,1.0
Make It Right (feat. Lauv),BTS,0.0304,0.583,226321.0,0.68,0.0,7.0,0.189,-7.809,1.0,0.422,97.568,4.0
Make It Up,Tirzah,0.674,0.913,230746.0,0.351,0.00253,1.0,0.0804,-12.246,1.0,0.311,105.013,4.0
Make Me A Memory,nøll,0.436,0.629,192000.0,0.628,0.00907,7.0,0.0677,-6.097,0.0,0.0404,85.023,4.0
Make Some Noise For The Desi Boyz,Pritam,0.0188,0.692,244068.0,0.954,0.0,2.0,0.151,-3.93,0.0,0.0915,141.98,4.0
Make Us Never Happen,shy martin,0.308,0.61,171890.0,0.489,0.0,10.0,0.165,-8.541,0.0,0.127,105.016,4.0
Make You Mine,PUBLIC,0.0128,0.606,232907.0,0.799,0.0,9.0,0.15,-4.452,1.0,0.0261,103.014,4.0
Make You Mine - Acoustic,PUBLIC,0.755,0.721,209093.0,0.389,0.0,9.0,0.136,-8.558,1.0,0.0279,98.003,4.0
Makes No Sense,Kerala,0.23,0.393,175176.0,0.654,0.0,2.0,0.0614,-6.489,1.0,0.0388,85.214,4.0
Makhna,Tanishk Bagchi,,,,,,,,,,,,
Maleyali Jotheyali,Sonu Nigam,0.38,0.688,264098.0,0.616,1.18e-06,1.0,0.364,-7.602,0.0,0.0274,106.995,4.0
Malibu Nights,LANY,0.701,0.559,286928.0,0.422,1.99e-06,11.0,0.0853,-11.89,1.0,0.195,74.002,4.0
Malleus Maleficarum,Hans Zimmer,0.79,0.104,139373.0,0.373,0.984,9.0,0.111,-16.347,0.0,0.0555,88.012,3.0
Mama,Jonas Blue,0.101,0.738,184134.0,0.794,0.0,11.0,0.0533,-4.118,0.0,0.0416,104.014,4.0
Mama (feat. Ellie Goulding),Clean Bandit,0.225,0.737,189973.0,0.714,3.79e-06,1.0,0.267,-6.138,0.0,0.0367,102.046,4.0
Mama - Syn Cole Remix,Jonas Blue,0.0286,0.787,179888.0,0.796,0.0,11.0,0.0909,-3.551,0.0,0.0429,126.032,4.0
Man in the Box,Alice In Chains,0.00045,0.355,285200.0,0.791,0.0,8.0,0.0969,-7.565,1.0,0.0453,106.392,4.0
Man of the World (Naruto),Kato,0.143,0.456,106485.0,0.469,0.936,2.0,0.212,-7.838,0.0,0.0339,120.045,4.0
Man of the World (Piano),Kato,0.994,0.58,61482.0,0.00283,0.963,2.0,0.103,-28.277,0.0,0.054,66.586,3.0
Maniac,Conan Gray,0.00162,0.628,185773.0,0.639,0.0,8.0,0.354,-5.46,1.0,0.0435,108.045,4.0
Maniac,Michael Sembello,0.0891,0.617,244707.0,0.533,4.04e-06,3.0,0.0415,-11.516,0.0,0.0651,158.86,4.0
Maniac - 80s Flashback Dance Fitness Mix,Michael Sembello,,,,,,,,,,,,
Manjha,Vishal Mishra,0.674,0.524,191647.0,0.515,0.0,11.0,0.104,-7.478,0.0,0.0427,169.882,4.0
Mansard Roof,Vampire Weekend,0.341,0.522,127667.0,0.699,0.000181,5.0,0.219,-4.25,1.0,0.145,165.245,4.0
Maple Syrup,The Backseat Lovers,0.0447,0.543,243529.0,0.526,0.0533,2.0,0.0778,-9.703,1.0,0.0582,153.0,3.0
Maps,Maroon 5,0.0205,0.742,189960.0,0.713,0.0,1.0,0.059,-5.522,0.0,0.0303,120.032,4.0
Marcel,Her's,0.54,0.625,187572.0,0.645,0.0776,9.0,0.347,-5.959,1.0,0.0278,106.996,4.0
March,Alexander Lewis,0.0393,0.345,227671.0,0.923,0.0137,1.0,0.893,-3.268,1.0,0.0828,146.001,4.0
Margarita,CloudNone,0.415,0.776,238095.0,0.709,0.288,2.0,0.115,-7.391,0.0,0.145,126.043,4.0
Maria,Justin Bieber,0.00997,0.825,248293.0,0.687,1.32e-05,6.0,0.19,-6.794,0.0,0.0414,111.002,4.0
Mariposa,Peach Tree Rascals,0.617,0.676,210000.0,0.525,0.0,9.0,0.356,-5.88,1.0,0.028,112.011,4.0
Marlboro Nights,Lonely God,0.00237,0.466,68523.0,0.823,0.000321,2.0,0.332,-6.635,1.0,0.311,175.797,4.0
Married in a Gold Rush (feat. Danielle Haim),Vampire Weekend,0.829,0.733,222373.0,0.439,0.000204,9.0,0.139,-8.109,1.0,0.0942,104.887,4.0
Marry Me,Thomas Rhett,0.0977,0.333,205453.0,0.412,0.0,3.0,0.113,-8.633,1.0,0.029,85.028,4.0
Martini,The Presets,0.00645,0.817,240080.0,0.673,0.151,1.0,0.15,-8.223,1.0,0.0819,126.042,4.0
Marvin Gaye (feat. Meghan Trainor),Charlie Puth,0.417,0.795,190453.0,0.616,0.0,1.0,0.349,-5.281,0.0,0.06,110.015,4.0
Mask Off,Future,0.0102,0.833,204600.0,0.434,0.0219,2.0,0.165,-8.795,1.0,0.431,150.062,4.0
Massa,l'Outlander,,,,,,,,,,,,
Massacre,CREEPYMANE,0.0268,0.717,100000.0,0.982,0.274,8.0,0.327,0.655,1.0,0.176,120.021,4.0
Mast Magan,Arijit Singh,0.606,0.659,280161.0,0.774,0.000333,7.0,0.185,-7.014,1.0,0.0372,82.995,4.0
Mat Aazma Re,Pritam,0.661,0.467,251480.0,0.859,0.0,0.0,0.0522,-2.946,0.0,0.0409,89.842,4.0
Match In The Rain,Alec Benjamin,0.734,0.777,159007.0,0.716,8.3e-05,10.0,0.116,-7.342,0.0,0.256,120.052,4.0
Matter of Time (feat. Alex Maher),Vandelux,,,,,,,,,,,,
Maula Mere Maula,Roop Kumar Rathod,0.458,0.548,364330.0,0.737,0.00806,0.0,0.091,-7.865,1.0,0.0386,119.961,4.0
Maybe My Soulmate Died,iamnotshane,0.0753,0.612,114375.0,0.488,0.00197,0.0,0.122,-9.993,1.0,0.244,96.029,4.0
Maybe i'm alone,Yaiko Kaori,0.765,0.506,141000.0,0.322,0.533,6.0,0.647,-15.579,0.0,0.357,159.55,4.0
Maybelline,Ella Isaacson,0.0115,0.671,202188.0,0.584,0.0,0.0,0.105,-5.135,0.0,0.0325,98.059,4.0
Maybes - RAC Mix,Giraffage,0.143,0.569,234971.0,0.791,0.655,6.0,0.109,-6.757,1.0,0.0355,139.78,4.0
Me & My Friends,Munn,0.548,0.652,159474.0,0.526,0.0,5.0,0.141,-11.804,0.0,0.0765,75.965,4.0
Me And I,ABBA,0.183,0.659,294387.0,0.781,0.0731,4.0,0.138,-8.132,1.0,0.0274,113.429,4.0
Me And My Broken Heart,Rixton,0.00489,0.545,193733.0,0.783,0.0,5.0,0.132,-4.261,0.0,0.0345,174.084,4.0
Me Myself & Adderall,Lost Kings,0.0273,0.426,132309.0,0.787,3.52e-06,1.0,0.0975,-4.95,1.0,0.141,88.145,4.0
Me and You,Cold Hart,0.0143,0.613,224813.0,0.614,0.0,1.0,0.094,-7.235,1.0,0.0439,93.984,4.0
Me and Your Mama,Childish Gambino,0.0104,0.545,379227.0,0.442,0.0271,5.0,0.0664,-12.111,1.0,0.0352,118.073,3.0
"Me, Myself & I",G-Eazy,0.0184,0.756,251467.0,0.674,0.0,0.0,0.158,-6.518,0.0,0.0959,111.995,4.0
Mean It,Lauv,0.0407,0.747,232853.0,0.45,0.0,7.0,0.17,-8.543,1.0,0.0919,96.001,4.0
Meant To Be,Ber,0.87,0.5,163227.0,0.156,0.0,1.0,0.125,-11.472,1.0,0.0469,173.794,4.0
Meant to Be (feat. Florida Georgia Line),Bebe Rexha,0.047,0.643,163870.0,0.783,0.0,10.0,0.083,-6.458,1.0,0.0856,154.084,4.0
Meanwhile... In Genova,THE S.L.P.,0.0141,0.541,206067.0,0.791,0.00285,7.0,0.12,-5.843,1.0,0.0461,102.027,4.0
Medieval,FINNEAS,0.754,0.797,171863.0,0.537,5.49e-05,9.0,0.107,-5.937,1.0,0.039,115.069,4.0
Medley: Kehna Galat Galat / Halka Halka Suroor,Madhur Sharma,0.484,0.731,490435.0,0.506,0.0,8.0,0.0944,-8.579,1.0,0.037,114.986,4.0
Medusa,Eight8,0.427,0.628,120354.0,0.448,0.00128,2.0,0.135,-8.283,1.0,0.0341,160.035,4.0
Medusa,Kailee Morgue,0.567,0.914,203027.0,0.427,0.013,3.0,0.0774,-7.766,0.0,0.0537,120.01,4.0
Meet Me,Mickey Valen,0.278,0.46,193379.0,0.698,5.02e-05,7.0,0.306,-3.423,0.0,0.414,144.113,4.0
Meet Me At Our Spot,THE ANXIETY,0.0153,0.773,162680.0,0.47,0.000193,2.0,0.0851,-7.93,1.0,0.0299,94.995,4.0
Meet Me At Our Spot - Live,THE ANXIETY,0.159,0.694,147829.0,0.475,3.9e-06,2.0,0.103,-7.035,1.0,0.0345,94.987,4.0
"Mehbooba Mehbooba - From “Sholay Songs And Dialogues, Vol. 2” Soundtrack",R. D. Burman,0.979,0.54,230600.0,0.479,0.578,3.0,0.161,-10.44,1.0,0.0353,111.338,4.0
Mehndi Laga Ke Rakhna,Lata Mangeshkar,0.777,0.569,286695.0,0.827,2.8e-06,2.0,0.37,-7.586,0.0,0.11,98.4,4.0
Melancholy,Jisatsu,0.981,0.48,166588.0,0.0419,0.905,1.0,0.365,-29.08,1.0,0.0356,85.008,4.0
Melaton,Beatmund Noise,0.571,0.557,112550.0,0.183,0.915,0.0,0.111,-22.948,1.0,0.0357,104.515,4.0
Melody,Cadmium,0.245,0.364,220235.0,0.466,2.75e-06,9.0,0.0905,-10.524,1.0,0.0889,84.226,4.0
Melody of Love,Hot Chip,0.0584,0.526,258442.0,0.699,2.56e-06,4.0,0.0555,-9.222,0.0,0.0362,129.942,4.0
Meltdown,Johnny Stimson,0.247,0.571,172831.0,0.502,2.49e-05,3.0,0.441,-7.159,0.0,0.137,158.942,4.0
Memories,Conan Gray,0.00979,0.34,248819.0,0.684,0.0,11.0,0.348,-6.306,1.0,0.044,112.969,4.0
Memories,Maroon 5,0.841,0.775,189486.0,0.327,0.0,11.0,0.0821,-7.241,1.0,0.0557,91.05,4.0
Memories,Thutmose,0.0519,0.567,199147.0,0.651,0.0,5.0,0.183,-7.146,0.0,0.0554,93.989,4.0
Memories of Harry,Henry Jackman,0.931,0.211,120133.0,0.119,0.83,7.0,0.0948,-16.338,1.0,0.0374,80.765,4.0
Memory,Kane Brown,0.395,0.434,153338.0,0.889,0.0,9.0,0.273,-5.684,1.0,0.0509,113.326,5.0
Memory,Promoting Sounds,0.0616,0.748,134609.0,0.694,0.000167,1.0,0.331,-7.616,1.0,0.0861,115.044,4.0
Memory - Feather Remix,Kane Brown,0.0457,0.481,186067.0,0.493,1.69e-06,6.0,0.129,-10.853,0.0,0.0459,178.064,4.0
Memory - Said The Sky Remix,Kane Brown,0.235,0.549,154887.0,0.68,0.0,9.0,0.318,-6.116,1.0,0.069,170.018,4.0
Memory Lane,Haley Joelle,0.933,0.488,154000.0,0.103,0.0,1.0,0.107,-12.009,1.0,0.0522,120.141,4.0
Memory Lane,kyu,0.87,0.655,131159.0,0.118,0.924,0.0,0.11,-16.045,0.0,0.041,134.094,4.0
Mera Mann Kehne Laga,Falak Shabbir,0.714,0.46,227335.0,0.444,2.65e-05,7.0,0.0881,-6.217,1.0,0.123,74.977,4.0
Mercy,Shawn Mendes,0.125,0.555,208733.0,0.662,0.0,11.0,0.111,-4.952,0.0,0.0827,148.128,4.0
Mere Dholna,Pritam,0.414,0.68,404432.0,0.973,0.0,8.0,0.216,-2.881,1.0,0.122,115.061,4.0
Mere Dholna (Arijit Version),Pritam,0.343,0.681,364286.0,0.917,0.0,8.0,0.663,-5.295,1.0,0.0573,116.03,4.0
Mere Haath Mein,Jatin-Lalit,0.578,0.554,285858.0,0.606,0.000183,1.0,0.11,-12.312,1.0,0.0722,93.922,4.0
Mere Sapnon Ki Rani,Kishore Kumar,0.0894,0.844,143008.0,0.817,0.0,10.0,0.0604,-2.141,0.0,0.13,118.025,4.0
Mere Yaaraa,Arijit Singh,0.713,0.324,285164.0,0.539,3.15e-05,2.0,0.118,-8.076,1.0,0.038,120.526,4.0
Meri Duniya Hai,Sonu Nigam,0.491,0.634,278107.0,0.54,5.53e-05,0.0,0.115,-10.506,1.0,0.0297,121.061,4.0
Meri Maa,Pritam,0.885,0.575,213833.0,0.306,0.0,11.0,0.109,-10.536,1.0,0.0476,82.011,4.0
Mess Is Mine,Vance Joy,0.047,0.595,223640.0,0.723,0.0286,7.0,0.0995,-8.256,1.0,0.0349,108.043,1.0
Mess It Up,Gracie Abrams,0.245,0.765,171280.0,0.582,8.21e-05,0.0,0.154,-4.528,1.0,0.12,132.992,4.0
Mess It Up,Savannah Sgro,0.193,0.673,164897.0,0.7,0.0,3.0,0.208,-6.988,1.0,0.0958,127.01,4.0
Message from Home,Hans Zimmer,0.951,0.232,100878.0,0.00108,0.431,7.0,0.346,-42.044,1.0,0.0346,83.854,4.0
Met You,RYVN,0.728,0.645,135659.0,0.561,0.0,0.0,0.171,-7.051,1.0,0.0938,115.211,4.0
Mevzu Derin,Berk Coşkun,0.0628,0.854,178165.0,0.631,2.25e-05,7.0,0.0824,-6.695,0.0,0.0673,94.033,4.0
Mia Khalifa (feat. M.I.M.E),Skan,0.0509,0.813,208000.0,0.888,1.29e-05,11.0,0.129,-4.062,1.0,0.241,150.066,4.0
Middle Of Nowhere,Vancouver Sleep Clinic,0.505,0.333,402655.0,0.423,0.00186,8.0,0.0873,-11.423,1.0,0.0369,123.83,4.0
Middle of Somewhere,The Neighbourhood,0.716,0.508,171053.0,0.394,0.0,9.0,0.158,-9.472,0.0,0.0252,92.055,4.0
Midnight City,M83,0.0161,0.526,241440.0,0.712,0.0,11.0,0.179,-6.525,0.0,0.0356,105.009,4.0
Midnight City,Player1,0.0239,0.564,158143.0,0.795,0.000435,7.0,0.159,-5.969,1.0,0.0359,140.048,4.0
Midnight City - Eric Prydz Private Remix,M83,0.00087,0.534,357242.0,0.849,0.508,11.0,0.552,-7.415,0.0,0.0678,125.009,4.0
Midnight Drives,Munn,0.705,0.659,180231.0,0.24,0.0,1.0,0.288,-13.223,1.0,0.0427,129.81,4.0
Midnight In A Perfect World,DJ Shadow,0.532,0.664,298373.0,0.645,0.652,7.0,0.251,-9.334,0.0,0.0353,79.526,4.0
Midnight Passion (Alternate Universe),Eleven Point Two,0.123,0.751,211875.0,0.296,0.0,2.0,0.157,-13.1,1.0,0.0406,128.032,4.0
Midnight River (feat. 6LACK),Pink Sweat$,0.777,0.497,184242.0,0.351,0.0,1.0,0.157,-9.048,0.0,0.0648,171.719,4.0
Migas 2000,The Limiñanas,0.497,0.578,115400.0,0.771,0.293,2.0,0.341,-5.933,1.0,0.0327,132.921,4.0
Migraine,Twenty One Pilots,0.11,0.69,239015.0,0.678,0.0,0.0,0.246,-6.52,1.0,0.154,173.995,4.0
Mile High (feat. Travis Scott & Metro Boomin),James Blake,0.403,0.754,193600.0,0.37,6.22e-05,6.0,0.107,-9.854,0.0,0.12,114.941,4.0
Miles To Go - Instrumental Version,Stateless,0.461,0.691,263667.0,0.557,0.924,7.0,0.112,-8.993,0.0,0.0595,135.589,3.0
Milk & Honey - Alt Version,Billie Marten,0.949,0.318,288493.0,0.193,0.0328,11.0,0.095,-14.794,0.0,0.0573,170.414,3.0
Millennial Love (feat. Kina Grannis),Ryan Higa,0.227,0.589,233433.0,0.484,0.0,7.0,0.147,-6.664,1.0,0.03,138.165,4.0
Million Days,SABAI,0.27,0.514,208552.0,0.648,0.0,0.0,0.14,-5.456,1.0,0.0482,144.942,4.0
Million Days - Acoustic,SABAI,0.747,0.629,214606.0,0.511,0.0,0.0,0.0987,-7.325,1.0,0.0298,139.982,4.0
Million Ways,HRVY,0.0312,0.645,169887.0,0.803,0.0,6.0,0.13,-4.819,1.0,0.034,106.03,4.0
Millionaire (feat. Nelly),Digital Farm Animals,,,,,,,,,,,,
Minchagi Neenu,Sonu Nigam,0.387,0.676,266954.0,0.624,4.84e-05,1.0,0.206,-8.264,0.0,0.0575,115.975,4.0
Mind,Lund,0.23,0.698,160000.0,0.476,0.00172,9.0,0.0785,-11.51,0.0,0.0728,136.038,4.0
Mind (feat. Kai),Jack Ü,0.117,0.502,242069.0,0.777,2.91e-06,1.0,0.0957,-4.627,1.0,0.0934,174.153,4.0
Mind Is A Prison,Alec Benjamin,0.504,0.656,161697.0,0.645,0.0,5.0,0.18,-5.442,0.0,0.0397,75.473,4.0
Mind Over Matter,Young the Giant,0.000501,0.466,244693.0,0.763,0.0,0.0,0.0973,-4.448,1.0,0.0318,154.914,4.0
Mine,Bazzi,0.0161,0.71,131064.0,0.789,2.77e-06,4.0,0.451,-3.874,1.0,0.0722,142.929,4.0
Mine,Coopex,0.107,0.476,209330.0,0.807,0.00102,1.0,0.111,-3.109,0.0,0.0484,140.009,4.0
Mine (You Can't Find Love in Mollywood),Lauv,0.229,0.734,206133.0,0.498,5.59e-06,1.0,0.093,-7.453,0.0,0.0318,126.054,4.0
Mine All Day,pewdiepie,0.099,0.62,250898.0,0.682,0.0,8.0,0.132,-7.688,1.0,0.353,145.386,4.0
Miracle,CHVRCHES,0.0147,0.573,188252.0,0.741,0.0,5.0,0.178,-4.426,1.0,0.0316,124.002,4.0
Miracle,REYKO,0.653,0.8,184987.0,0.394,0.000423,7.0,0.11,-10.684,0.0,0.0494,144.064,4.0
Miss Me - Demo,Lauv,0.552,0.568,118920.0,0.452,0.0,3.0,0.18,-7.258,1.0,0.117,73.701,4.0
Miss You (with Major Lazer & Tory Lanez),Cashmere Cat,0.25,0.747,186231.0,0.641,0.00107,1.0,0.106,-4.502,1.0,0.0925,100.028,4.0
Miss You - Sped Up Version,Oliver Tree,0.0141,0.527,171702.0,0.66,0.0185,0.0,0.156,-10.692,1.0,0.0877,173.979,4.0
Miss You - Sped Up Version,southstar,0.181,0.592,170984.0,0.64,0.801,0.0,0.14,-12.339,1.0,0.0475,173.999,4.0
Miss You More,Sophia Angeles,0.218,0.671,165947.0,0.507,0.0,1.0,0.0883,-10.025,0.0,0.0665,93.937,4.0
Missed You - Bonus Track,The Weeknd,0.115,0.689,144540.0,0.374,0.000132,5.0,0.111,-10.038,0.0,0.0851,151.98,4.0
Missing Home,flora cash,0.248,0.732,190227.0,0.587,0.00109,11.0,0.0964,-7.159,1.0,0.0395,95.003,4.0
Missing Me,YVA,0.598,0.367,280467.0,0.15,0.00034,0.0,0.163,-11.368,0.0,0.0347,155.346,4.0
Missing Piece,Marika Takeuchi,0.874,0.589,245307.0,0.365,0.905,9.0,0.101,-14.291,1.0,0.0284,110.023,4.0
Missing Piece,Vance Joy,0.0449,0.632,215840.0,0.863,1.01e-06,0.0,0.13,-5.21,1.0,0.0446,101.976,4.0
Missing You,The Vamps,0.168,0.537,214987.0,0.647,0.0,2.0,0.108,-7.37,1.0,0.0519,79.77,4.0
Mistletoe,Justin Bieber,0.498,0.657,182947.0,0.56,0.0,6.0,0.0794,-9.049,0.0,0.0467,161.993,4.0
Mitti Da Khadona,Bilal Saeed,0.287,0.72,199792.0,0.503,0.0,4.0,0.0946,-6.385,0.0,0.0509,109.001,4.0
Mitti Di Khushboo,Rochak Kohli,0.395,0.64,247223.0,0.754,0.0,6.0,0.209,-4.873,0.0,0.0392,94.989,4.0
Mitwa,Shankar-Ehsaan-Loy,0.295,0.63,382973.0,0.63,1.26e-05,4.0,0.0934,-7.525,1.0,0.0364,107.103,4.0
Mixed Emotions,Ladyhawke,0.0316,0.821,214533.0,0.735,0.0,11.0,0.334,-6.106,0.0,0.0401,125.991,4.0
Mo Bopalo,Sonu Nigam,0.762,0.454,220868.0,0.41,0.0,11.0,0.485,-14.576,1.0,0.0686,100.179,3.0
Modern Loneliness,Lauv,0.14,0.701,252337.0,0.507,0.0,8.0,0.108,-7.106,1.0,0.0353,82.009,4.0
Modern Love.,Sons Of Leaves,0.413,0.552,212027.0,0.755,0.00537,9.0,0.166,-8.675,1.0,0.0347,148.027,4.0
Moh Moh Ke Dhaage (Male),Anu Malik,0.741,0.634,322900.0,0.344,6.09e-05,2.0,0.111,-11.011,1.0,0.0288,128.0,4.0
Molly In Mexico,Lauv,0.00439,0.664,179388.0,0.855,0.241,1.0,0.0959,-6.069,0.0,0.0633,143.993,4.0
Mona Lisa,AREA21,0.073,0.734,163640.0,0.867,0.0,8.0,0.13,-3.419,0.0,0.0918,144.989,3.0
Money Rain - Phonk Remix,VTORNIK,0.355,0.936,150942.0,0.791,0.00628,6.0,0.168,-3.605,1.0,0.235,102.02,4.0
Money Run Low,The Score,0.0203,0.651,185467.0,0.933,0.0,7.0,0.306,-3.978,0.0,0.0457,134.048,4.0
"Money, Love & Death",gnash,0.819,0.415,164110.0,0.301,0.305,4.0,0.106,-13.874,1.0,0.0443,178.934,4.0
Monopoly,Mokita,0.123,0.5,206256.0,0.612,2.12e-05,5.0,0.195,-7.099,1.0,0.0348,94.974,4.0
Monster,LUM!X,0.0253,0.83,154226.0,0.794,0.0248,8.0,0.106,-6.279,0.0,0.432,128.16,4.0
Monster (Shawn Mendes & Justin Bieber),Shawn Mendes,0.0676,0.652,178994.0,0.383,0.0,2.0,0.0828,-7.076,0.0,0.0516,145.765,4.0
Monsters (feat. Demi Lovato and blackbear),All Time Low,0.0137,0.51,174425.0,0.787,0.0,0.0,0.368,-3.712,0.0,0.0529,162.092,4.0
Monsters (feat. blackbear),All Time Low,0.0493,0.369,174068.0,0.845,0.0,0.0,0.416,-3.449,0.0,0.0611,78.532,4.0
Monta Re,Swanand Kirkire,0.918,0.718,237614.0,0.295,0.00454,4.0,0.0954,-11.098,1.0,0.0567,150.054,3.0
Montana,Daya,0.903,0.602,203869.0,0.405,0.0,2.0,0.133,-7.157,1.0,0.0319,137.743,4.0
Montreal,Roosevelt,0.00221,0.669,236336.0,0.642,0.834,5.0,0.203,-9.004,1.0,0.0515,115.973,4.0
Mood (feat. iann dior),24kGoldn,0.174,0.701,140533.0,0.716,0.0,7.0,0.324,-3.671,0.0,0.0361,91.007,4.0
Moody,Savannah Sgro,0.192,0.667,189082.0,0.461,6.42e-05,5.0,0.0723,-8.452,1.0,0.0352,135.915,4.0
Moon,Jonah Kagen,0.191,0.586,220918.0,0.516,0.0,1.0,0.489,-8.806,0.0,0.0386,109.928,4.0
Moon,Kanye West,0.898,0.319,156091.0,0.236,1.62e-05,5.0,0.272,-9.644,1.0,0.0318,162.351,4.0
Moon,Lund,0.61,0.842,180813.0,0.336,0.00112,5.0,0.11,-10.937,1.0,0.0878,153.989,4.0
Moon Child,The F16s,0.0568,0.606,279841.0,0.713,0.00262,9.0,0.0814,-5.987,1.0,0.0314,120.016,4.0
Moon in the Morning,Adam Melchor,0.799,0.458,194267.0,0.464,3.42e-05,5.0,0.109,-9.126,0.0,0.031,122.821,4.0
Moonlight,Ali Gatie,0.495,0.804,228854.0,0.48,0.0,11.0,0.105,-6.662,1.0,0.0321,120.002,4.0
Moonlight,XXXTENTACION,0.556,0.921,135090.0,0.537,0.00404,9.0,0.102,-5.723,0.0,0.0804,128.009,4.0
Moonlight Hour,luvwn,0.813,0.663,161312.0,0.0846,0.946,11.0,0.1,-18.729,1.0,0.041,122.006,4.0
Moonlight in my Bedroom,nodisco.,0.128,0.718,211733.0,0.584,0.00351,1.0,0.0686,-7.342,1.0,0.0492,106.994,4.0
Moral of the Story,Ashe,0.593,0.569,201017.0,0.403,4.49e-06,10.0,0.102,-8.618,1.0,0.0439,119.819,4.0
Moral of the Story (feat. Niall Horan),Ashe,0.496,0.579,198515.0,0.37,0.0,10.0,0.221,-8.9,1.0,0.0383,119.799,4.0
More Like Love,Ben Rector,0.907,0.432,226680.0,0.147,0.0,9.0,0.102,-11.054,1.0,0.046,122.073,3.0
More Than Friends,Mokita,0.608,0.777,159040.0,0.415,0.0,10.0,0.309,-8.746,1.0,0.033,129.917,4.0
More Than You Know,Axwell /\ Ingrosso,0.0275,0.646,203000.0,0.741,0.0,5.0,0.312,-4.973,0.0,0.034,123.077,4.0
More Than a Friend,girli,0.0301,0.689,175693.0,0.594,0.0,0.0,0.102,-7.645,1.0,0.0584,137.112,4.0
Morning Sex,Ralph Castelli,0.0599,0.827,175491.0,0.322,0.000141,6.0,0.0873,-10.213,1.0,0.0513,124.986,4.0
Mortel,Fishbach,0.00179,0.598,236547.0,0.629,0.0,5.0,0.068,-5.875,0.0,0.0265,95.975,4.0
Moss,Nakani,0.318,0.711,148632.0,0.714,0.92,11.0,0.0909,-9.179,1.0,0.0886,134.345,4.0
Moss,imagiro,0.932,0.742,164625.0,0.28,0.908,5.0,0.124,-8.157,0.0,0.098,82.997,4.0
Mother,Charlie Puth,0.375,0.407,162864.0,0.697,5.07e-06,11.0,0.125,-5.612,1.0,0.342,179.681,3.0
Motivated (Not),ChillsmokeႿ,0.789,0.609,156841.0,0.184,0.207,2.0,0.0616,-18.896,0.0,0.0288,109.976,4.0
Motley Crew,Post Malone,0.0904,0.797,184213.0,0.631,3.71e-06,3.0,0.0998,-3.818,0.0,0.0786,129.915,4.0
Mount Everest,Labrinth,0.236,0.494,157497.0,0.428,0.0698,0.0,0.0816,-7.239,0.0,0.205,87.724,4.0
Mountains,Hans Zimmer,0.59,0.304,219093.0,0.0585,0.928,9.0,0.0982,-16.949,0.0,0.0351,119.975,4.0
Mourning Dove,WYS,0.771,0.654,141159.0,0.535,0.908,6.0,0.0879,-11.861,0.0,0.0429,139.932,4.0
Mourning Sound,Grizzly Bear,0.15,0.507,262107.0,0.737,0.159,7.0,0.122,-6.332,1.0,0.0624,128.015,4.0
Move Bitch,Disturbing Tha Peace,,,,,,,,,,,,
Move On,Grant,0.132,0.492,182250.0,0.812,0.0,8.0,0.26,-5.446,1.0,0.119,80.281,4.0
Move Your Body,Öwnboss,0.0169,0.848,157445.0,0.821,0.000403,2.0,0.0962,-5.408,0.0,0.0527,125.051,4.0
"Moves Like Jagger - Studio Recording From ""The Voice"" Performance",Maroon 5,0.0111,0.722,201160.0,0.758,0.0,11.0,0.308,-4.477,0.0,0.0471,128.047,4.0
Movie Star (feat. FR33SOL & Lavva),The Veronicas,0.163,0.523,196634.0,0.653,0.0,10.0,0.234,-5.638,1.0,0.0884,134.809,4.0
Movies,Weyes Blood,0.636,0.086,353732.0,0.362,0.404,7.0,0.106,-8.932,0.0,0.0347,71.398,4.0
Moving Forward,Colony House,0.0597,0.411,217987.0,0.591,3.22e-06,1.0,0.084,-6.135,1.0,0.0262,94.906,3.0
Mr. Sandman,SYML,0.918,0.341,206493.0,0.37,0.258,9.0,0.074,-10.661,0.0,0.0393,96.677,4.0
Mugulu Nage Title Track,Sonu Nigam,,,,,,,,,,,,
Mujhe Raat Din Bas,Sonu Nigam,0.4,0.614,311333.0,0.469,3.93e-06,5.0,0.102,-13.124,1.0,0.0338,118.169,4.0
Mungaru Maleye,Sonu Nigam,0.61,0.537,289933.0,0.507,0.0,7.0,0.289,-8.084,1.0,0.0342,130.16,4.0
Murder In My Mind,Kordhell,0.00547,0.712,145000.0,0.972,7.06e-05,10.0,0.128,-0.514,1.0,0.112,119.966,4.0
Murder In My Mind - Sped Up,Kordhell,0.00364,0.598,115200.0,0.994,0.0617,2.0,0.397,-0.89,1.0,0.404,151.135,4.0
Murph,Hans Zimmer,0.704,0.0631,680779.0,0.123,0.684,0.0,0.0602,-18.226,1.0,0.0471,58.16,4.0
Must Have Been The Wind,Alec Benjamin,0.784,0.653,177806.0,0.644,0.000202,7.0,0.161,-6.204,1.0,0.0572,88.968,4.0
Mutate,Jeanne Added,0.0773,0.718,167520.0,0.427,7.74e-05,9.0,0.178,-8.1,0.0,0.0395,124.89,4.0
Muted Sunrise,Jaden,0.617,0.644,142650.0,0.482,0.00309,9.0,0.121,-8.537,1.0,0.0304,144.017,3.0
My American Life,BROCKHAMPTON,0.57,0.767,87040.0,0.461,0.0,5.0,0.697,-7.639,1.0,0.0767,118.013,4.0
My Cloud,Grabbitz,0.321,0.754,187963.0,0.938,4.62e-05,8.0,0.0889,-5.874,1.0,0.0612,144.074,4.0
My Demons,STARSET,0.00768,0.274,288036.0,0.652,6.42e-05,5.0,0.108,-6.196,0.0,0.0625,173.008,4.0
My Drum Machine,Lorn,0.00019,0.735,257520.0,0.835,0.839,4.0,0.573,-7.199,0.0,0.0612,125.008,4.0
My Friends Never Die,ODESZA,0.00439,0.489,171500.0,0.595,0.878,4.0,0.0855,-8.106,0.0,0.0374,170.05,4.0
My Garage Is Your House,Alien Pimp,0.000323,0.768,306840.0,0.823,0.724,1.0,0.158,-10.417,0.0,0.078,140.023,4.0
My Gospel,Charlie Puth,0.27,0.7,210867.0,0.654,0.0,6.0,0.0768,-7.126,0.0,0.297,112.039,4.0
My Heart,KK,0.209,0.842,298393.0,0.93,1.42e-05,9.0,0.104,-8.328,0.0,0.0949,130.0,4.0
My Hood (Full Mix),Suni Clay,0.134,0.63,271413.0,0.937,0.0,2.0,0.156,-3.036,1.0,0.187,100.096,4.0
My Hood (Instrumental),Suni Clay,0.00177,0.736,271027.0,0.828,0.837,2.0,0.0547,-3.45,1.0,0.0389,100.014,4.0
My House,Flo Rida,0.0215,0.688,192191.0,0.702,0.0,7.0,0.128,-4.792,0.0,0.0499,94.006,4.0
My Love,Fella,0.168,0.669,187386.0,0.742,0.671,8.0,0.097,-7.911,1.0,0.426,125.855,3.0
My Lover,Birdtalker,0.83,0.328,269596.0,0.185,7.3e-05,0.0,0.117,-12.1,1.0,0.0365,71.454,4.0
My Mistake,Nico Collins,0.0148,0.437,234931.0,0.884,0.0,1.0,0.115,-4.25,1.0,0.0804,151.853,4.0
My Name Is Trouble,Keren Ann,0.102,0.58,253240.0,0.605,0.642,1.0,0.197,-10.359,1.0,0.0296,114.947,4.0
My Oasis (feat. Burna Boy),Sam Smith,0.569,0.691,179917.0,0.474,0.000626,10.0,0.099,-8.742,0.0,0.0583,143.783,4.0
My Ordinary Life,Podos Officialx,,,,,,,,,,,,
My Ordinary Life,The Living Tombstone,0.00533,0.648,230895.0,0.827,0.338,9.0,0.217,-4.78,0.0,0.042,176.005,4.0
My People,The Presets,0.0137,0.562,266560.0,0.927,8.99e-06,5.0,0.457,-2.461,1.0,0.0362,126.999,4.0
My Sharona,The Knack,0.0589,0.586,295400.0,0.7,0.00125,0.0,0.0318,-9.558,1.0,0.0363,147.245,4.0
My Stress,NF,0.24,0.653,252712.0,0.796,0.0,7.0,0.108,-4.05,0.0,0.245,160.026,4.0
My Tears Are Becoming a Sea,M83,0.11,0.194,151827.0,0.376,0.386,4.0,0.593,-11.356,1.0,0.0463,48.637,3.0
My Way,Calvin Harris,0.093,0.818,219160.0,0.913,3.69e-05,4.0,0.161,-3.06,0.0,0.0426,119.986,4.0
My<Dsmbr (Mickey P. Reanimation) [feat. Kelli Ali],Linkin Park,0.153,0.649,258133.0,0.794,0.533,7.0,0.0724,-8.597,1.0,0.0352,104.7,4.0
Myojo Galactica,Eve,0.00419,0.533,188002.0,0.948,0.0,8.0,0.118,-3.184,1.0,0.0484,154.034,4.0
Mystery Lady (feat. Don Toliver),Masego,0.393,0.747,228453.0,0.494,0.0,3.0,0.0982,-7.957,0.0,0.141,76.006,4.0
Mystic Love Mix,Rafaqat Ali Khan,0.00144,0.689,311493.0,0.898,0.0739,1.0,0.33,-5.669,0.0,0.0506,133.997,4.0
NARUTO Main Theme,MUSASHI PROJECT,0.00634,0.525,266920.0,0.766,0.00235,4.0,0.125,-8.448,0.0,0.0438,119.974,4.0
NATURE,Elley Duhé,0.0183,0.725,186820.0,0.67,0.00276,11.0,0.157,-8.058,0.0,0.278,123.937,4.0
NEON BLADE,MoonDeity,0.0284,0.548,265263.0,0.996,0.92,7.0,0.595,-2.169,1.0,0.112,94.999,4.0
NEON BLADE - Slowed + Reverb,MoonDeity,0.0595,0.502,304091.0,0.997,0.962,1.0,0.438,-2.803,1.0,0.103,82.876,4.0
NEON BLADE - Sped Up,MoonDeity,0.00284,0.512,164258.0,0.977,0.968,9.0,0.192,-11.67,0.0,0.0646,104.827,4.0
NEVERMIND,HRVY,0.15,0.658,176080.0,0.529,0.0,5.0,0.129,-6.807,1.0,0.111,102.18,4.0
NIGHTRIDER,Arizona Zervas,0.0876,0.66,156368.0,0.755,0.0,0.0,0.102,-4.501,0.0,0.0469,145.948,4.0
NIGHTS LIKE THESE,Benson Boone,0.369,0.667,172515.0,0.593,0.0,7.0,0.112,-6.016,0.0,0.0432,95.947,4.0
NO LOVE,Shubh,0.24,0.768,170388.0,0.487,0.0,4.0,0.175,-8.936,0.0,0.0431,137.034,4.0
NOT ALRIGHT,Ben Provencial,,,,,,,,,,,,
NUMB,Chri$tian Gate$,0.0575,0.682,112500.0,0.598,0.0,8.0,0.299,-5.694,1.0,0.264,103.791,4.0
NWA (feat. Lil Durk),Lucky Daye,0.296,0.866,231600.0,0.628,0.00127,2.0,0.157,-6.085,1.0,0.0418,113.979,4.0
Na Ja,Pav Dharia,0.0724,0.772,208000.0,0.649,0.0,2.0,0.0761,-6.411,1.0,0.143,90.072,4.0
Naam,Tulsi Kumar,0.304,0.455,282528.0,0.733,0.0,11.0,0.158,-5.64,1.0,0.0683,94.903,4.0
Nagata Lights,Mujo,0.872,0.544,122240.0,0.33,0.935,6.0,0.108,-10.364,0.0,0.0978,69.77,4.0
Naked,James Arthur,0.084,0.525,233400.0,0.61,0.0,6.0,0.0572,-6.793,1.0,0.0404,101.875,4.0
Nancy Got A Haircut,Alec Benjamin,0.207,0.813,118038.0,0.755,0.0,1.0,0.313,-4.459,0.0,0.121,103.991,4.0
Nandemonaiya - movie edit.,RADWIMPS,0.404,0.395,196907.0,0.331,0.00046,11.0,0.0964,-8.439,1.0,0.0307,112.114,5.0
Nandemonaiya - movie ver.,RADWIMPS,0.245,0.496,344053.0,0.462,0.0,6.0,0.282,-6.189,1.0,0.0307,167.936,4.0
Nandighosh,Sonu Nigam,0.626,0.459,277203.0,0.721,0.0,6.0,0.108,-3.589,1.0,0.044,176.055,4.0
Narcissist,Lauren Spencer Smith,0.696,0.58,172878.0,0.485,0.0,3.0,0.0959,-5.438,1.0,0.0312,113.797,4.0
Narcotic,YouNotUs,0.0163,0.585,203827.0,0.867,0.489,5.0,0.0752,-5.233,0.0,0.0576,127.913,4.0
Naruto Main Theme,Minijau,0.323,0.726,139250.0,0.419,0.89,0.0,0.107,-13.615,1.0,0.0586,74.996,4.0
Naruto Main Theme,SUSHI,0.00258,0.581,137143.0,0.773,0.00191,9.0,0.326,-5.588,0.0,0.0276,104.97,4.0
Naruto Wind - Ending Theme,Kato,0.994,0.73,66946.0,0.0127,0.967,10.0,0.127,-31.121,0.0,0.0625,115.093,5.0
Naruto Wind - Ending Theme Piano,Kato,0.993,0.786,76219.0,0.0261,0.952,10.0,0.11,-28.246,0.0,0.0793,114.954,5.0
Naruto's Daily Life,Haruto,0.237,0.705,105882.0,0.503,0.963,7.0,0.127,-10.509,1.0,0.0686,135.981,4.0
Nate,NF,0.661,0.481,302120.0,0.852,0.0,11.0,0.365,-4.109,0.0,0.441,84.799,4.0
Natures,Lund,0.19,0.584,248000.0,0.772,0.0,0.0,0.0586,-0.733,1.0,0.0565,120.076,4.0
Naughty Naughty,Anushka Manchanda,0.027,0.82,221402.0,0.806,1.51e-05,8.0,0.429,-5.722,0.0,0.0554,119.995,4.0
Navy Blue,Prblm Chld,0.201,0.606,163784.0,0.684,0.0,1.0,0.0972,-3.924,1.0,0.0444,147.996,4.0
Nazm Nazm feat. Ayushmann Khurana,Ayushmann Khurrana,,,,,,,,,,,,
Nee Sanihake Bandre,Sonu Nigam,0.38,0.688,264098.0,0.616,1.18e-06,1.0,0.364,-7.602,0.0,0.0274,106.995,4.0
Need Me,Hearts & Colors,0.24,0.647,188029.0,0.568,0.0,5.0,0.447,-6.569,0.0,0.0541,142.941,4.0
Need You Tonight,INXS,0.0713,0.801,180518.0,0.723,0.154,10.0,0.0675,-4.985,0.0,0.0689,109.03,4.0
Need Your Love (with Noah Kahan),Gryffin,0.16,0.581,205787.0,0.76,0.0,0.0,0.183,-3.962,1.0,0.0406,104.099,4.0
Need to Know,Doja Cat,0.304,0.664,210560.0,0.609,0.0,1.0,0.0926,-6.509,1.0,0.0707,130.041,4.0
Needin' U (Jonas Blue Remix),David Morales,0.00172,0.745,196190.0,0.762,0.153,6.0,0.329,-5.555,1.0,0.0598,126.007,4.0
Neglect,Mr.Kitty,0.00189,0.604,216147.0,0.861,0.626,7.0,0.0734,-8.463,0.0,0.0283,130.029,4.0
Nemesis,Ryllz,0.0266,0.63,160530.0,0.768,0.439,9.0,0.364,-4.891,1.0,0.0767,104.913,4.0
"Nemo Egg (Main Title) - From ""Finding Nemo""",Thomas Newman,,,,,,,,,,,,
Nervous,The Neighbourhood,0.0213,0.589,245000.0,0.614,0.165,0.0,0.31,-7.528,0.0,0.0426,119.837,4.0
Never Fall In Love,Jack Antonoff,0.00309,0.807,216773.0,0.657,0.337,4.0,0.0509,-6.468,0.0,0.0987,107.998,4.0
Never Forget,Martin O'Donnell,0.968,0.162,187680.0,0.0724,0.865,3.0,0.101,-22.32,1.0,0.0378,82.307,3.0
Never Gonna Give You Up,Rick Astley,0.115,0.721,213573.0,0.939,3.79e-05,8.0,0.108,-11.823,1.0,0.0376,113.309,4.0
Never Let You Go,Keenan Te,0.0921,0.726,202435.0,0.499,0.0,1.0,0.0717,-9.056,1.0,0.0379,114.9,4.0
Never Not,Lauv,0.691,0.471,208000.0,0.22,0.0,5.0,0.104,-9.243,1.0,0.037,133.714,4.0
Never Said It Was Easy,Palace,0.719,0.579,130309.0,0.396,0.000444,4.0,0.135,-8.65,0.0,0.0297,137.023,4.0
Never Say Die,CHVRCHES,0.00856,0.534,263645.0,0.621,7.23e-05,1.0,0.116,-5.878,0.0,0.0325,111.034,4.0
Never Tear Us Apart,INXS,0.0518,0.665,185694.0,0.686,0.000176,0.0,0.174,-5.849,1.0,0.0268,96.848,3.0
Never Want to Be In Love,Savannah Conley,0.0794,0.321,213055.0,0.749,0.123,4.0,0.25,-6.223,1.0,0.0385,170.113,4.0
New,Daya,0.052,0.715,230880.0,0.742,2.47e-05,0.0,0.364,-4.331,1.0,0.0347,106.971,4.0
New Delhi,HXGO,0.469,0.85,146700.0,0.611,1.9e-05,2.0,0.312,-8.534,1.0,0.288,100.025,4.0
New Home,Austin Farwell,0.99,0.356,174521.0,0.00558,0.934,11.0,0.0991,-27.72,1.0,0.0417,70.012,4.0
New Light,John Mayer,0.316,0.826,217427.0,0.694,0.0285,7.0,0.074,-7.862,1.0,0.0315,123.932,4.0
New Light - Acoustic,The Macarons Project,0.953,0.78,199350.0,0.0946,1.84e-06,0.0,0.115,-13.401,1.0,0.0378,100.074,4.0
New Page,INTERSECTION,0.105,0.604,270904.0,0.733,0.0,2.0,0.25,-5.788,1.0,0.0348,124.885,4.0
New Religion,The Heydaze,0.00201,0.537,203587.0,0.863,0.0,7.0,0.201,-4.46,1.0,0.0446,97.02,4.0
New Sensation,INXS,0.0661,0.68,219813.0,0.967,1.75e-06,4.0,0.0808,-2.771,1.0,0.0664,115.748,4.0
New Song,Warpaint,0.0242,0.585,256440.0,0.896,0.106,0.0,0.12,-5.133,0.0,0.0483,119.951,4.0
New York's Only Spider-Man,John Paesano,0.243,0.463,173227.0,0.608,0.951,8.0,0.12,-11.931,1.0,0.0435,158.641,4.0
New nouty adult jokes 2,Nonveg Comedyjokes,,,,,,,,,,,,
Nice Guys,Chester See,,,,,,,,,,,,
Nicotine Dream,Breakup Shoes,0.303,0.525,175304.0,0.608,0.0,8.0,0.323,-6.03,1.0,0.0289,114.868,4.0
Night Changes,One Direction,0.859,0.672,226600.0,0.52,0.0,8.0,0.115,-7.747,1.0,0.0353,120.001,4.0
Night Drive,Rubayne,0.0433,0.561,178286.0,0.903,3.08e-06,5.0,0.394,-4.514,1.0,0.0965,105.054,4.0
Night Ride,The Growlers,0.0163,0.608,251424.0,0.752,0.0,9.0,0.118,-4.954,0.0,0.0315,110.107,4.0
Night Sparks,LoFiPøwder,0.724,0.552,160000.0,0.142,0.721,2.0,0.0848,-17.557,1.0,0.0324,132.057,4.0
Nightlight,ILLENIUM,0.0819,0.494,222400.0,0.651,0.0,11.0,0.104,-4.127,0.0,0.0384,149.979,4.0
Nights Like These,Will Jay,0.188,0.652,238111.0,0.608,5.81e-06,11.0,0.397,-5.656,1.0,0.054,127.984,4.0
Nights Like This,Josh Golden,0.772,0.629,142778.0,0.384,0.0,0.0,0.135,-7.708,1.0,0.0257,107.898,4.0
Nineteen,Dylan,0.00352,0.471,218885.0,0.744,0.0,0.0,0.687,-5.8,1.0,0.0523,95.004,4.0
Ninnidale,Sonu Nigam,0.176,0.746,289358.0,0.56,2.55e-06,3.0,0.109,-9.417,1.0,0.0451,102.015,4.0
Nintendo,Lund,0.251,0.652,235789.0,0.593,9.7e-06,2.0,0.303,-7.86,1.0,0.0464,113.981,4.0
Nintey-Six,Lund,0.0514,0.652,197143.0,0.648,5.79e-06,9.0,0.114,-6.322,0.0,0.0457,140.009,4.0
No Angel,The Lurk,0.0706,0.642,134579.0,0.639,0.000157,0.0,0.0805,-4.64,1.0,0.138,149.856,4.0
No Bitches,Real Boss,0.416,0.71,165378.0,0.665,0.0,0.0,0.119,-6.019,1.0,0.428,88.277,4.0
No Bitches?,AgusFortnite2008,,,,,,,,,,,,
No Blueberries,DPR IAN,0.507,0.721,185107.0,0.617,0.0,4.0,0.252,-6.178,0.0,0.0386,148.032,4.0
No Excuses,NF,0.0291,0.727,201720.0,0.642,0.0,1.0,0.0815,-4.915,1.0,0.087,162.935,4.0
No Friends,Cadmium,0.522,0.771,235024.0,0.644,7.13e-06,4.0,0.076,-7.746,1.0,0.0337,145.029,4.0
No Guidance (feat. Drake),Chris Brown,0.123,0.696,260640.0,0.454,0.0,1.0,0.155,-6.756,0.0,0.153,92.928,4.0
No Love,Shubh,0.24,0.768,170388.0,0.487,0.0,4.0,0.175,-8.936,0.0,0.0431,137.034,4.0
No Money,Galantis,0.0282,0.674,191293.0,0.915,0.00337,6.0,0.273,-3.999,0.0,0.0411,126.038,4.0
No More Friends (with Oli Sykes of Bring Me The Horizon),Olivia O'Brien,0.0346,0.626,193376.0,0.635,0.0,7.0,0.0953,-7.845,0.0,0.163,149.824,4.0
No Need to Come Back,Hans Zimmer,0.707,0.0835,272910.0,0.0264,0.967,9.0,0.111,-30.407,1.0,0.0398,73.235,4.0
No One Compares To You,Jack & Jack,0.127,0.7,182920.0,0.748,0.0,1.0,0.0941,-6.044,1.0,0.0434,111.939,4.0
No Other Way,SHAED,0.0477,0.735,147964.0,0.686,0.0052,8.0,0.298,-4.717,0.0,0.0366,113.967,4.0
No Promises (feat. Demi Lovato),Cheat Codes,0.0572,0.739,222787.0,0.619,0.0,10.0,0.105,-6.669,1.0,0.162,112.961,4.0
No Scrubs,Unlike Pluto,0.162,0.582,201600.0,0.778,0.0,1.0,0.315,-4.831,0.0,0.146,74.978,4.0
No Scrubs,Unlike Pluto feat. Joanna Jones,,,,,,,,,,,,
No Shame,5 Seconds of Summer,0.0185,0.576,192737.0,0.807,2.4e-06,7.0,0.0963,-3.019,1.0,0.0374,90.932,4.0
No Stress,CMD/CTRL,0.000525,0.864,225932.0,0.757,0.000323,0.0,0.196,-7.16,1.0,0.0376,121.999,4.0
No Surprises,Radiohead,0.0577,0.255,229120.0,0.393,0.00361,5.0,0.113,-10.654,1.0,0.0278,76.426,4.0
No Time for Caution,Hans Zimmer,0.0545,0.262,246272.0,0.224,0.95,9.0,0.118,-20.231,0.0,0.0463,119.715,4.0
No Wind Resistance SPED UP!,Kinneret,0.246,0.728,165333.0,0.559,0.298,4.0,0.293,-11.18,0.0,0.046,110.423,5.0
Nobody Else,Low Roar,0.198,0.345,297440.0,0.33,0.881,8.0,0.0943,-13.089,1.0,0.0367,159.492,4.0
Nobody Loves Me Like You,Low Roar,0.692,0.331,355893.0,0.422,0.729,7.0,0.107,-10.653,1.0,0.0311,79.951,4.0
Nobody Speak,DJ Shadow,0.0403,0.618,195966.0,0.814,0.00236,2.0,0.263,-5.937,1.0,0.157,160.078,4.0
Nobody's Listening,Linkin Park,0.105,0.502,178867.0,0.831,1.3e-06,2.0,0.174,-3.723,1.0,0.295,199.972,3.0
Nobody's Perfect,Hannah Montana,0.0597,0.594,200827.0,0.977,3.49e-06,10.0,0.309,-4.193,0.0,0.0647,131.98,4.0
"Nocturne en Mi Bémol Majeur, Op. 9 No. 2",Frédéric Chopin,0.99,0.427,268427.0,0.0451,0.913,3.0,0.112,-24.698,1.0,0.041,119.78,3.0
Noise,The Neighbourhood,0.0164,0.625,200467.0,0.85,0.339,6.0,0.105,-3.776,0.0,0.0294,108.997,4.0
Normal,Sasha Alex Sloan,0.528,0.749,192200.0,0.419,7.85e-06,5.0,0.113,-9.41,1.0,0.0719,120.166,4.0
Normal - stripped,Sasha Alex Sloan,0.776,0.68,197687.0,0.413,1.91e-05,5.0,0.0979,-9.644,1.0,0.0464,114.931,4.0
Normal No More,TYSM,0.545,0.773,199579.0,0.533,0.000974,7.0,0.11,-8.536,1.0,0.0481,95.029,4.0
North Memphis,Pharmacist,0.000136,0.716,135827.0,0.942,0.836,1.0,0.0663,-6.116,1.0,0.0565,167.371,4.0
Not Allowed,TV Girl,0.669,0.67,167864.0,0.905,0.000227,1.0,0.349,-6.855,1.0,0.129,104.965,4.0
Not Angry,Chris James,0.646,0.853,199687.0,0.314,0.000211,5.0,0.107,-12.418,0.0,0.065,123.974,4.0
Not Around,Low Roar,0.674,0.378,315636.0,0.242,0.537,2.0,0.0864,-16.962,1.0,0.0317,158.085,3.0
Not Into You,Brooksie,0.221,0.641,157800.0,0.678,0.573,3.0,0.279,-4.943,1.0,0.0355,100.035,4.0
Not Ok - Frank Walker Remix,Kygo,0.0337,0.679,183934.0,0.866,0.0,2.0,0.0688,-3.754,1.0,0.0566,121.927,4.0
Not Sad Anymore,Clara Mae,0.761,0.675,195564.0,0.523,3.17e-06,1.0,0.109,-7.598,1.0,0.0444,94.025,4.0
Not Today,Unlike Pluto,0.195,0.61,181538.0,0.688,0.0,6.0,0.0833,-6.283,0.0,0.0559,156.138,4.0
Nothing,Bruno Major,0.931,0.555,162797.0,0.27,0.544,2.0,0.103,-15.892,1.0,0.0888,139.681,3.0
Nothing Comes Close,Craig Reever,0.16,0.611,180036.0,0.801,0.0,7.0,0.0942,-4.435,0.0,0.0777,171.906,4.0
Nothing Else Matters - Jungle Cruise Version Part 1,James Newton Howard,0.873,0.439,86907.0,0.278,0.929,4.0,0.116,-20.265,0.0,0.0303,150.176,3.0
Nothing Ever Changes,Nico Collins,0.183,0.585,204504.0,0.866,0.0,9.0,0.117,-3.744,0.0,0.0659,91.896,4.0
Nothing Ever Changes - Acoustic,Nico Collins,0.521,0.59,201212.0,0.584,0.0,9.0,0.15,-4.009,0.0,0.0459,91.954,4.0
Nothing's Gonna Change My Love For You,Shania Yan,0.899,0.641,199939.0,0.314,0.0,6.0,0.0704,-13.316,1.0,0.0894,135.795,4.0
Nothing's the Same,Alexander 23,0.492,0.736,175135.0,0.308,0.00248,11.0,0.179,-11.543,1.0,0.0421,132.767,4.0
Notion,The Rare Occasions,0.0673,0.309,195121.0,0.883,0.00111,9.0,0.0849,-3.825,1.0,0.0808,159.488,4.0
Nova Scotia 500,Boyscott,0.0532,0.604,192542.0,0.768,0.721,6.0,0.36,-4.515,0.0,0.0294,135.091,4.0
Now,Landon Austin,0.732,0.589,216585.0,0.271,0.0,8.0,0.0902,-10.835,1.0,0.0341,122.946,4.0
Now Or Never,Halsey,0.107,0.67,214802.0,0.585,1.11e-06,6.0,0.131,-4.861,0.0,0.0354,110.03,4.0
Now Or Never,High School Musical Cast,0.112,0.747,270733.0,0.983,0.0,5.0,0.706,-3.883,0.0,0.181,114.993,4.0
Now That You're Gone,Lewis Ross,0.911,0.385,281253.0,0.076,0.000241,2.0,0.104,-14.826,1.0,0.0322,98.527,4.0
Ntr\mssion,Linkin Park,0.994,0.45,29400.0,0.0585,0.969,4.0,0.669,-25.115,1.0,0.154,206.529,4.0
Nuance,Alec Benjamin,0.682,0.61,172854.0,0.54,0.0,6.0,0.117,-6.032,1.0,0.0459,95.062,4.0
Numb,Arc North,0.0144,0.659,130677.0,0.838,0.0,6.0,0.13,-2.79,0.0,0.136,123.95,4.0
Numb,Linkin Park,0.0046,0.496,185587.0,0.863,0.0,9.0,0.639,-4.153,1.0,0.0381,110.018,4.0
Numb / Encore,JAY-Z,0.0603,0.687,205733.0,0.793,0.0,2.0,0.582,-4.254,1.0,0.166,107.045,4.0
Numb Little Bug,Em Beihold,0.327,0.742,169238.0,0.527,0.0,8.0,0.25,-6.892,0.0,0.0769,84.974,4.0
Nutshell,Alice In Chains,0.373,0.384,259200.0,0.561,0.253,3.0,0.0775,-10.059,0.0,0.0296,136.136,3.0
O Jaana,Raju Singh,0.0565,0.708,269720.0,0.826,0.0104,2.0,0.27,-5.942,0.0,0.0426,94.022,4.0
O O Jaane Jaana,Kamaal Khan,0.122,0.781,345240.0,0.766,0.000104,7.0,0.121,-8.728,1.0,0.0564,106.193,4.0
O Re Piya,Salim–Sulaiman,0.779,0.586,379768.0,0.532,0.000565,11.0,0.124,-8.837,0.0,0.0328,99.994,4.0
O'Meri Laila,Atif Aslam,,,,,,,,,,,,
OBELISK,STAYSOLD,0.0428,0.629,162833.0,0.558,0.834,1.0,0.155,-7.422,1.0,0.274,119.991,4.0
ODIUM,LXST CXNTURY,0.163,0.708,166579.0,0.781,0.885,11.0,0.392,-8.267,0.0,0.0638,74.997,4.0
OH NO!,Cody Lovaas,0.206,0.722,171186.0,0.398,1.39e-06,7.0,0.207,-5.465,0.0,0.0857,82.986,4.0
OK Not To Be OK,Marshmello,0.0172,0.743,159863.0,0.837,0.0,1.0,0.0743,-5.025,0.0,0.0649,103.072,4.0
OLIVIA,Softwilly,0.119,0.55,143587.0,0.88,0.0,8.0,0.109,-4.659,1.0,0.0368,160.509,4.0
OMEN,ZODIVK,0.000493,0.711,114031.0,0.867,0.603,0.0,0.211,-5.749,1.0,0.246,119.973,4.0
ONE PUNCH,Aries,0.131,0.643,145371.0,0.617,0.0,4.0,0.258,-5.217,1.0,0.0405,87.502,4.0
OUT OF NOTHING,HXVRMXN,0.0146,0.631,155897.0,0.867,0.011,11.0,0.41,-2.441,0.0,0.234,167.969,4.0
OUT WEST (feat. Young Thug),JACKBOYS,0.0104,0.802,157712.0,0.591,0.0,8.0,0.196,-4.895,1.0,0.225,139.864,4.0
OVERDO$E,Pharmacist,0.000711,0.707,181604.0,0.772,0.924,0.0,0.194,-3.273,1.0,0.109,150.028,4.0
"Obito's Death (From ""Naruto Shippuden"")",daigoro789,,,,,,,,,,,,
Obliterate,Yvetzal,0.0192,0.789,132046.0,0.937,0.155,11.0,0.301,-2.038,1.0,0.133,135.042,4.0
Oblivion,M83,0.00317,0.399,356674.0,0.612,0.33,4.0,0.127,-7.814,0.0,0.0358,128.167,4.0
Oblivion,Rufi-O,0.975,0.714,152920.0,0.131,0.904,5.0,0.354,-21.958,1.0,0.0556,113.032,4.0
Obnimi (Remix),Okean Elzi,0.199,0.714,229671.0,0.845,0.00762,7.0,0.372,-4.234,0.0,0.0856,75.985,4.0
Obvious Bicycle,Vampire Weekend,0.417,0.661,251253.0,0.282,0.000156,9.0,0.227,-12.489,1.0,0.0542,89.997,4.0
Ocean,Alok,0.197,0.655,174002.0,0.684,0.0036,0.0,0.278,-5.18,1.0,0.0269,110.037,4.0
Oceans (Where Feet May Fail),Hillsong UNITED,0.508,0.262,535963.0,0.361,0.00268,2.0,0.108,-10.187,1.0,0.0333,126.786,4.0
Oceansplash,Living Room,0.939,0.684,123429.0,0.177,0.913,0.0,0.119,-18.859,1.0,0.0693,139.912,4.0
October Baby,Sean Kennedy,0.0123,0.33,244302.0,0.523,0.0117,6.0,0.265,-9.854,1.0,0.0325,180.088,4.0
Odyssey,Johnny Harris,0.034,0.686,343441.0,0.934,0.857,7.0,0.444,-6.597,1.0,0.0508,110.544,4.0
Off,Jake Scott,0.424,0.659,165604.0,0.29,0.0,6.0,0.118,-11.773,1.0,0.187,187.679,4.0
Offo,Aditi Singh Sharma,0.0158,0.799,213942.0,0.609,0.0,3.0,0.0642,-6.729,1.0,0.0448,130.031,4.0
Offshore,Atlis,0.945,0.529,125053.0,0.199,0.834,3.0,0.381,-22.807,1.0,0.0321,95.048,4.0
Oh Caroline,The 1975,0.363,0.646,212568.0,0.85,4.01e-05,2.0,0.0994,-5.466,1.0,0.0428,96.538,4.0
Oh Girl You're Mine .,Tarun Sagar,0.472,0.875,235706.0,0.625,0.0153,1.0,0.0464,-7.28,1.0,0.0495,111.034,4.0
Oh Ho Ho Ho (Remix),Sukhbir,0.00917,0.676,244417.0,0.935,0.0,5.0,0.097,-3.499,0.0,0.0892,144.944,4.0
Oh Ms Believer,Twenty One Pilots,0.612,0.501,217000.0,0.328,0.0,0.0,0.15,-8.329,1.0,0.0255,73.326,4.0
Oh My God,Alec Benjamin,0.652,0.696,187728.0,0.565,2.12e-06,5.0,0.121,-7.241,0.0,0.0598,156.109,4.0
Oh Nah Yeah,CHAII,0.0746,0.707,130083.0,0.825,0.246,3.0,0.257,-7.593,0.0,0.141,123.974,4.0
Oh shit…are we in love?,Valley,0.0576,0.697,155385.0,0.515,1.81e-06,6.0,0.294,-6.335,1.0,0.0502,95.086,4.0
Oh! Student and Teacher Affection,Kato,0.996,0.718,53442.0,0.00492,0.973,11.0,0.0867,-31.414,0.0,0.114,36.729,4.0
Oh! Student and Teacher Affection Piano,Kato,0.991,0.79,54960.0,0.00885,0.945,2.0,0.106,-28.05,1.0,0.0724,110.027,5.0
Old Downtown,Camp Claude,0.211,0.676,169907.0,0.449,0.00475,1.0,0.129,-7.058,0.0,0.0399,87.937,4.0
Old Insecurities,Winona Oak,0.725,0.384,201747.0,0.513,2.92e-05,11.0,0.131,-8.664,0.0,0.0567,104.878,4.0
Old Me,5 Seconds of Summer,0.313,0.722,186786.0,0.62,0.0,0.0,0.26,-3.639,1.0,0.0483,127.978,4.0
Old Town Road,Lil Nas X,0.0533,0.878,157067.0,0.619,0.0,6.0,0.113,-5.56,1.0,0.102,136.041,4.0
Old Town Road - Remix,Lil Nas X,0.0533,0.878,157067.0,0.619,0.0,6.0,0.113,-5.56,1.0,0.102,136.041,4.0
Older,Alec Benjamin,0.59,0.539,164396.0,0.489,0.0,2.0,0.197,-8.456,1.0,0.0635,84.211,4.0
Older,Sasha Alex Sloan,0.732,0.628,184893.0,0.298,0.0,11.0,0.116,-9.539,1.0,0.0713,63.762,4.0
Omake-Pfadlib,Hiroyuki Sawano,0.982,0.323,211533.0,0.131,0.912,0.0,0.0697,-21.845,0.0,0.0639,168.702,4.0
On A Mountain - Flume Remix,Danny L Harle,0.0122,0.427,177767.0,0.685,0.00164,5.0,0.115,-3.7,0.0,0.0791,154.87,4.0
On Accident,Nico Collins,0.107,0.774,202003.0,0.819,0.0,1.0,0.38,-3.535,1.0,0.0946,115.966,4.0
On Guard (feat. 6lack),Lauren Jauregui,0.631,0.386,206040.0,0.331,0.000148,10.0,0.12,-9.706,1.0,0.241,180.827,4.0
On My Own,Ashes Remain,0.0119,0.361,172960.0,0.871,0.0,8.0,0.318,-4.313,1.0,0.0393,176.026,4.0
On My Own,Darci,0.0324,0.767,171692.0,0.593,4.5e-06,4.0,0.0878,-5.901,1.0,0.0413,130.007,4.0
On My Own,Jaden,0.0214,0.344,244720.0,0.843,0.00345,1.0,0.189,-3.711,0.0,0.0422,97.5,4.0
On My Way,Alan Walker,0.0209,0.509,193798.0,0.689,0.0,1.0,0.301,-4.929,0.0,0.102,170.087,4.0
On My Way,Axwell /\ Ingrosso,0.0583,0.646,264800.0,0.814,6.42e-05,0.0,0.118,-4.547,1.0,0.0433,127.978,4.0
On Our Way,The Royal Concept,0.0084,0.581,193853.0,0.793,0.0,1.0,0.183,-5.949,1.0,0.0914,130.902,4.0
On Top Of The World,Imagine Dragons,0.0893,0.635,189840.0,0.926,4.53e-06,0.0,0.0928,-5.589,1.0,0.151,100.048,4.0
On the Edge,Zackery,0.871,0.608,160000.0,0.276,0.0,3.0,0.097,-8.968,1.0,0.0389,133.223,3.0
On the Low,Justin Park,0.203,0.68,181379.0,0.53,0.0,0.0,0.115,-6.854,0.0,0.209,87.008,4.0
"Once In a Long, Long While...",Low Roar,0.00572,0.19,316525.0,0.323,0.807,5.0,0.19,-10.452,1.0,0.0288,102.85,4.0
Once a Day,Connie Smith,0.451,0.502,140120.0,0.353,0.0,6.0,0.0583,-9.957,1.0,0.0317,136.746,4.0
"Once, There Was an Explosion",Ludvig Forssell,0.383,0.221,187173.0,0.37,0.895,7.0,0.0977,-15.633,0.0,0.049,129.5,3.0
One Call Away,Charlie Puth,0.403,0.667,194453.0,0.613,0.0,1.0,0.115,-5.353,1.0,0.0344,91.024,4.0
One Dance,Drake,0.00776,0.792,173987.0,0.625,0.0018,1.0,0.329,-5.609,1.0,0.0536,103.967,4.0
One Final Effort,Martin O'Donnell,0.245,0.35,188533.0,0.735,0.686,4.0,0.252,-12.142,0.0,0.0516,187.465,3.0
One Foot in Front of the Other,Griff,0.48,0.798,192075.0,0.723,0.0,6.0,0.104,-4.913,1.0,0.0568,112.043,4.0
One For the Money,Escape the Fate,0.000328,0.525,199950.0,0.964,5.5e-06,5.0,0.0527,-3.451,0.0,0.0571,90.013,4.0
One Last Time,Ariana Grande,0.093,0.628,197267.0,0.593,1.65e-06,8.0,0.096,-5.036,1.0,0.0323,125.026,4.0
One Love,Blue,0.0243,0.683,207187.0,0.722,4.2e-05,8.0,0.35,-4.039,0.0,0.0358,95.012,4.0
One More Light,Linkin Park,0.904,0.593,255067.0,0.2,0.0,8.0,0.0897,-11.063,1.0,0.0311,83.966,4.0
One More Night,Maroon 5,0.0444,0.718,219467.0,0.82,0.0,5.0,0.0846,-3.453,0.0,0.0323,92.998,4.0
One More Weekend,Maude Latour,0.537,0.627,142830.0,0.565,0.0,3.0,0.214,-6.922,1.0,0.122,131.083,3.0
One Of Us,ABBA,0.584,0.62,234573.0,0.643,7.04e-05,7.0,0.0734,-6.806,1.0,0.0385,82.186,4.0
One Right Now (with The Weeknd),Post Malone,0.0361,0.687,193507.0,0.781,0.0,1.0,0.0755,-4.806,1.0,0.053,97.014,4.0
One Step Closer,Linkin Park,0.0014,0.492,157333.0,0.969,1.32e-06,9.0,0.0787,-4.419,1.0,0.0491,95.136,4.0
One Step Forward,Direct,0.97,0.436,199227.0,0.277,0.88,1.0,0.108,-18.599,0.0,0.0518,100.024,4.0
One Step Forward,The Desert Rose Band,0.386,0.658,207107.0,0.686,0.00281,11.0,0.304,-11.356,1.0,0.0306,135.397,4.0
One Thing Right,Marshmello,0.0644,0.659,181824.0,0.625,0.0,4.0,0.582,-2.253,1.0,0.045,88.042,4.0
One Thing Right - PMP Remix,Marshmello,0.0415,0.564,228706.0,0.715,0.0,6.0,0.0923,-4.631,0.0,0.163,169.98,4.0
One Thought Away (feat. Wiz Khalifa),Asher Angel,0.116,0.72,174898.0,0.749,0.0,3.0,0.274,-6.348,1.0,0.0748,90.006,4.0
One Track Mind,Raffertie,0.00543,0.738,621659.0,0.71,0.0657,8.0,0.124,-9.715,1.0,0.0592,122.022,4.0
One Wrong Turn,Alec Benjamin,0.419,0.524,166140.0,0.727,1.53e-06,7.0,0.094,-5.194,0.0,0.0492,107.647,4.0
Only,NF,0.208,0.868,225440.0,0.654,0.0,9.0,0.187,-4.832,0.0,0.0766,138.02,4.0
Only A Lifetime,FINNEAS,0.95,0.598,256759.0,0.115,0.0,2.0,0.106,-13.856,1.0,0.0461,103.402,4.0
Only For You,Lund,0.0111,0.725,228938.0,0.523,0.00173,0.0,0.0954,-5.258,1.0,0.0315,130.006,4.0
Only Girl (In The World),Rihanna,0.112,0.789,235493.0,0.706,1.71e-05,11.0,0.0586,-4.233,0.0,0.0429,125.911,4.0
Only Knew,Rootkit,0.0547,0.364,176207.0,0.702,0.000148,10.0,0.74,-6.358,0.0,0.0488,173.97,4.0
Only Love Can Hurt Like This - Sped Up Version,Paloma Faith,0.102,0.554,257744.0,0.854,9.26e-05,6.0,0.554,-6.263,0.0,0.0567,82.012,4.0
Only Ones Who Know,Arctic Monkeys,0.899,0.257,181480.0,0.409,0.00293,7.0,0.109,-10.828,0.0,0.0363,145.759,5.0
Only When I Look into Your Eyes,Fiji Blue,0.0566,0.725,199167.0,0.694,4.54e-05,10.0,0.468,-5.49,1.0,0.039,117.962,4.0
Only You (with Little Mix),Cheat Codes,,,,,,,,,,,,
Ons,Huma,0.957,0.111,193240.0,0.0185,0.94,0.0,0.087,-32.335,1.0,0.0424,76.153,3.0
Oops (feat. Charlie Puth),Little Mix,0.424,0.831,204760.0,0.657,0.0,11.0,0.132,-4.161,0.0,0.0482,105.0,4.0
Open Door,Mike Shinoda,0.00657,0.684,185966.0,0.809,0.0,11.0,0.249,-5.588,0.0,0.0356,92.004,4.0
Open Sea,Yasumu,0.672,0.59,150366.0,0.128,0.912,6.0,0.216,-14.127,0.0,0.0782,82.008,4.0
Opening,Linkin Park,0.641,0.16,67560.0,0.163,0.335,1.0,0.0784,-16.565,0.0,0.0382,80.726,4.0
Ophelia,The Lumineers,0.613,0.664,160097.0,0.573,0.000363,5.0,0.0857,-6.519,1.0,0.0277,76.023,4.0
Opposites Attract,Great Good Fine Ok,0.154,0.65,157693.0,0.708,1.38e-05,11.0,0.19,-5.05,1.0,0.145,159.557,4.0
Options,NF,0.523,0.808,206040.0,0.768,1.98e-05,8.0,0.101,-4.899,1.0,0.099,141.006,4.0
"Orchestral Suite No. 3 in D Major, BWV 1068: II. Air ""On a G String"" (Arr. for Piano)",Johann Sebastian Bach,0.996,0.458,328800.0,0.0108,0.938,2.0,0.0724,-29.707,1.0,0.0535,115.141,4.0
Organ Variation,Hans Zimmer,0.933,0.179,291805.0,0.00256,0.861,5.0,0.0826,-31.258,1.0,0.0421,66.138,4.0
"Orochimaru's Theme (From ""Naruto"")",Akatsuki no Team,,,,,,,,,,,,
Other Me,Biting Elbows,0.827,0.614,217171.0,0.302,0.00953,1.0,0.112,-11.098,1.0,0.0305,118.161,4.0
Ottoman,Vampire Weekend,0.113,0.841,242267.0,0.63,0.00296,2.0,0.129,-7.331,1.0,0.0273,108.983,4.0
Ottomatic,Oliver,0.00449,0.419,281893.0,0.843,0.363,9.0,0.106,-5.09,1.0,0.0664,100.004,4.0
Our House (The Mess We Made),You Me At Six,0.0078,0.633,220528.0,0.766,0.00286,0.0,0.252,-6.696,1.0,0.0445,133.015,4.0
Our Song,Anne-Marie,0.127,0.572,163733.0,0.759,0.0,2.0,0.224,-4.312,1.0,0.0506,80.95,4.0
Our Way Out,Nico Collins,0.237,0.565,243004.0,0.881,0.0,4.0,0.34,-4.917,0.0,0.0839,118.055,4.0
Ours,Taylor Swift,0.537,0.608,237920.0,0.569,0.0,0.0,0.097,-7.227,1.0,0.0284,159.845,4.0
Out Like a Light,The Honeysticks,0.17,0.522,256019.0,0.458,0.00244,11.0,0.072,-7.785,1.0,0.0275,125.973,3.0
Out Of Love,Alessia Cara,0.8,0.481,227693.0,0.267,0.0,7.0,0.249,-9.249,1.0,0.0339,117.64,3.0
Out Of Time,Lund,0.574,0.686,193853.0,0.436,0.0,1.0,0.0955,-8.865,1.0,0.0336,119.959,4.0
Out Of Touch,CUT_,0.375,0.726,241920.0,0.6,0.452,0.0,0.0963,-10.993,0.0,0.0389,124.995,4.0
Out in the City,RYYZN,0.145,0.843,139174.0,0.667,3.34e-05,7.0,0.194,-6.054,1.0,0.0276,100.046,4.0
Outerspace,BEAUZ,0.00987,0.586,174084.0,0.861,7.17e-05,0.0,0.128,-3.089,0.0,0.0617,142.16,4.0
Outlines,Sleeping At Last,0.835,0.282,215320.0,0.434,0.336,0.0,0.0559,-10.445,1.0,0.043,150.13,4.0
Outro,M83,0.0301,0.226,247027.0,0.261,0.0677,2.0,0.0628,-11.276,1.0,0.0339,108.915,4.0
Outrunning Karma,Alec Benjamin,0.655,0.416,188851.0,0.649,2.82e-06,11.0,0.12,-5.271,0.0,0.0385,112.482,3.0
Outside,Fiji Blue,0.0924,0.587,174082.0,0.639,4.53e-06,6.0,0.269,-6.883,0.0,0.0769,94.927,4.0
Over Soon,Egypt Central,0.0117,0.453,204832.0,0.888,5.26e-06,8.0,0.0879,-3.761,0.0,0.0528,96.548,4.0
Over You,Mokita,0.329,0.666,180961.0,0.501,0.0,2.0,0.175,-8.931,1.0,0.0548,141.941,4.0
Over the Influence,The Neighbourhood,0.147,0.333,220760.0,0.487,0.0751,7.0,0.0801,-8.169,1.0,0.0342,188.908,3.0
Over the Phone,Ralph Alvern,0.522,0.763,256906.0,0.562,2.08e-06,3.0,0.107,-7.984,0.0,0.0403,143.002,4.0
Overcome,Haley Bennett,0.878,0.436,266413.0,0.346,0.0,3.0,0.109,-10.353,1.0,0.0322,147.85,4.0
Overdrive,Conan Gray,0.0101,0.568,183070.0,0.788,0.0,5.0,0.141,-6.28,1.0,0.0377,104.959,4.0
Overdue,Conro,0.00885,0.761,168880.0,0.747,0.271,1.0,0.133,-8.217,1.0,0.0475,105.029,4.0
Override,KSLV Noh,0.00477,0.688,114625.0,0.761,0.414,4.0,0.175,-4.607,0.0,0.163,111.011,4.0
Overthinker,WILLIS,0.429,0.562,209642.0,0.53,0.267,1.0,0.109,-8.302,0.0,0.0277,153.871,4.0
Overthinking,Mickey Valen,0.166,0.721,140745.0,0.726,0.0,0.0,0.209,-3.778,0.0,0.0297,93.99,4.0
"Overture (Suite) No. 2 in B Minor, BWV 1067: VII. Badinerie",Johann Sebastian Bach,0.847,0.515,90107.0,0.269,0.0897,11.0,0.0757,-21.859,0.0,0.037,130.998,4.0
Overwhelmed (Ryan Mack Remix),Ryan Mack,0.161,0.658,103240.0,0.445,0.0,0.0,0.0845,-8.749,0.0,0.154,174.111,4.0
Oxford Comma,Vampire Weekend,0.111,0.692,195733.0,0.717,0.00123,0.0,0.044,-4.226,1.0,0.0498,119.902,4.0
Oxygen,Winona Oak,0.162,0.639,192080.0,0.601,0.0,7.0,0.0791,-5.839,0.0,0.0519,116.045,4.0
Oz.,yama,0.0519,0.355,195867.0,0.718,3.59e-06,7.0,0.382,-4.625,1.0,0.0353,75.742,4.0
P5hng Me A*wy (Mike Shinoda Reanimation) [feat. Stephen Richards],Linkin Park,0.0376,0.556,277973.0,0.774,0.00315,3.0,0.0538,-6.342,0.0,0.0419,103.188,4.0
PANIC ATTACK,PANICX,0.17,0.536,82497.0,0.717,0.299,0.0,0.0661,-6.515,1.0,0.506,118.491,3.0
PARADIGMA,MC ORSEN,0.381,0.853,138240.0,0.851,0.845,10.0,0.0949,-5.106,0.0,0.0392,124.993,4.0
PARADISE,Amber Liu,0.26,0.71,182962.0,0.645,3.23e-05,0.0,0.0947,-8.404,0.0,0.0688,98.958,4.0
PARAMOUR (feat. AURORA),Sub Urban,0.553,0.716,168434.0,0.465,1.14e-06,2.0,0.771,-7.818,1.0,0.236,165.836,4.0
PILL BREAKER (feat. blackbear & Machine Gun Kelly),Trippie Redd,0.016,0.527,177059.0,0.79,0.0,2.0,0.37,-6.268,1.0,0.0788,153.034,3.0
PINK ROLEX,blackbear,0.255,0.651,136765.0,0.609,0.0,0.0,0.452,-9.169,1.0,0.447,136.152,4.0
POLTERGEIST,FORGOTTENAGE,0.00143,0.794,140182.0,0.962,0.791,1.0,0.0845,-3.064,1.0,0.0693,109.998,4.0
POTION,Lund,0.202,0.602,163478.0,0.705,0.0,0.0,0.312,-11.8,1.0,0.0999,138.008,4.0
PRINCE OF DARKNESS,SHADXWBXRN,0.153,0.685,123871.0,0.93,0.841,8.0,0.168,-4.65,1.0,0.0398,124.011,4.0
PSYCHO,DREAMDNVR,0.149,0.759,198814.0,0.68,0.0,11.0,0.421,-7.635,0.0,0.0363,118.018,4.0
PURE MONSTROSITY,PlayaPhonk,0.0245,0.605,136395.0,0.682,0.857,1.0,0.263,-6.874,1.0,0.108,124.941,4.0
Pacify Her,Melanie Martinez,0.0467,0.576,220013.0,0.593,0.000767,9.0,0.237,-6.024,0.0,0.0306,157.993,4.0
Padam padam,Édith Piaf,0.78,0.385,197627.0,0.283,0.0,5.0,0.0726,-8.013,0.0,0.0546,179.547,3.0
Pain,PinkPantheress,0.227,0.829,98544.0,0.617,0.00306,1.0,0.0618,-8.497,1.0,0.14,125.605,4.0
Painful Truth,Em Beihold,0.699,0.731,208867.0,0.452,1.38e-06,9.0,0.0827,-8.116,0.0,0.0608,120.032,4.0
Painkiller,Ruel,0.0875,0.683,213507.0,0.42,0.0,5.0,0.225,-6.51,1.0,0.0542,128.621,4.0
Painter,Austin Blue,0.181,0.625,266249.0,0.354,0.0207,4.0,0.141,-11.014,0.0,0.0282,109.995,4.0
Painting My Thoughts,Obie Hans,0.7,0.745,149831.0,0.383,0.954,9.0,0.108,-17.446,1.0,0.0614,80.005,4.0
Pal,Arijit Singh,0.132,0.411,270676.0,0.729,0.0,9.0,0.177,-4.738,0.0,0.0983,96.053,3.0
Pal,Javed-Mohsin,0.71,0.51,247286.0,0.502,0.0,7.0,0.0708,-7.016,0.0,0.0325,133.885,4.0
Palace in The Sky,Kainbeats,0.948,0.638,153103.0,0.0727,0.919,4.0,0.183,-21.77,1.0,0.0336,116.126,4.0
Pale Yellow,Woodkid,0.281,0.53,250040.0,0.433,0.00746,4.0,0.116,-10.494,0.0,0.0482,120.944,4.0
Pancakes for Dinner,Lizzy McAlpine,0.759,0.753,235035.0,0.266,0.0,11.0,0.11,-11.453,1.0,0.0478,142.026,4.0
Panic Room,Au/Ra,0.152,0.495,237773.0,0.426,5.65e-06,8.0,0.099,-9.434,1.0,0.0736,97.91,4.0
Paparazzi,Lady Gaga,0.113,0.762,208307.0,0.692,0.0,5.0,0.094,-3.973,0.0,0.0438,114.906,4.0
Paper Planes,Elina,0.543,0.529,199981.0,0.351,0.0,1.0,0.0851,-12.484,1.0,0.0368,147.815,4.0
Pappu Can't Dance,Benny Dayal,0.00335,0.668,264986.0,0.746,0.00031,1.0,0.0773,-7.592,1.0,0.0603,119.696,4.0
Paquita: Variation 5: Allegro non troppo (by Cherepnin),Ludwig Minkus,0.934,0.441,65800.0,0.077,0.918,4.0,0.0922,-23.197,0.0,0.0458,140.461,4.0
Parabola,Official HIGE DANdism,0.00888,0.597,305813.0,0.769,0.0,0.0,0.191,-6.081,0.0,0.032,124.011,4.0
Paradise,Golden Features,0.493,0.713,215253.0,0.703,0.555,11.0,0.134,-9.452,0.0,0.0501,120.01,4.0
Paradise,The Neighbourhood,0.209,0.677,209600.0,0.716,0.0465,2.0,0.248,-5.791,0.0,0.0348,83.004,4.0
Paradise City,Guns N' Roses,0.0192,0.268,405600.0,0.98,0.00709,11.0,0.182,-5.958,1.0,0.103,100.315,4.0
Param Sundari,A.R. Rahman,0.192,0.815,200219.0,0.761,0.0,4.0,0.0272,-7.162,0.0,0.144,121.999,4.0
Paravashanadenu,Sonu Nigam,0.72,0.635,235833.0,0.299,5.69e-05,1.0,0.132,-13.585,0.0,0.0384,83.983,4.0
Paris,Sabrina Carpenter,0.0482,0.576,218080.0,0.671,0.0,2.0,0.114,-6.408,0.0,0.0474,114.839,4.0
Paris,The Chainsmokers,0.0215,0.653,221507.0,0.658,1.66e-06,2.0,0.0939,-6.428,1.0,0.0304,99.99,4.0
Paris in the Rain,Lauv,0.771,0.406,204712.0,0.408,7.88e-06,3.0,0.394,-9.419,1.0,0.053,79.705,4.0
Parking Lots,Plums,0.0203,0.488,206354.0,0.763,0.37,1.0,0.343,-5.331,0.0,0.03,155.663,4.0
Part of Me,Noah Kahan,0.0677,0.689,239027.0,0.687,0.0,7.0,0.0805,-7.832,1.0,0.0376,109.986,4.0
Participation Trophies,Madelline,0.0108,0.644,202442.0,0.474,0.00615,1.0,0.104,-7.705,1.0,0.036,178.009,4.0
Party All Night,Yo Yo Honey Singh,0.203,0.854,282793.0,0.738,0.0,6.0,0.298,-5.388,0.0,0.231,129.989,4.0
Party On My Mind,KK,0.0188,0.715,222133.0,0.864,0.0,11.0,0.719,-5.013,0.0,0.0751,122.016,4.0
Pasoori,Shae Gill,0.0657,0.714,224147.0,0.596,0.0,11.0,0.0625,-6.206,0.0,0.043,91.991,4.0
Passin' Me By,The Pharcyde,0.0903,0.759,303493.0,0.756,2.36e-06,4.0,0.265,-8.145,0.0,0.266,87.059,4.0
Passing By,Yasumu,0.403,0.752,114353.0,0.251,0.887,0.0,0.106,-13.532,0.0,0.508,170.014,4.0
Past Life,Trevor Daniel,0.102,0.575,186480.0,0.543,0.0,3.0,0.176,-5.062,1.0,0.0529,159.905,4.0
Past Lives,11:11 Music Group,0.916,0.73,134583.0,0.125,0.0725,3.0,0.0783,-17.216,1.0,0.034,116.058,4.0
Pasta,New Rules,0.474,0.634,177561.0,0.58,0.0,1.0,0.0891,-3.812,1.0,0.0505,88.765,4.0
Path,Apocalyptica,0.000294,0.408,186000.0,0.564,0.873,8.0,0.0744,-8.101,1.0,0.0323,105.083,4.0
Path Vol. 2,Apocalyptica,0.00058,0.447,204440.0,0.686,0.0136,8.0,0.0871,-5.544,1.0,0.0357,105.017,4.0
Patience,Low Roar,0.882,0.182,345307.0,0.141,0.728,2.0,0.0934,-13.949,1.0,0.0374,99.836,4.0
Patient,Charlie Puth,0.752,0.675,190533.0,0.604,0.0,1.0,0.111,-6.266,1.0,0.193,168.034,4.0
Patrick Spens,Michiel Schrey,0.748,0.732,112013.0,0.668,0.0,2.0,0.0473,-6.394,1.0,0.123,95.03,4.0
Paul - Skit,Paul Rosenberg,0.993,0.636,35240.0,0.335,0.0,11.0,0.342,-13.327,1.0,0.966,161.68,4.0
Payback (feat. Icona Pop),Cheat Codes,0.113,0.672,203412.0,0.8,0.000302,7.0,0.132,-4.919,0.0,0.0372,118.013,4.0
Peaches,TYLERxCORDY,0.522,0.518,124615.0,0.654,2.18e-06,0.0,0.0889,-5.965,1.0,0.259,78.257,4.0
Peaches (feat. Anne-Marie),Diljit Dosanjh,0.386,0.633,189882.0,0.567,0.0,4.0,0.069,-7.296,0.0,0.113,85.297,4.0
Peaches (feat. Daniel Caesar & Giveon),Justin Bieber,0.321,0.677,198082.0,0.696,0.0,0.0,0.42,-6.181,1.0,0.119,90.03,4.0
Peaches Etude,FINNEAS,0.964,0.199,135518.0,0.0877,0.932,2.0,0.106,-18.146,1.0,0.0643,61.901,3.0
"Peer Gynt, Op. 23: IV. In the Hall of the Mountain King",Edvard Grieg,0.926,0.442,144733.0,0.216,0.944,7.0,0.144,-17.569,1.0,0.0555,118.779,4.0
"Peer Gynt-Suite Nr. 1, Op. 46: I. Morgenstemning (Morning Mood)",Edvard Grieg,0.986,0.0717,235533.0,0.0169,0.856,4.0,0.113,-24.581,1.0,0.0437,73.658,3.0
Pehli Dafa,Atif Aslam,0.844,0.679,298771.0,0.537,3.34e-06,4.0,0.108,-7.843,1.0,0.0322,111.979,4.0
Pehli Nazar Mein,Atif Aslam,0.251,0.488,312893.0,0.57,0.0,9.0,0.107,-5.602,1.0,0.0775,169.702,4.0
Penny Rabbit and Summer Bear,Kishi Bashi,0.596,0.437,213587.0,0.563,0.00413,7.0,0.23,-7.91,1.0,0.0283,110.266,4.0
People Disappear All the Time,Bear McCreary,0.861,0.225,212013.0,0.17,0.783,7.0,0.146,-18.781,1.0,0.0353,71.831,4.0
People Say Things Change,Air Review,0.304,0.56,259122.0,0.423,0.0513,0.0,0.109,-11.695,1.0,0.0435,80.993,4.0
People Watching,Conan Gray,0.381,0.53,158537.0,0.592,0.0,5.0,0.294,-7.281,1.0,0.0534,125.721,4.0
"People, I've been sad",Christine and the Queens,0.253,0.627,260877.0,0.378,0.000104,1.0,0.143,-9.1,0.0,0.0382,77.982,4.0
Pepas - Tiësto Remix,Farruko,0.00215,0.769,223385.0,0.688,0.107,7.0,0.088,-4.378,1.0,0.0501,130.026,4.0
Perfect Day,supercell,0.0941,0.417,286373.0,0.793,0.0,4.0,0.0935,-3.072,1.0,0.0438,155.015,4.0
Perfect Melody,Jonas Blue,0.104,0.815,159850.0,0.771,0.0027,8.0,0.067,-6.052,0.0,0.0392,117.941,4.0
Perfect Strangers,Jonas Blue,0.39,0.73,196613.0,0.861,0.0,1.0,0.213,-4.1,1.0,0.0451,117.965,4.0
Perfect Strangers - Acoustic,Jonas Blue,0.752,0.607,191206.0,0.669,0.0,0.0,0.105,-4.443,1.0,0.0384,115.682,4.0
Perfectly Imperfect,Declan J Donovan,0.649,0.698,204309.0,0.367,0.0,2.0,0.119,-5.811,1.0,0.0329,104.853,3.0
Perfectly Wrong,Shawn Mendes,0.872,0.361,212773.0,0.311,0.0,2.0,0.0987,-11.748,0.0,0.0369,89.362,4.0
Permanence,David Guetta,0.0564,0.32,231290.0,0.799,0.584,2.0,0.31,-10.464,1.0,0.389,165.492,3.0
Permanent Residence,nodisco.,0.26,0.733,231356.0,0.651,0.0,10.0,0.331,-5.028,1.0,0.056,148.036,4.0
Personal,HRVY,0.114,0.755,198040.0,0.536,0.0,8.0,0.0282,-5.605,1.0,0.12,138.969,4.0
Perspective,CaliCronk,0.699,0.865,109500.0,0.255,0.673,2.0,0.0926,-12.425,0.0,0.0776,79.958,4.0
Perspectives,Yasumu,0.701,0.767,124012.0,0.165,0.822,8.0,0.109,-14.837,0.0,0.421,81.003,4.0
Persuading mayor,RADWIMPS,0.913,0.196,169093.0,0.0718,0.0313,2.0,0.172,-24.884,0.0,0.0462,76.815,1.0
"Peter and the Wolf, Op. 67 (Without Narration): Peter in the meadow",Sergei Prokofiev,0.675,0.493,42893.0,0.0249,0.993,3.0,0.57,-32.122,1.0,0.0446,114.786,4.0
Phantoms,Low Roar,0.0335,0.42,363587.0,0.319,0.000147,0.0,0.0954,-6.902,1.0,0.0301,144.602,4.0
Phases,PRETTYMUCH,0.169,0.77,215760.0,0.636,0.0,11.0,0.0676,-6.724,0.0,0.131,105.93,4.0
Phir Milenge Chalte Chalte,Sonu Nigam,0.178,0.778,394162.0,0.737,6.83e-06,0.0,0.0632,-7.073,1.0,0.195,125.031,4.0
Phir Se Zara - Sha,Shashwat Sachdev,,,,,,,,,,,,
Phonk Save the World,Hikki Gaya,1.99e-05,0.64,123208.0,0.891,0.916,4.0,0.188,-7.732,0.0,0.0346,119.999,4.0
Phonky Halloween,Razihel,,,,,,,,,,,,
Phonky Town,PlayaPhonk,0.363,0.805,141343.0,0.816,0.826,1.0,0.121,-4.685,1.0,0.346,124.966,4.0
Phony,Andrea Chahayed,0.921,0.598,217040.0,0.184,1.49e-06,7.0,0.105,-14.835,0.0,0.0728,130.004,4.0
Piano in the Sky,Winona Oak,0.864,0.501,190253.0,0.309,1.52e-06,7.0,0.102,-10.192,0.0,0.0398,91.885,4.0
Pick Up Your Phone,Hojean,0.0513,0.855,169413.0,0.546,0.000292,0.0,0.0725,-5.192,1.0,0.0364,94.989,4.0
Pick and Choose,Daniel Nunnelee,0.857,0.627,163636.0,0.269,0.0,10.0,0.11,-8.496,1.0,0.0323,65.978,4.0
Picking Flowers,Boy In Space,0.737,0.612,180973.0,0.289,0.0,0.0,0.0903,-9.508,1.0,0.0279,89.93,4.0
Picture,dee holt,0.0961,0.838,156279.0,0.617,0.0,1.0,0.0824,-8.173,1.0,0.0504,129.042,4.0
Pillow,Ruuth,0.166,0.677,183857.0,0.414,0.000253,9.0,0.464,-10.898,1.0,0.0527,139.98,4.0
Pink,LÉON,0.637,0.238,203302.0,0.466,0.0,9.0,0.106,-8.291,1.0,0.038,176.339,3.0
Pink Ferrari,Zach Hood,0.062,0.495,149815.0,0.909,0.0,3.0,0.367,-4.223,1.0,0.0683,158.006,4.0
Pinky Promise,Ellise,0.253,0.716,200647.0,0.536,6.83e-06,4.0,0.106,-8.701,1.0,0.412,139.82,4.0
Pistol,Cigarettes After Sex,0.522,0.653,234174.0,0.442,0.699,7.0,0.107,-11.727,1.0,0.0337,109.971,4.0
Pitter Patter,DJ Shadow,0.12,0.412,204147.0,0.667,0.371,5.0,0.577,-9.185,0.0,0.147,172.033,4.0
Piya Aaye Na,Tulsi Kumar,0.641,0.5,286120.0,0.588,4.52e-05,4.0,0.327,-7.66,0.0,0.0362,81.973,4.0
Places We Won't Walk,Bruno Major,0.97,0.392,169410.0,0.0894,6.06e-05,3.0,0.108,-16.046,1.0,0.0476,87.641,3.0
Plain Jane REMIX (feat. Nicki Minaj),A$AP Ferg,0.0588,0.791,202636.0,0.839,6.26e-05,11.0,0.259,-4.284,1.0,0.266,170.113,4.0
Plasma,Danger Boy,,,,,,,,,,,,
Play Me,Maestro Chives,0.0772,0.527,152429.0,0.879,0.613,4.0,0.124,-7.253,0.0,0.0692,105.008,3.0
Play With Me,Foolio,0.118,0.761,153783.0,0.532,0.0,2.0,0.158,-6.246,1.0,0.14,124.972,4.0
Playboy,Jx.Zero,0.0126,0.819,152451.0,0.563,0.0,1.0,0.21,-8.621,0.0,0.706,158.017,4.0
Playground (from the series Arcane League of Legends),Bea Miller,0.0107,0.514,230526.0,0.703,7.62e-05,8.0,0.13,-6.859,1.0,0.0298,157.399,4.0
Playground Love,Air,0.265,0.33,211500.0,0.423,0.731,7.0,0.347,-10.504,0.0,0.0279,143.086,4.0
Plc.4 Mie Hæd (Amp Live Reanimation) [feat. Zion],Linkin Park,0.181,0.641,260747.0,0.902,0.0,1.0,0.654,-7.068,1.0,0.18,133.273,4.0
Please Call Me Later,Ogova,0.955,0.462,144039.0,0.167,0.925,0.0,0.0893,-21.688,1.0,0.102,79.955,4.0
Please Don't Go,Joel Adams,0.0118,0.513,210580.0,0.768,1.94e-05,4.0,0.294,-4.868,0.0,0.0587,84.264,4.0
Please Don't Stop (Chapter 1),Low Roar,0.127,0.37,280760.0,0.321,0.662,7.0,0.374,-15.85,1.0,0.0487,123.934,4.0
Please Don't Stop (Chapter 2),Low Roar,0.73,0.382,243613.0,0.263,0.662,7.0,0.19,-16.56,1.0,0.0359,109.814,4.0
Please Notice,Christian Leave,0.843,0.55,116667.0,0.271,3.21e-06,2.0,0.107,-8.451,1.0,0.0297,111.344,4.0
Poetic Occupation,Ancient Astronauts,0.439,0.765,209763.0,0.709,0.0015,6.0,0.0911,-6.704,1.0,0.247,88.888,4.0
Poison,44phantom,0.196,0.722,243214.0,0.699,0.00462,8.0,0.111,-4.169,0.0,0.0274,112.033,4.0
Poker Face,Lady Gaga,0.118,0.851,237200.0,0.806,1.64e-06,4.0,0.121,-4.62,1.0,0.0787,118.999,4.0
Poltergeist,Razihel,,,,,,,,,,,,
Pool House,WILLIS,0.0796,0.696,239321.0,0.654,0.00479,3.0,0.0695,-7.031,0.0,0.0266,118.04,4.0
Pop Virus,Gen Hoshino,0.0339,0.629,182000.0,0.441,0.0,9.0,0.234,-4.614,1.0,0.126,78.177,4.0
Pop a Top,Jim Ed Brown,0.687,0.524,140307.0,0.497,5.66e-06,9.0,0.175,-10.824,1.0,0.0372,118.263,4.0
Popcorn,Crazy Frog,0.0894,0.776,192373.0,0.985,0.854,0.0,0.337,-3.549,1.0,0.0347,130.007,4.0
Postcard Lover,NIKKITA,0.907,0.326,195597.0,0.169,0.0115,10.0,0.118,-17.152,1.0,0.0345,143.34,3.0
Potassium,WILLIS,0.0951,0.464,180874.0,0.659,0.204,2.0,0.0862,-5.814,1.0,0.0241,160.037,4.0
Poznań,Low Roar,0.953,0.279,123099.0,0.359,0.101,2.0,0.144,-15.166,0.0,0.0386,132.811,4.0
Ppr:kut (Cheapshot and Jubacca Reanimation) [feat. Rasco and Planet Asia],Linkin Park,0.000571,0.565,206347.0,0.897,0.000879,1.0,0.646,-6.319,1.0,0.111,150.356,4.0
Pray For Me,The Weeknd,0.0867,0.732,211421.0,0.678,2.41e-05,2.0,0.112,-4.977,1.0,0.0886,100.626,4.0
Preet,Jasleen Royal,0.731,0.578,303673.0,0.561,0.0126,10.0,0.171,-7.048,0.0,0.0597,167.887,4.0
Press Enter To Exit,The Horrors,0.000133,0.513,355175.0,0.64,0.728,5.0,0.158,-10.156,0.0,0.0295,87.984,4.0
Pretending - Acoustic,Ben Schuller,0.888,0.412,207805.0,0.305,0.0,4.0,0.066,-8.024,1.0,0.0376,109.439,5.0
Prettiest Virgin - Radio Edit,Agar Agar,0.158,0.945,270000.0,0.491,0.26,8.0,0.0875,-9.654,1.0,0.0509,119.996,4.0
Pretty,Astrid S,0.0653,0.633,175777.0,0.829,0.0,9.0,0.0907,-6.304,1.0,0.0496,95.966,4.0
Pretty Boy,The Neighbourhood,0.208,0.578,234093.0,0.386,0.0453,6.0,0.307,-11.464,1.0,0.0278,154.902,4.0
Pretty Brown Eyes,Cody Simpson,0.0181,0.653,168200.0,0.737,0.0,1.0,0.136,-5.446,1.0,0.0388,99.033,4.0
Pretty Faces,Nic D,0.0605,0.734,117081.0,0.643,0.0,4.0,0.424,-5.766,0.0,0.26,80.969,4.0
Pretty Lies,Yoza,0.225,0.619,133742.0,0.648,6.36e-06,4.0,0.251,-5.891,0.0,0.0513,143.989,4.0
Pride (with mxmtoon),Noah Kahan,0.475,0.839,169453.0,0.444,2.58e-06,0.0,0.297,-6.386,1.0,0.226,105.066,4.0
Prism,Lindsey Stirling,0.00402,0.6,212888.0,0.628,0.00562,11.0,0.0651,-6.194,0.0,0.032,107.999,4.0
Prisoner,Nico Collins,0.116,0.451,234999.0,0.915,0.0,0.0,0.103,-3.712,1.0,0.0908,86.981,4.0
Prisoner (feat. Dua Lipa),Miley Cyrus,0.0103,0.781,169333.0,0.67,0.0,3.0,0.0761,-3.912,0.0,0.0452,127.99,4.0
Pristine,Yasumu,0.841,0.594,164826.0,0.402,0.947,11.0,0.0793,-17.937,0.0,0.211,79.162,4.0
Professional Loving,Emika,0.256,0.86,227640.0,0.146,0.621,2.0,0.105,-16.68,1.0,0.0529,120.008,4.0
Promenade,Dimension 32,0.889,0.573,167769.0,0.258,0.913,7.0,0.119,-16.567,1.0,0.031,75.018,4.0
Promenades,Yasumu,0.614,0.653,122016.0,0.294,0.828,9.0,0.188,-17.487,1.0,0.0576,79.976,4.0
Promiscuous,Nelly Furtado,0.0569,0.808,242293.0,0.97,6.13e-05,10.0,0.154,-6.098,0.0,0.0506,114.328,4.0
"Proper Patola (From ""Proper Patola"") (feat. Badshah)",Diljit Dosanjh,,,,,,,,,,,,
"Préludes, Book 1, L 117: The Girl with the Flaxen Hair - La fille aux cheveux de lin",Claude Debussy,0.991,0.393,138000.0,0.0421,0.905,6.0,0.0946,-23.255,1.0,0.0575,68.274,3.0
"Préludes, Book 1, L. 117: XIII. La fille aux cheveux de lin",Claude Debussy,0.988,0.324,155038.0,0.0264,0.941,6.0,0.093,-26.494,1.0,0.0608,79.175,3.0
Psycho (feat. Ty Dolla $ign),Post Malone,0.546,0.75,221440.0,0.56,0.0,8.0,0.111,-8.094,1.0,0.105,140.06,4.0
Psycho Re,Sachin-Jigar,0.447,0.671,241053.0,0.67,1.1e-05,9.0,0.0638,-9.544,1.0,0.396,106.54,3.0
Psycho! (Remix) (feat. Trippie Redd),MASN,0.384,0.907,159657.0,0.409,0.0,7.0,0.161,-7.383,1.0,0.065,115.023,4.0
Pts.Of.Athrty - Jay Gordon Reanimation,Linkin Park,0.00185,0.506,225520.0,0.976,0.00204,8.0,0.338,-5.066,0.0,0.155,95.16,4.0
Puddles,Jordy Chandra,0.942,0.648,215833.0,0.118,0.774,8.0,0.0683,-18.372,1.0,0.032,94.485,4.0
Pulsar Pit,Red Death Grave,0.000685,0.59,90674.0,0.981,0.901,8.0,0.415,-4.34,0.0,0.0485,179.968,4.0
Pumped Up Kicks,Foster The People,0.145,0.733,239600.0,0.71,0.115,5.0,0.0956,-5.849,0.0,0.0292,127.975,4.0
Pungi,Pritam,0.235,0.939,247827.0,0.933,1.04e-06,10.0,0.0293,-2.688,1.0,0.0819,122.994,4.0
Punk Drunk & Trembling,Wild Beasts,0.47,0.67,228413.0,0.674,0.222,6.0,0.133,-9.604,1.0,0.0617,122.97,4.0
Puppy Dog,Dreamer Boy,0.173,0.689,210281.0,0.545,4.9e-05,7.0,0.347,-8.289,1.0,0.0377,113.997,4.0
Puppy Princess,Hot Freaks,0.162,0.642,255733.0,0.702,0.0,1.0,0.289,-4.342,1.0,0.0551,121.971,4.0
Purple Lamborghini (with Rick Ross),Skrillex,0.0019,0.457,215510.0,0.899,0.0,10.0,0.831,-2.591,0.0,0.132,147.268,4.0
Purpose,Gerardo Millán,0.958,0.593,170327.0,0.127,0.963,7.0,0.363,-20.472,0.0,0.0343,120.099,4.0
Purpose,Justin Bieber,0.9,0.481,210173.0,0.285,0.0,0.0,0.123,-10.848,1.0,0.0424,130.021,4.0
Put Me First (feat. Josh Golden),Witt Lowry,0.294,0.796,158440.0,0.699,4.74e-06,2.0,0.162,-7.029,1.0,0.101,124.115,4.0
Put Me in the Ground (feat. Austin Sawyer),Daniel Nunnelee,0.0514,0.57,266668.0,0.368,0.0,0.0,0.108,-9.128,1.0,0.0329,139.937,4.0
Put Your Records On,Ritt Momney,0.0563,0.399,210463.0,0.491,0.00089,6.0,0.11,-10.778,0.0,0.0538,91.066,4.0
Pyaar Ke Pal,KK,0.845,0.599,359373.0,0.135,2.43e-05,4.0,0.11,-12.376,1.0,0.0308,122.107,3.0
Pyaar Ki Ek Kahani,Sonu Nigam,0.308,0.698,388707.0,0.844,5.38e-05,6.0,0.0707,-4.661,1.0,0.0645,79.973,4.0
Pyar Kar,Uttam Singh,0.519,0.629,405029.0,0.523,0.000502,7.0,0.416,-11.134,0.0,0.0362,88.077,4.0
Q&A リサイタル!,Haruka Tomatsu,0.103,0.507,289800.0,0.972,4.54e-06,7.0,0.319,-1.488,1.0,0.162,182.119,4.0
Qaafirana,Arijit Singh,,,,,,,,,,,,
Quarter Life Crisis,Harry Hudson,0.398,0.666,192535.0,0.66,4.58e-06,11.0,0.12,-6.681,0.0,0.0249,108.019,4.0
Quarterback,Wallows,0.0135,0.689,180387.0,0.719,1.64e-06,11.0,0.107,-3.883,1.0,0.031,121.008,4.0
Queen of Disaster,LULLANAS,0.841,0.579,221413.0,0.418,0.000363,11.0,0.113,-10.856,0.0,0.0309,122.988,4.0
Queen of Pain,VØJ,0.0418,0.819,133366.0,0.91,0.494,0.0,0.664,-6.592,1.0,0.209,122.003,4.0
Quiet Night,Lenny Loops,0.739,0.532,168889.0,0.12,0.921,8.0,0.106,-16.557,1.0,0.037,108.041,4.0
Quiver,Lonas,0.887,0.454,251872.0,0.314,0.00166,4.0,0.111,-11.278,1.0,0.0292,142.951,4.0
RAGNAROK,chyxz,3.26e-05,0.736,195714.0,0.604,0.932,11.0,0.917,-5.448,0.0,0.133,125.989,4.0
RAJA,VALORANT,0.153,0.554,232326.0,0.856,0.0,2.0,0.106,-3.257,1.0,0.294,171.924,4.0
RAVE,Dxrk ダーク,0.235,0.716,169245.0,0.748,0.849,8.0,0.114,-6.06,1.0,0.0356,119.918,4.0
RAVEN,Phonkha,0.632,0.709,146030.0,0.819,0.736,11.0,0.17,-6.047,0.0,0.131,125.29,4.0
REQUIEM,MVDNES,0.0111,0.741,114000.0,0.824,0.78,1.0,0.325,-4.855,1.0,0.0348,120.028,4.0
RISE,League of Legends,0.0169,0.459,192881.0,0.663,0.0,8.0,0.0621,-5.939,0.0,0.1,176.791,4.0
ROADKILL,SAOTOMAMORE,0.0556,0.737,124800.0,0.844,1.09e-06,8.0,0.252,-0.876,1.0,0.128,100.005,4.0
ROXANNE,Arizona Zervas,0.0522,0.621,163636.0,0.601,0.0,6.0,0.46,-5.616,0.0,0.148,116.735,5.0
"RUNNING IN THE ""90S"" - EXTENDED MIX",Max Coveri,0.00358,0.509,331500.0,0.862,0.0276,5.0,0.0659,-9.579,0.0,0.039,158.526,4.0
RUNWAY,HXVRMXN,0.0393,0.752,177951.0,0.971,0.63,7.0,0.0916,-1.591,0.0,0.052,108.01,4.0
RUSSIAN DREAM,DONMD,0.0605,0.884,131254.0,0.649,0.0,10.0,0.167,-8.562,0.0,0.337,88.023,4.0
Ra Ra Reddy I Am Ready,Lipsika,0.383,0.738,260000.0,0.903,0.0109,1.0,0.146,-7.528,1.0,0.253,78.971,4.0
Raabta (Night In A Motel),Pritam,0.709,0.706,207754.0,0.37,0.0,4.0,0.148,-10.488,1.0,0.0282,110.973,4.0
Rabb Wangu,Desi Boys,,,,,,,,,,,,
Radio,Winona Oak,0.0245,0.617,183092.0,0.768,0.0,0.0,0.169,-6.22,1.0,0.0456,130.0,4.0
Radioactive,Imagine Dragons,0.106,0.448,186813.0,0.784,0.000108,9.0,0.668,-3.686,1.0,0.0627,136.245,4.0
Rafta Rafta,KK,0.265,0.766,271959.0,0.663,0.0,2.0,0.132,-6.422,0.0,0.0304,114.968,4.0
Ragga Bomb,Skrillex,0.0282,0.595,258827.0,0.961,0.0,7.0,0.271,-3.781,1.0,0.31,174.071,4.0
Rain,Ben Rowley,0.825,0.164,289500.0,0.124,0.0204,8.0,0.107,-17.445,1.0,0.0429,81.12,4.0
Rain,Lucy Park,0.86,0.716,151150.0,0.231,0.0393,0.0,0.112,-14.739,1.0,0.0527,107.049,4.0
Rainbows,Stephen,0.506,0.381,242400.0,0.234,0.00767,9.0,0.13,-10.604,1.0,0.0422,127.763,4.0
Raining in June,Olive Klug,0.935,0.369,166139.0,0.195,4.62e-05,2.0,0.347,-13.836,1.0,0.0369,92.085,4.0
Rainy Day (Naruto),Kato,0.821,0.779,129310.0,0.35,0.888,1.0,0.108,-8.725,0.0,0.0306,116.003,4.0
Rainy Day Piano,Kato,0.995,0.655,61388.0,0.00453,0.938,1.0,0.0794,-29.388,0.0,0.064,66.678,5.0
Raise Me Up,Hercules & Love Affair,0.000795,0.769,231837.0,0.703,0.84,8.0,0.0982,-6.583,0.0,0.0368,113.964,4.0
Rait Zara Si,A.R. Rahman,0.781,0.563,291462.0,0.495,0.0,2.0,0.0837,-10.272,1.0,0.0362,125.998,4.0
Raja,Hellac,0.115,0.768,193820.0,0.963,6.7e-06,6.0,0.333,-4.262,0.0,0.11,109.947,3.0
Randy Dandy Oh,Sean Dagher,0.927,0.511,95293.0,0.318,0.0,10.0,0.0485,-4.928,1.0,0.0515,172.543,5.0
Randy Dandy-O,The Longest Johns,0.934,0.631,126493.0,0.669,0.0,7.0,0.329,-4.171,1.0,0.127,110.094,4.0
"Ranjha (From ""Shershaah"")",Jasleen Royal,,,,,,,,,,,,
Rap God,Eminem,0.397,0.708,363521.0,0.843,0.0,7.0,0.799,-2.66,1.0,0.314,148.14,4.0
Rapper's Delight,The Sugarhill Gang,0.465,0.9,427360.0,0.845,0.0,11.0,0.0724,-7.306,0.0,0.257,111.187,4.0
Rapture,Alok,0.16,0.677,166452.0,0.632,0.198,3.0,0.0842,-6.877,0.0,0.0585,123.99,4.0
Raspberry,Grouplove,0.0292,0.492,196027.0,0.779,0.0,3.0,0.129,-5.022,1.0,0.0498,104.966,4.0
Rasputin,Majestic,0.00364,0.758,186210.0,0.913,6.92e-05,6.0,0.193,-2.926,0.0,0.113,128.04,4.0
Ratchet,Bloc Party,0.0081,0.744,198018.0,0.736,0.0,0.0,0.0771,-5.662,1.0,0.171,138.027,4.0
Rather Be (feat. Jess Glynne),Clean Bandit,0.162,0.799,227833.0,0.586,2.03e-06,11.0,0.193,-6.735,1.0,0.0377,120.97,4.0
Rather Do,Yxngxr1,0.853,0.859,135000.0,0.545,0.0,9.0,0.0928,-9.39,1.0,0.248,128.0,4.0
"Raymonda, Act III: Variation 2",Alexander Glazunov,0.871,0.361,72779.0,0.0137,0.000432,9.0,0.0942,-29.967,1.0,0.0377,180.262,3.0
Re:member,FLOW,0.0035,0.404,199560.0,0.901,0.0,8.0,0.0924,-5.991,0.0,0.0616,171.948,4.0
Reaching Your Goals,Lukas Graham,0.684,0.761,55143.0,0.427,0.0,6.0,0.529,-12.088,1.0,0.941,62.986,3.0
Reaching for Cold Hands,Finn Ronsdorf,0.852,0.493,267632.0,0.139,1.1e-05,10.0,0.302,-10.969,1.0,0.0401,137.411,4.0
React,The Pussycat Dolls,0.115,0.738,204176.0,0.74,0.0,10.0,0.117,-5.844,0.0,0.0814,119.989,4.0
Reaction,GOLDHOUSE,0.173,0.502,189176.0,0.768,4.54e-05,0.0,0.148,-8.322,0.0,0.0693,170.048,4.0
Ready Yet,Mokita,0.193,0.79,152922.0,0.531,0.0,8.0,0.13,-8.065,1.0,0.147,104.512,4.0
Ready Yet,Sasha Alex Sloan,0.745,0.569,218320.0,0.38,0.0,0.0,0.159,-10.289,1.0,0.143,117.953,4.0
Ready Yet - San Holo Remix,Sasha Alex Sloan,0.563,0.701,218747.0,0.577,0.000103,0.0,0.116,-8.534,1.0,0.0828,121.045,4.0
Real Estate,Adam Melchor,0.953,0.493,216000.0,0.284,0.00739,2.0,0.151,-12.815,1.0,0.0309,79.959,4.0
Real Gone,Sheryl Crow,0.00173,0.608,200733.0,0.785,0.0,11.0,0.0762,-5.346,0.0,0.0472,117.983,4.0
Real Thing,Ruel,0.154,0.671,192413.0,0.583,0.0,4.0,0.24,-6.551,0.0,0.0737,125.916,4.0
Reasons,COTIS,0.0138,0.755,172748.0,0.738,0.0,8.0,0.137,-5.537,0.0,0.035,113.022,4.0
Rebellion (feat. Daron Malakian),Linkin Park,0.00145,0.508,224160.0,0.971,0.0,8.0,0.62,-3.027,1.0,0.0788,130.023,4.0
Recess,PuffHost,0.627,0.715,168117.0,0.451,0.00292,8.0,0.161,-8.948,1.0,0.201,76.042,4.0
Recess,Skrillex,0.0236,0.658,237680.0,0.93,0.0,5.0,0.578,-2.912,0.0,0.141,104.018,4.0
Reckless,Lund,0.00766,0.461,206271.0,0.467,0.0,0.0,0.11,-7.628,1.0,0.0586,74.686,4.0
Reckless,Madison Beer,0.807,0.386,203385.0,0.426,0.0,3.0,0.14,-6.642,1.0,0.0363,180.104,3.0
Red Lips (feat. Sam Bruno) - Skrillex Remix,Good Times Ahead,0.000518,0.528,223448.0,0.983,0.000324,8.0,0.18,-3.133,1.0,0.146,144.981,4.0
Red Tide,Lund,0.345,0.755,185813.0,0.501,0.0,11.0,0.135,-8.008,1.0,0.166,134.505,4.0
Redbone,Childish Gambino,0.174,0.745,326933.0,0.353,0.00662,1.0,0.118,-10.614,1.0,0.0983,160.111,4.0
Reflection,Lund,0.265,0.806,166874.0,0.535,0.000164,9.0,0.112,-7.196,1.0,0.0404,80.511,4.0
Reflections,The Neighbourhood,0.114,0.648,244013.0,0.594,0.0462,11.0,0.116,-7.027,0.0,0.0293,113.983,4.0
Rehab,Amy Winehouse,0.0541,0.407,214947.0,0.558,1.51e-06,0.0,0.34,-13.609,1.0,0.0552,71.815,4.0
Rehna,Savneet Singh,0.97,0.57,243636.0,0.168,0.000164,6.0,0.0791,-11.0,1.0,0.0422,131.946,3.0
Rehnuma,Shreya Ghoshal,0.613,0.582,261647.0,0.62,0.00141,9.0,0.106,-9.689,0.0,0.0364,89.992,4.0
"Relax, Take It Easy",Unklfnkl,0.155,0.611,161905.0,0.828,0.000486,9.0,0.227,-6.48,0.0,0.276,126.341,4.0
Release,The Deep Sleep Scientists,0.945,0.232,73960.0,0.0223,0.819,4.0,0.108,-31.519,1.0,0.0476,66.863,4.0
Remedy,William Black,0.118,0.441,220146.0,0.823,0.000116,11.0,0.143,-3.55,1.0,0.0836,156.77,4.0
Remember - Acoustic / Sped Up,Becky Hill,0.81,0.602,154147.0,0.525,0.0,7.0,0.0943,-6.765,0.0,0.0504,136.932,4.0
Remember Me,Boy In Space,0.0825,0.663,179400.0,0.559,0.0,9.0,0.111,-7.568,0.0,0.0339,99.966,4.0
Remember Me - Extended Mix,Leslie Parrish,,,,,,,,,,,,
Remember That Night?,Sara Kays,0.585,0.679,227186.0,0.61,9.51e-05,7.0,0.156,-10.936,0.0,0.0305,123.978,4.0
Remember When,Wallows,0.00112,0.504,155147.0,0.708,0.000424,11.0,0.788,-5.896,0.0,0.0343,82.009,4.0
Remember Why You Fell in Love,Natalie Madigan,0.528,0.546,265846.0,0.313,1.5e-06,11.0,0.0915,-10.756,1.0,0.0362,129.773,4.0
Remember You,Conro,0.0494,0.672,189000.0,0.808,0.0,8.0,0.385,-5.541,1.0,0.0407,119.935,4.0
Remember the Name (feat. Styles of Beyond),Fort Minor,0.0583,0.688,230493.0,0.835,2.87e-06,8.0,0.0795,-4.162,1.0,0.0911,84.858,4.0
Remembering Myself,Stephen,0.168,0.6,210075.0,0.782,0.0,9.0,0.0443,-3.033,0.0,0.187,149.877,4.0
Reminiscence,v i v,0.962,0.494,142308.0,0.163,0.89,7.0,0.104,-20.554,0.0,0.0289,77.992,4.0
Rendezvous,Bad Decisions,0.0879,0.458,226000.0,0.719,1.54e-06,11.0,0.494,-5.358,0.0,0.228,144.994,4.0
Renegade,Axwell /\ Ingrosso,0.00602,0.657,191893.0,0.839,0.00452,0.0,0.0871,-5.397,1.0,0.0686,120.054,4.0
Renegade,Kavinsky,0.0385,0.61,198760.0,0.538,0.0,9.0,0.0791,-7.428,0.0,0.0319,92.022,4.0
Renegade (Slowed + Reverb),Aaryan Shah,0.457,0.5,279250.0,0.429,0.408,5.0,0.364,-12.754,0.0,0.0396,82.496,4.0
Replay,Iyaz,0.173,0.706,182307.0,0.751,0.0,9.0,0.168,-6.323,1.0,0.0708,91.031,4.0
Repressed Emotions,Yasumu,0.803,0.646,141176.0,0.0427,0.933,2.0,0.0966,-15.081,0.0,0.34,170.017,4.0
"Requiem, K. 626: Lacrimosa",Wolfgang Amadeus Mozart,0.944,0.162,169667.0,0.0898,0.917,2.0,0.187,-23.269,0.0,0.0354,132.047,3.0
Reset,NATIIVE,0.342,0.685,155000.0,0.659,0.000343,9.0,0.165,-6.074,1.0,0.0281,120.04,4.0
Resolve.,Sleeping At Last,0.938,0.219,272907.0,0.173,0.00213,10.0,0.14,-14.159,1.0,0.039,81.852,4.0
Rest,Charlotte Gainsbourg,0.865,0.629,218720.0,0.538,0.0268,9.0,0.0977,-13.242,0.0,0.0438,91.988,4.0
Returns,NF,0.406,0.653,232053.0,0.828,0.0,5.0,0.11,-4.502,0.0,0.312,75.684,4.0
Revenge,XXXTENTACION,0.782,0.746,120027.0,0.251,0.00203,11.0,0.106,-16.169,0.0,0.259,139.999,4.0
Reverie,Curtis Schweitzer,0.962,0.0848,220573.0,0.0805,0.938,9.0,0.0768,-23.849,1.0,0.0465,78.347,4.0
Reveries,Hoogway,0.921,0.569,123873.0,0.0595,0.854,6.0,0.0876,-23.604,0.0,0.0369,128.024,4.0
Revolver,bülow,0.108,0.614,168927.0,0.833,1.37e-06,0.0,0.18,-4.333,1.0,0.0708,171.048,4.0
Rewrite The Stars,Zac Efron,0.0716,0.684,217440.0,0.619,0.0,10.0,0.122,-7.005,1.0,0.0386,125.046,4.0
Rhino Rampage,John Paesano,0.0129,0.178,245400.0,0.583,0.817,8.0,0.0876,-12.951,1.0,0.0454,75.533,3.0
Rhythm In Me,Pontifexx,0.0586,0.645,165016.0,0.887,0.0,0.0,0.061,-4.318,1.0,0.246,123.918,4.0
Rhythm In Me - Club Mix,Pontifexx,0.0586,0.645,165016.0,0.887,0.0,0.0,0.061,-4.318,1.0,0.246,123.918,4.0
Rhythm In Me - Extended Club Mix,Pontifexx,0.0457,0.771,227003.0,0.722,2.85e-05,0.0,0.0556,-4.65,1.0,0.245,123.996,4.0
Rich & Sad (Acoustic),PLVTINUM,0.0456,0.659,184615.0,0.433,0.0,0.0,0.276,-6.497,0.0,0.0319,78.056,4.0
Rickroll But It's Lofi,KCFM,0.308,0.613,182791.0,0.305,0.716,1.0,0.0865,-16.409,1.0,0.0984,172.019,4.0
Ride,Twenty One Pilots,0.00835,0.645,214507.0,0.713,0.0,6.0,0.113,-5.355,1.0,0.0393,74.989,4.0
Ride It (Original Version),Jay Sean,,,,,,,,,,,,
Ride or Die (feat. Foster the People) - Big Gigantic Remix,The Knocks,0.00986,0.661,205000.0,0.705,0.00057,7.0,0.0516,-6.626,1.0,0.252,114.938,4.0
"Right Here, Right Now",High School Musical Cast,0.328,0.562,235733.0,0.797,0.0,2.0,0.0752,-5.386,1.0,0.0356,110.049,4.0
Right In,Skrillex,0.00631,0.636,180400.0,0.802,4.14e-05,2.0,0.059,-2.168,1.0,0.167,139.815,4.0
Right Now,Nick Jonas,0.0104,0.597,201680.0,0.751,0.0,6.0,0.0912,-4.982,0.0,0.193,103.956,4.0
Right Now (Na Na Na),Akon,0.267,0.832,240747.0,0.87,0.0,8.0,0.412,-4.2,0.0,0.167,138.003,4.0
Ring-A-Ring O' Roses,Charlotte Gainsbourg,0.0084,0.51,268507.0,0.589,0.000569,6.0,0.0958,-6.388,0.0,0.0316,120.055,4.0
Riptide,The Chainsmokers,0.28,0.717,171360.0,0.734,0.000101,5.0,0.147,-5.712,1.0,0.0426,91.014,4.0
Riptide,Vance Joy,0.431,0.484,204280.0,0.731,0.0,1.0,0.151,-6.694,1.0,0.0379,101.654,4.0
Rise,Jonas Blue,0.327,0.687,194408.0,0.785,0.0,1.0,0.203,-4.65,1.0,0.0333,106.046,4.0
Rise Up,TheFatRat,0.254,0.614,169756.0,0.694,2.63e-06,10.0,0.0733,-5.713,0.0,0.0932,163.942,4.0
Risin High,Ancient Astronauts,0.115,0.794,211773.0,0.714,5.62e-06,11.0,0.167,-4.732,0.0,0.287,94.992,4.0
Rising Urge (Lost Tapes) - Original,Röyksopp,0.953,0.348,306316.0,0.109,0.875,5.0,0.124,-23.84,0.0,0.027,94.976,4.0
Risk It All,Yuna,0.733,0.614,218049.0,0.449,0.00556,5.0,0.0665,-9.111,1.0,0.0429,81.874,4.0
Rittaikidou,Hiroyuki Sawano,0.0104,0.366,342720.0,0.571,0.89,2.0,0.0939,-12.063,1.0,0.0565,155.093,3.0
River,Bishop Briggs,0.302,0.733,216133.0,0.477,2.97e-06,2.0,0.0579,-6.737,0.0,0.0687,62.507,4.0
River,Charlie Puth,0.838,0.775,191360.0,0.329,0.0,4.0,0.108,-6.962,0.0,0.034,100.034,4.0
River Crossing,Carter Burwell,0.839,0.223,82013.0,0.205,0.905,7.0,0.119,-14.459,1.0,0.0387,58.228,4.0
Rnw@y (Backyard Bangers Reanimation) [feat. Phoenix Orion],Linkin Park,0.00042,0.602,193400.0,0.921,0.000272,7.0,0.0983,-4.633,1.0,0.0604,108.692,4.0
Roadtrip,Dream,0.316,0.459,133661.0,0.581,0.0,10.0,0.124,-6.575,1.0,0.0713,176.195,4.0
Rob A Bank,Confetti,0.00598,0.647,173684.0,0.815,0.0,1.0,0.0955,-3.87,0.0,0.26,152.154,4.0
Robots and Demons,Say Word,0.0451,0.689,185600.0,0.981,0.000436,1.0,0.67,-0.966,1.0,0.376,75.001,4.0
Rock 'n' Roll (Will Take You to the Mountain),Skrillex,0.00228,0.713,284130.0,0.971,2.05e-05,0.0,0.242,-1.264,1.0,0.381,128.064,4.0
Rocketship,Perrin Xthona,0.578,0.681,125289.0,0.504,6.52e-05,0.0,0.12,-9.008,0.0,0.132,156.145,4.0
Rockstar,Ali Zafar,0.305,0.596,404174.0,0.627,0.0,7.0,0.299,-6.923,1.0,0.0827,150.088,4.0
Rockstar,Josh Golden,0.324,0.659,194014.0,0.646,0.00102,0.0,0.334,-9.066,1.0,0.0315,139.955,4.0
Rockstar,Nickelback,0.0459,0.616,252040.0,0.91,0.0,0.0,0.343,-3.004,1.0,0.0386,144.072,4.0
Rodeo - feat. Nas,Lil Nas X,0.0814,0.65,145222.0,0.637,0.000607,9.0,0.51,-6.195,1.0,0.0369,140.115,4.0
Rolex,Ayo & Teo,0.0837,0.804,238587.0,0.886,0.0,1.0,0.266,-2.512,1.0,0.04,144.946,4.0
Roll Call,The Neighbourhood,0.00932,0.562,250400.0,0.542,0.348,0.0,0.635,-7.221,1.0,0.053,78.031,4.0
Rolling Over,Low Roar,0.855,0.409,307853.0,0.287,0.768,7.0,0.0887,-12.268,0.0,0.0287,94.307,4.0
Rom-Com Gone Wrong,Matt Maltese,0.842,0.601,205837.0,0.422,0.245,3.0,0.139,-8.539,1.0,0.0231,76.46,4.0
"Romances, L. 79: Romance No. 1",Claude Debussy,0.992,0.215,129907.0,0.0112,0.968,11.0,0.0724,-24.684,0.0,0.0433,65.615,5.0
Romantic Homicide,d4vd,0.453,0.571,132631.0,0.544,0.00805,6.0,0.322,-10.613,1.0,0.0299,132.052,4.0
Romantic Mashup 2,Mithoon,0.0933,0.508,325172.0,0.761,2e-06,8.0,0.268,-5.118,0.0,0.0422,100.011,4.0
Romeo & Juliet,Peter McPoland,0.454,0.318,166137.0,0.476,1.57e-05,0.0,0.503,-7.108,1.0,0.0441,160.737,4.0
Rooftop Diaries,Ambulo,0.819,0.639,141026.0,0.235,0.871,10.0,0.113,-10.637,0.0,0.196,79.872,5.0
Rooftop Kiss,James Horner,0.935,0.0833,154840.0,0.00524,0.91,7.0,0.0818,-36.281,1.0,0.0457,70.329,4.0
Room for Another,Mokita,0.343,0.549,185507.0,0.398,0.0961,0.0,0.313,-12.397,0.0,0.0332,80.039,4.0
Room for Another - Stripped,Bre Kennedy,0.404,0.401,183268.0,0.323,3.5e-06,3.0,0.0873,-9.685,1.0,0.0292,80.227,4.0
Roopasi,Sonu Nigam,0.841,0.626,256483.0,0.522,0.00129,8.0,0.358,-8.369,1.0,0.0307,110.986,4.0
Rooster (2022 Remaster),Alice In Chains,0.0307,0.271,374333.0,0.551,0.000581,3.0,0.118,-8.46,1.0,0.0272,143.899,3.0
Rose,Finding Hope,0.856,0.501,123429.0,0.15,4e-05,8.0,0.134,-15.219,1.0,0.0411,139.937,4.0
Rosebud,U.S. Girls,0.593,0.749,189841.0,0.873,0.662,11.0,0.107,-6.395,0.0,0.0568,103.991,4.0
Roses,Svniivan,0.0295,0.671,166905.0,0.847,0.0,9.0,0.768,-6.493,1.0,0.0382,126.0,4.0
Roses - Imanbek Remix,SAINt JHN,0.0143,0.769,176867.0,0.719,0.00777,8.0,0.359,-5.472,1.0,0.0474,121.955,4.0
Ross And Rachel,Jake Miller,0.345,0.66,192980.0,0.639,0.00109,9.0,0.0775,-6.61,1.0,0.0286,124.068,4.0
Round N Round,Dubdogz,0.0584,0.773,115082.0,0.875,0.0349,7.0,0.382,-6.44,0.0,0.0417,122.023,4.0
Roundabout - 2003 Remaster,Yes,0.0685,0.41,510573.0,0.761,0.00772,4.0,0.0758,-9.453,0.0,0.0687,132.923,4.0
Royals,Lorde,0.121,0.674,190185.0,0.428,0.0,7.0,0.132,-9.504,1.0,0.122,84.878,4.0
Rozaana,Salim Merchant,0.593,0.759,237424.0,0.707,1.98e-05,6.0,0.109,-6.554,0.0,0.0294,105.044,4.0
Rozana,Shreya Ghoshal,0.766,0.434,274202.0,0.378,0.000136,8.0,0.115,-8.7,1.0,0.029,92.982,4.0
Rude,MAGIC!,0.0422,0.773,224840.0,0.758,0.0,1.0,0.305,-4.993,1.0,0.0381,144.033,4.0
Ruffneck - Full Flex,Skrillex,0.000244,0.646,226286.0,0.97,0.00483,5.0,0.0668,-1.64,1.0,0.129,140.145,4.0
Rule the World,Zayde Wølf,0.00715,0.55,192600.0,0.883,0.0,2.0,0.0924,-5.964,1.0,0.0934,149.991,3.0
Rum n Tequila,John K,0.117,0.611,137720.0,0.699,0.0,9.0,0.0632,-5.183,1.0,0.0365,154.77,4.0
Run,Joji,0.0427,0.448,195000.0,0.72,0.000292,7.0,0.614,-3.954,1.0,0.0332,157.919,3.0
Run,OneRepublic,0.0336,0.624,143265.0,0.684,0.0,3.0,0.0771,-5.507,0.0,0.0513,163.033,4.0
Run Cried the Crawling,Protohype,0.418,0.646,238345.0,0.703,0.00996,8.0,0.138,-4.154,1.0,0.0344,108.735,3.0
Run Into You,Clara Mae,0.274,0.588,175474.0,0.559,0.0,6.0,0.0756,-6.418,1.0,0.0696,125.538,4.0
Run It (feat. Annika Wells),Midnight Kids,0.36,0.518,219373.0,0.754,0.0,8.0,0.11,-4.365,1.0,0.0472,92.953,4.0
Runaway,AURORA,0.63,0.459,248827.0,0.276,9.5e-05,11.0,0.104,-10.339,1.0,0.036,114.169,4.0
Runaway,Sasha Alex Sloan,0.715,0.674,218947.0,0.413,6.64e-05,5.0,0.104,-8.051,1.0,0.0351,139.976,4.0
Runaway (U & I),Galantis,0.00711,0.506,227074.0,0.805,0.00193,1.0,0.0856,-4.119,1.0,0.0469,126.008,4.0
Runaway Kids,HARBOUR,0.00646,0.513,224343.0,0.847,0.0,7.0,0.0835,-6.662,1.0,0.0472,100.981,4.0
Runnin',Adam Lambert,0.0082,0.408,228533.0,0.868,0.0,2.0,0.151,-4.438,0.0,0.0837,83.469,4.0
Runnin',Alban Chela,0.582,0.722,176012.0,0.631,0.0132,2.0,0.104,-7.016,0.0,0.027,105.021,4.0
Runnin',David Dallas,0.438,0.725,226720.0,0.843,5.67e-06,5.0,0.218,-6.453,0.0,0.206,148.005,4.0
Running After You,Matthew Mole,0.877,0.601,237996.0,0.375,0.0,4.0,0.0943,-12.077,1.0,0.0316,104.927,4.0
Running Down to Cuba,Michiel Schrey,0.955,0.858,89880.0,0.394,0.0,4.0,0.405,-4.705,1.0,0.0737,83.063,4.0
Running Out,Hans Zimmer,0.978,0.472,117241.0,0.112,0.921,5.0,0.117,-36.284,1.0,0.0387,96.003,5.0
Running Up That Hill (A Deal With God),Kate Bush,0.719,0.629,298933.0,0.545,0.00308,10.0,0.0604,-13.123,0.0,0.0546,108.376,4.0
Ruthless (Nice Guys Always Finish Last),MarMar Oso,0.388,0.724,233023.0,0.269,0.0,5.0,0.0808,-15.465,1.0,0.0456,86.042,4.0
Rx,Charlotte Lawrence,0.607,0.651,171218.0,0.303,0.0,0.0,0.107,-10.607,0.0,0.0494,62.929,4.0
Rx Luv,Lund,0.056,0.672,218462.0,0.722,3.23e-05,8.0,0.0946,-1.876,0.0,0.0306,155.953,4.0
S!KE,Snøw,0.0592,0.732,136889.0,0.615,1.64e-06,11.0,0.115,-6.514,1.0,0.0399,135.002,4.0
S.I.M.P. (Squirrels in My Pants) (Vocal),2 Guys n the Parque,0.07,0.8,94107.0,0.746,0.0,11.0,0.0288,-10.675,0.0,0.109,120.095,4.0
S.T.A.Y.,Hans Zimmer,0.933,0.0793,383513.0,0.0301,0.929,5.0,0.0741,-30.777,1.0,0.0425,191.413,3.0
SAD!,XXXTENTACION,0.258,0.74,166606.0,0.613,0.00372,8.0,0.123,-4.88,1.0,0.145,75.023,4.0
SAME ENERGY,The Kid LAROI,0.135,0.676,93176.0,0.494,0.0,2.0,0.0995,-7.077,1.0,0.261,169.685,4.0
SAYONARA,Aries,0.0111,0.548,180789.0,0.63,0.000721,5.0,0.128,-6.1,1.0,0.0343,75.972,4.0
SHADOW,ONIMXRU,0.000166,0.721,162042.0,0.692,0.275,7.0,0.104,-2.927,1.0,0.0414,120.005,4.0
SHE,Winona Oak,0.0439,0.667,168420.0,0.666,0.000466,11.0,0.133,-5.789,0.0,0.0822,113.984,4.0
SICK OF IT ALL,blackbear,0.0446,0.744,176446.0,0.661,1.03e-05,9.0,0.0678,-5.575,0.0,0.113,109.197,5.0
SICKO MODE - Skrillex Remix,Travis Scott,0.0214,0.651,304512.0,0.833,0.0,1.0,0.14,-3.356,1.0,0.172,155.051,4.0
SILENCE,NICOLAS,0.339,0.69,181500.0,0.537,0.817,10.0,0.236,-13.086,0.0,0.0447,119.989,4.0
SLAUGHTER HOUSE,Phonkha,0.00434,0.812,151135.0,0.504,0.0151,7.0,0.717,-6.512,1.0,0.388,114.995,4.0
SLIDE,Chase Atlantic,0.000325,0.557,235720.0,0.595,8.88e-06,3.0,0.109,-4.759,0.0,0.0371,139.911,4.0
SLOW DANCING IN THE DARK,Joji,0.544,0.515,209274.0,0.479,0.00598,3.0,0.191,-7.458,1.0,0.0261,88.964,4.0
SNAP,Rosa Linn,0.107,0.565,179551.0,0.636,9.9e-06,0.0,0.447,-8.198,1.0,0.0638,170.01,4.0
SOLVED THE PROBLEM,Comethazine,0.00277,0.934,117073.0,0.698,1.44e-05,10.0,0.101,-10.394,0.0,0.248,98.43,4.0
SOMEBODY,keshi,0.442,0.649,164663.0,0.461,0.0,8.0,0.108,-8.401,1.0,0.0449,141.088,4.0
SPACE BOY - EXTENDED ver.,dave rodgers,0.000888,0.471,301841.0,0.951,2.48e-05,5.0,0.157,-6.831,0.0,0.0364,155.08,4.0
SPACESHIP,AP Dhillon,0.076,0.69,124499.0,0.683,0.000113,5.0,0.134,-7.186,0.0,0.0968,160.088,4.0
SPLAT,Connor Price,0.0608,0.908,125685.0,0.45,0.0,7.0,0.0663,-7.174,1.0,0.314,108.056,4.0
SPOOKY,Tokyo Machine,0.0196,0.674,229687.0,0.893,0.192,10.0,0.361,-3.322,0.0,0.0556,128.045,4.0
SQUASH,LIL DUSTY G,0.0543,0.703,123446.0,0.653,1.27e-05,11.0,0.345,-3.969,0.0,0.0376,148.02,4.0
STAR WALKIN' (League of Legends Worlds Anthem),Lil Nas X,0.148,0.637,210576.0,0.715,0.0,2.0,0.0892,-4.971,0.0,0.0455,141.872,4.0
STAY (with Justin Bieber),The Kid LAROI,0.0383,0.591,141806.0,0.764,0.0,1.0,0.103,-5.484,1.0,0.0483,169.928,4.0
SUGAR,BROCKHAMPTON,0.449,0.453,204533.0,0.538,0.0,1.0,0.19,-8.212,1.0,0.0638,122.973,4.0
SUICIDE YEAR,WEEDMANE,0.172,0.788,91820.0,0.871,0.00164,6.0,0.115,-5.782,0.0,0.043,128.195,4.0
SUN GOES DOWN,Lil Nas X,0.0837,0.551,168276.0,0.636,4.28e-06,2.0,0.112,-6.798,1.0,0.054,174.065,4.0
SUNRISE (Slowed + Reverb),Xantesha,0.063,0.74,138857.0,0.934,0.831,10.0,0.198,-8.178,1.0,0.0384,119.693,4.0
SWEAR TO GOD,blackbear,0.499,0.782,150263.0,0.495,0.0,4.0,0.116,-7.462,0.0,0.0424,130.958,4.0
Saadi Galli Aaja,Rochak Kohli,0.195,0.739,253417.0,0.836,3.64e-06,2.0,0.197,-5.155,1.0,0.0325,109.011,4.0
"Saami Saami (From ""Pushpa The Rise Part - 01"")",Sunidhi Chauhan,,,,,,,,,,,,
Saanson Ke,KK,,,,,,,,,,,,
Saathiya,A.R. Rahman,0.186,0.462,357433.0,0.457,0.0,1.0,0.334,-15.251,0.0,0.106,175.94,4.0
Sabbath Bloody Sabbath,Bruce Dickinson,1.3e-05,0.202,334973.0,0.932,0.000396,5.0,0.0823,-7.381,0.0,0.125,157.33,4.0
Sabotage,Bebe Rexha,0.438,0.562,176566.0,0.565,0.0,8.0,0.138,-5.111,1.0,0.044,89.862,4.0
Sabrina,lilbubblegum,0.19,0.656,133929.0,0.585,0.000152,11.0,0.211,-7.708,0.0,0.182,154.055,4.0
Sach Keh Raha Hai - LoFi Flip,KK,0.622,0.65,235005.0,0.479,0.00298,2.0,0.135,-4.431,1.0,0.0281,113.99,4.0
Sacred,Ewan J Phillips,0.785,0.393,258515.0,0.309,0.0011,3.0,0.169,-10.685,1.0,0.0298,79.913,4.0
Sacrifice,Curtis Schweitzer,0.9,0.233,97293.0,0.0601,0.937,10.0,0.0724,-24.708,1.0,0.0385,142.037,4.0
Sad About It,Gill Chang,0.614,0.786,223714.0,0.761,1.24e-06,0.0,0.125,-2.53,1.0,0.0997,139.968,4.0
Sad Forever,Lauv,0.457,0.748,203520.0,0.486,0.0,5.0,0.0762,-8.926,1.0,0.0621,122.025,4.0
Sad Song (feat. Elena Coats),We The Kings,0.0724,0.512,226330.0,0.526,0.0,1.0,0.0675,-5.44,1.0,0.0251,85.024,4.0
Sad To See You Happy,Olivia Lunny,0.0139,0.643,174921.0,0.648,0.0,8.0,0.162,-5.734,1.0,0.0428,139.997,4.0
Sadda Dil Vi Tu (Ga Ga Ga Ganpati),Sachin-Jigar,0.163,0.682,327040.0,0.704,0.0,0.0,0.297,-9.445,1.0,0.227,139.985,4.0
Sadderdaze,The Neighbourhood,0.00971,0.414,245827.0,0.527,5.05e-05,4.0,0.145,-4.749,0.0,0.0287,120.009,4.0
Sadi Gali,Lehmber Hussainpuri,0.021,0.726,264900.0,0.994,0.0108,5.0,0.222,-2.433,0.0,0.0543,129.989,4.0
"Sadness and Sorrow (From ""Naruto"")",Minijau,,,,,,,,,,,,
Sadness and Sorrow (From Naruto),Kato,0.994,0.79,94315.0,0.0183,0.95,4.0,0.101,-28.659,0.0,0.0789,99.742,4.0
Sadness and Sorrow Piano,Kato,0.985,0.697,103692.0,0.00781,0.962,4.0,0.0866,-27.928,0.0,0.0529,100.01,4.0
Sadness and Sorrow:Naruto,daigoro789,0.989,0.432,86805.0,0.0531,0.873,4.0,0.107,-23.663,0.0,0.0549,165.584,4.0
Safar,Bhuvan Bam,0.245,0.642,211380.0,0.728,0.00238,7.0,0.101,-6.692,1.0,0.0315,124.983,4.0
Safari - Gritty Remix,Serena,0.635,0.814,195516.0,0.578,0.00134,5.0,0.123,-6.612,0.0,0.0415,102.971,4.0
Safe And Sound,Capital Cities,0.000176,0.655,192790.0,0.819,0.00374,0.0,0.104,-4.852,1.0,0.0316,117.956,5.0
Safe Self Tester,Loka,0.00705,0.151,505507.0,0.723,0.892,10.0,0.487,-8.271,1.0,0.0414,75.002,4.0
Safe With Me (with Audrey Mika),Gryffin,0.0449,0.497,205165.0,0.757,0.0,11.0,0.119,-4.189,1.0,0.127,169.902,4.0
Sahara,Hensonn,0.146,0.615,171385.0,0.521,0.772,2.0,0.11,-9.488,1.0,0.0318,115.016,4.0
Sahara - Slowed,Hensonn,0.231,0.502,214894.0,0.37,0.866,0.0,0.0699,-12.129,0.0,0.0288,183.41,4.0
Sajde,Pritam,0.354,0.693,305583.0,0.638,3.32e-06,11.0,0.0972,-6.715,1.0,0.0498,90.005,4.0
Sakhiyaan,Maninder Buttar,0.3,0.706,179326.0,0.674,0.0,9.0,0.202,-5.932,1.0,0.044,83.001,4.0
Sakura,Osaki,0.969,0.81,123789.0,0.23,0.908,8.0,0.109,-17.331,1.0,0.04,95.014,4.0
Sakura's Theme,Kato,0.995,0.616,61792.0,0.0185,0.969,5.0,0.112,-28.892,1.0,0.0887,70.003,4.0
Sakura's Theme Piano,Kato,0.992,0.719,55324.0,0.0252,0.966,5.0,0.167,-27.685,1.0,0.0757,139.987,4.0
Salaam-E-Ishq,Sonu Nigam,0.0362,0.765,424573.0,0.796,5.12e-05,8.0,0.249,-7.095,1.0,0.0537,103.033,4.0
Salt,Ava Max,0.131,0.693,180283.0,0.835,0.0,6.0,0.073,-3.242,1.0,0.0624,128.052,4.0
"Salut D'Amour, Op. 12",André Rieu,0.881,0.181,199333.0,0.337,0.839,4.0,0.0968,-14.125,1.0,0.0391,89.025,3.0
Same Effect,Ber,0.891,0.533,162373.0,0.181,1.11e-05,8.0,0.149,-10.258,1.0,0.0453,129.83,3.0
Samidare,SUSHI,0.942,0.518,153332.0,0.468,0.119,5.0,0.0928,-8.386,1.0,0.0467,179.994,4.0
Samidare (Naruto),Kato,0.563,0.631,105608.0,0.498,0.888,2.0,0.0987,-8.702,0.0,0.0394,140.009,4.0
Samidare Piano,Kato,0.996,0.699,59245.0,0.0148,0.975,3.0,0.104,-33.153,0.0,0.104,98.032,4.0
San Andreas Theme Song,Young Maylay,0.0263,0.498,86587.0,0.833,0.0,10.0,0.352,-7.138,0.0,0.228,96.491,4.0
San Diego,BRDGS,0.108,0.712,181175.0,0.622,2.22e-06,9.0,0.074,-7.74,1.0,0.0528,100.999,4.0
Sanctuary,Joji,0.387,0.552,180019.0,0.638,0.00014,1.0,0.374,-7.474,1.0,0.11,167.834,4.0
Sanctuary,kyu,0.922,0.378,141600.0,0.294,0.95,5.0,0.106,-13.917,0.0,0.0322,74.919,3.0
"Sapna Jahan (From ""Brothers"")",Ajay-Atul,,,,,,,,,,,,
Sasuke's Childhood (Peaceful Theme),Nico Bellisario,0.865,0.675,110014.0,0.147,0.137,2.0,0.109,-14.331,1.0,0.0396,120.054,4.0
Satisfaction,Subriser,0.219,0.739,181500.0,0.494,2.4e-05,6.0,0.16,-11.595,1.0,0.113,120.069,4.0
Satisfied (Instrumental),Kloudninemusic,0.0272,0.776,218734.0,0.682,0.842,9.0,0.0979,-14.306,1.0,0.0963,157.995,4.0
Satisfied - Chapter IV,KLOUD,0.0705,0.481,230400.0,0.912,0.0,0.0,0.154,-1.493,1.0,0.0414,149.951,4.0
Satisfya,Imran Khan,0.00451,0.726,180056.0,0.652,3.32e-05,1.0,0.226,-7.764,0.0,0.11,163.879,4.0
Saturn,6 Dogs,0.886,0.764,96233.0,0.342,0.000199,6.0,0.118,-10.641,0.0,0.0633,139.895,4.0
Saudebazi (Encore),Javed Ali,0.122,0.69,354863.0,0.73,0.0,5.0,0.346,-6.588,1.0,0.0307,113.969,4.0
Savage,Lund,0.443,0.743,186207.0,0.522,0.0633,2.0,0.132,-12.148,1.0,0.135,115.957,4.0
Save Myself,Jane & The Boy,0.544,0.475,199360.0,0.48,0.0,11.0,0.106,-8.726,1.0,0.0427,77.952,4.0
Save The Day (feat. Coi Leray & LouGotCash),Ski Mask The Slump God,0.00391,0.871,178720.0,0.751,0.0,6.0,0.0853,-8.042,0.0,0.0788,139.984,4.0
Save Your Tears (Remix) (with Ariana Grande) - Bonus Track,The Weeknd,0.0215,0.65,191014.0,0.825,2.44e-05,0.0,0.0936,-4.645,1.0,0.0325,118.091,4.0
Savin' Me,Nickelback,0.000731,0.441,219320.0,0.815,0.0,3.0,0.414,-4.088,1.0,0.0276,164.007,4.0
Savior,Sitrus,0.918,0.647,245161.0,0.115,0.000799,11.0,0.127,-23.054,1.0,0.0394,105.986,4.0
Savior Complex,Phoebe Bridgers,0.931,0.377,241640.0,0.44,0.0196,4.0,0.105,-11.878,1.0,0.0325,128.999,3.0
Saware,Pritam,0.703,0.499,321613.0,0.683,0.00161,6.0,0.0749,-6.373,0.0,0.0334,134.95,4.0
Say,Ruel,0.771,0.617,227434.0,0.315,0.0,3.0,0.0809,-7.998,1.0,0.0326,119.822,3.0
Say Goodbye,Monty Datta,0.468,0.706,150415.0,0.297,0.0,3.0,0.0725,-13.652,1.0,0.132,104.049,4.0
Say It Right - Sped Up Remix,Nelly Furtado,0.0269,0.849,194160.0,0.941,0.00717,8.0,0.0596,-6.448,1.0,0.223,134.479,4.0
Say You Won't Let Go,James Arthur,0.695,0.358,211467.0,0.557,0.0,10.0,0.0902,-7.398,1.0,0.059,85.043,4.0
Scared Of Us,Scorz,0.0849,0.605,211936.0,0.933,0.0276,1.0,0.138,-6.125,1.0,0.038,121.983,4.0
Scared of the Dark (feat. XXXTENTACION),Lil Wayne,0.0468,0.443,233000.0,0.623,0.0,0.0,0.247,-6.717,0.0,0.0718,79.365,4.0
Scary Garry,Kaito Shoma,0.695,0.812,99748.0,0.974,0.512,8.0,0.582,-2.327,1.0,0.227,153.979,4.0
Scary Love,The Neighbourhood,9.45e-05,0.595,222667.0,0.636,0.0529,5.0,0.196,-5.981,0.0,0.0312,112.008,4.0
Scary Monsters and Nice Sprites,Skrillex,0.00336,0.523,243354.0,0.944,0.557,7.0,0.119,-3.581,0.0,0.0837,139.997,4.0
Scary Monsters and Nice Sprites - Noisia Remix,Skrillex,0.00207,0.6,204154.0,0.871,0.3,7.0,0.127,-4.108,0.0,0.235,140.144,4.0
Scary Monsters and Nice Sprites - Zedd Remix,Skrillex,0.000911,0.93,357877.0,0.641,0.0637,7.0,0.572,-3.719,0.0,0.346,127.994,4.0
Scatta (feat. Foreign Beggars & Bare Noize),Skrillex,0.0154,0.618,234891.0,0.928,3.95e-06,0.0,0.201,-5.19,1.0,0.211,140.031,4.0
School road,RADWIMPS,0.515,0.532,68200.0,0.342,0.228,0.0,0.127,-8.153,1.0,0.0923,199.743,4.0
Schön Rosmarin,Fritz Kreisler,0.992,0.561,117240.0,0.242,0.79,7.0,0.0962,-14.686,1.0,0.0677,117.03,4.0
Scrawny,Wallows,0.000985,0.639,166520.0,0.816,0.0604,6.0,0.141,-5.28,0.0,0.0485,138.008,4.0
Scream,High School Musical Cast,0.0603,0.632,236400.0,0.843,0.0,3.0,0.0662,-4.374,0.0,0.0429,110.983,4.0
Scream Saver,Subtronics,0.0225,0.644,230400.0,0.88,0.544,10.0,0.575,0.91,0.0,0.274,75.021,4.0
Screams and Dreams,Faye,0.944,0.417,257812.0,0.0362,3e-06,0.0,0.0729,-16.486,1.0,0.0413,78.045,4.0
Scripture,Eartheater,0.011,0.514,251217.0,0.615,0.06,5.0,0.222,-6.44,0.0,0.0326,140.039,4.0
Seams,INTRN,0.71,0.795,145312.0,0.294,0.0,10.0,0.145,-12.49,1.0,0.219,127.93,4.0
Searching for Answers,Yasumu,0.821,0.639,141818.0,0.067,0.924,5.0,0.358,-24.718,0.0,0.0798,88.003,4.0
Seasons,Rival,0.148,0.542,248276.0,0.676,0.0,6.0,0.101,-7.363,1.0,0.0395,144.907,4.0
Second Birth,DLJ,0.0628,0.58,156667.0,0.254,0.835,11.0,0.342,-18.344,0.0,0.0884,144.008,4.0
Second Chance,Shinedown,0.00107,0.46,222067.0,0.796,0.0,0.0,0.106,-4.501,0.0,0.0333,100.011,4.0
Second Place,loyalties,0.868,0.652,128731.0,0.218,0.00139,6.0,0.109,-16.49,0.0,0.0393,127.794,4.0
Second Scepe,Autechre,0.0867,0.731,465200.0,0.888,0.856,9.0,0.111,-11.914,0.0,0.0656,144.038,4.0
Second Summer,nodisco.,0.156,0.619,210500.0,0.914,3.13e-06,6.0,0.163,-4.684,1.0,0.155,94.828,4.0
See You,Johnny Orlando,0.224,0.667,175145.0,0.729,0.000152,6.0,0.0788,-4.708,1.0,0.038,92.966,4.0
See You Again (feat. Charlie Puth),Wiz Khalifa,0.369,0.689,229526.0,0.481,1.03e-06,10.0,0.0649,-7.503,1.0,0.0815,80.025,4.0
Self Sabotage,MASN,0.0395,0.75,152573.0,0.803,3.37e-06,11.0,0.159,-4.108,0.0,0.033,136.024,4.0
Selfish,Jack Gray,0.951,0.645,177899.0,0.327,0.0,5.0,0.212,-11.015,1.0,0.0567,95.004,4.0
Selfish,Madison Beer,0.627,0.375,223270.0,0.461,0.0,9.0,0.386,-6.202,1.0,0.0279,75.217,4.0
Selfish,Nick Jonas,0.124,0.65,187856.0,0.714,0.0,11.0,0.095,-5.933,1.0,0.0274,132.009,4.0
Senorita,Farhan Akhtar,0.134,0.701,229576.0,0.681,0.0,9.0,0.064,-6.442,1.0,0.0466,122.539,4.0
September,Conro,0.0308,0.722,214576.0,0.716,0.006,8.0,0.105,-5.368,1.0,0.0455,118.039,4.0
September,"Earth, Wind & Fire",0.146,0.674,216022.0,0.832,5.06e-06,9.0,0.138,-7.892,1.0,0.0308,125.996,4.0
Serendipity,Albert Posis,0.173,0.734,144588.0,0.456,0.0,6.0,0.111,-6.89,1.0,0.0358,138.007,3.0
Settin' The Woods On Fire,Hank Williams,0.836,0.757,158267.0,0.3,1.73e-06,0.0,0.0649,-9.017,1.0,0.0434,161.295,4.0
Settle Down,Fly By Midnight,0.607,0.384,178339.0,0.504,0.0,9.0,0.0983,-10.779,1.0,0.0652,105.371,4.0
Seven Devils,Florence + The Machine,0.00913,0.368,303173.0,0.781,0.000308,9.0,0.0477,-5.6,0.0,0.0379,58.534,4.0
Seventeen,Peach Pit,0.00837,0.559,216427.0,0.89,0.00759,11.0,0.103,-5.188,1.0,0.0387,91.509,4.0
Seventeen,Sharon Van Etten,0.0164,0.538,265920.0,0.774,0.265,5.0,0.0685,-7.359,1.0,0.0484,127.107,4.0
Sex on the Beach,Iggy Azalea,0.322,0.881,181154.0,0.75,0.0,6.0,0.117,-6.965,0.0,0.193,119.997,4.0
Sexy And I Know It,LMFAO,0.1,0.707,199480.0,0.861,0.0,7.0,0.191,-4.225,1.0,0.316,130.021,4.0
Señorita,Shawn Mendes,0.0392,0.759,190800.0,0.548,0.0,9.0,0.0828,-6.049,0.0,0.029,116.967,4.0
Sh*t People,Avery Lynch,0.413,0.678,196744.0,0.508,3.36e-05,1.0,0.327,-7.161,1.0,0.35,172.026,4.0
Shadow,Chromatics,0.012,0.591,224528.0,0.539,0.588,11.0,0.29,-9.367,0.0,0.0266,106.605,4.0
Shadow Of Mine,Alec Benjamin,0.512,0.57,165765.0,0.473,2.14e-06,6.0,0.1,-7.504,0.0,0.0677,162.082,3.0
Shady Intentions (feat. Tori Levett),NGHTMRE,0.0984,0.499,182279.0,0.865,0.000712,10.0,0.497,-4.898,0.0,0.0468,158.021,4.0
Shaking,Max Reichert,0.32,0.557,236000.0,0.689,0.00282,5.0,0.24,-9.913,1.0,0.0391,150.032,4.0
Shambhu Sutaya,Sachin-Jigar,0.2,0.431,283040.0,0.813,0.0,5.0,0.115,-6.939,0.0,0.233,95.026,4.0
Shape of You,Ed Sheeran,0.581,0.825,233713.0,0.652,0.0,1.0,0.0931,-3.183,0.0,0.0802,95.977,4.0
Share That Love,Lukas Graham,0.162,0.715,172399.0,0.658,0.0,11.0,0.0742,-4.304,0.0,0.106,158.024,4.0
Share That Love (feat. G-Eazy),Lukas Graham,0.162,0.715,172399.0,0.658,0.0,11.0,0.0742,-4.304,0.0,0.106,158.024,4.0
She,SAB,0.666,0.461,291600.0,0.224,5.26e-06,11.0,0.109,-13.865,0.0,0.028,99.184,4.0
She Chose Me,Bruno Major,0.881,0.477,139960.0,0.167,0.00157,5.0,0.268,-16.664,1.0,0.228,85.516,4.0
She Makes President,Sophie Hunger,0.772,0.504,216169.0,0.418,0.371,2.0,0.111,-11.209,1.0,0.0415,179.018,4.0
She Said,FLETCHER,0.0364,0.649,167811.0,0.758,4.12e-05,10.0,0.36,-5.647,0.0,0.0581,120.001,4.0
She Said,Michael Moawad,0.363,0.715,206375.0,0.46,3.81e-05,6.0,0.258,-10.276,1.0,0.132,134.006,4.0
She Said (Big Jet Plane),Trinix,0.108,0.808,173750.0,0.538,0.0743,0.0,0.0555,-10.211,0.0,0.0608,108.026,4.0
She Share Story,Linearwave,0.56,0.865,80667.0,0.226,0.883,0.0,0.181,-16.294,1.0,0.0807,90.023,4.0
She Wants My Money,Dominic Fike,0.771,0.704,133560.0,0.478,0.000516,9.0,0.0875,-6.562,1.0,0.047,128.789,4.0
She makes me wonder,the engy,0.0556,0.731,217920.0,0.583,0.0,0.0,0.0648,-4.463,1.0,0.0469,87.021,4.0
She's Got You High,Mumm-ra,0.0241,0.462,205213.0,0.738,0.0,4.0,0.293,-4.339,1.0,0.033,131.604,4.0
She's a Riot,The Jungle Giants,0.00214,0.494,221493.0,0.915,0.0,7.0,0.11,-3.795,1.0,0.0583,100.133,4.0
Sheesh!,Surfaces,0.161,0.743,148847.0,0.832,0.0,5.0,0.0925,-3.937,1.0,0.0611,149.951,4.0
Sheila Ki Jawani,Sunidhi Chauhan,0.305,0.803,281707.0,0.859,6.18e-05,6.0,0.553,-4.405,0.0,0.185,101.007,4.0
Shelter,Porter Robinson,0.00293,0.276,218965.0,0.796,0.0,0.0,0.184,-4.499,1.0,0.0579,199.526,4.0
Shine A Light,BANNERS,0.0275,0.532,225827.0,0.748,4.76e-06,0.0,0.153,-5.223,1.0,0.0358,129.97,3.0
Shingeki Gt 20130218 Kyojin,Hiroyuki Sawano,0.505,0.159,151400.0,0.197,0.94,9.0,0.127,-15.228,0.0,0.0312,85.869,3.0
Shining Star,"Earth, Wind & Fire",0.668,0.676,170160.0,0.692,0.00915,9.0,0.13,-13.093,1.0,0.052,102.516,4.0
Shinkai,Eve,0.00378,0.621,266309.0,0.778,2.52e-05,11.0,0.103,-3.818,1.0,0.0284,122.98,4.0
Shinunoga E-Wa,Fujii Kaze,0.166,0.6,185573.0,0.76,4.09e-05,6.0,0.189,-6.124,0.0,0.0452,158.078,4.0
Shirt Da Button,Sonu Nigam,0.451,0.658,408063.0,0.767,0.0,0.0,0.551,-5.477,1.0,0.151,89.985,4.0
Shit Show,Peter McPoland,0.435,0.55,200080.0,0.699,0.0,1.0,0.197,-3.635,1.0,0.17,169.955,4.0
Shoe Laces,Curtis Waters,0.5,0.786,92496.0,0.366,0.065,3.0,0.106,-8.697,1.0,0.0418,110.118,4.0
Shook,Cautious Clay,0.344,0.693,149999.0,0.694,0.000109,8.0,0.112,-6.973,1.0,0.0533,90.011,4.0
Shoot,Tommy Lefroy,0.874,0.361,157801.0,0.172,0.168,7.0,0.132,-15.245,1.0,0.0356,177.118,3.0
Shoot Da Order,Jass Manak,0.00922,0.7,217143.0,0.697,0.0,4.0,0.104,-5.249,0.0,0.0685,83.951,4.0
Shooting Star,Anna Yvette,0.0171,0.56,239839.0,0.742,0.0,8.0,0.178,-5.28,1.0,0.0301,125.027,4.0
Shootout (Sped Up),Izzamuzzic,0.216,0.684,242143.0,0.605,0.941,10.0,0.103,-8.678,0.0,0.0634,104.647,4.0
Short Sighted,Lewis Ross,0.89,0.286,220720.0,0.288,0.00631,0.0,0.419,-12.423,1.0,0.0311,96.688,1.0
Shot In The Dark,AC/DC,2.07e-05,0.599,185133.0,0.787,5.27e-05,2.0,0.064,-4.708,1.0,0.0338,114.065,4.0
Should I Stay or Should I Go - Remastered,The Clash,0.0804,0.743,188987.0,0.836,0.0,2.0,0.384,-6.465,1.0,0.116,113.375,4.0
Shouldn't Be,Luke Chiang,,,,,,,,,,,,
Show Me Your Back,FindMyName,0.313,0.816,194400.0,0.614,0.849,2.0,0.101,-9.707,1.0,0.0678,100.018,4.0
Shubhaarambh,Amit Trivedi,0.2,0.484,232533.0,0.545,0.0,10.0,0.188,-6.607,1.0,0.0485,114.989,4.0
Shukran Allah,Salim–Sulaiman,0.732,0.432,290053.0,0.695,0.0014,1.0,0.274,-8.022,1.0,0.111,116.153,3.0
Shut My Mouth,Koven,2.95e-05,0.436,222000.0,0.945,0.797,5.0,0.148,-2.867,0.0,0.0952,149.886,4.0
Shut The World Out,Kasbo,0.0308,0.496,268966.0,0.679,0.00327,8.0,0.316,-6.893,1.0,0.0345,105.059,4.0
Shut up My Moms Calling,Hotel Ugly,0.325,0.485,164571.0,0.409,0.0,9.0,0.103,-10.711,0.0,0.101,138.419,4.0
Shut up My Moms Calling - (Sped Up),Hotel Ugly,0.312,0.653,135529.0,0.474,6.65e-06,5.0,0.119,-10.899,0.0,0.103,85.024,4.0
Sick of Losing Soulmates,dodie,0.723,0.492,267378.0,0.236,0.159,2.0,0.351,-17.224,1.0,0.0359,75.102,4.0
Side Effects,Carlie Hanson,0.1,0.569,188664.0,0.726,0.0,4.0,0.244,-5.343,1.0,0.178,185.946,4.0
Sidewalk,Paper Idol,0.0979,0.546,201552.0,0.552,0.0,10.0,0.0552,-8.298,0.0,0.36,86.867,4.0
Sign,FLOW,0.00183,0.363,236427.0,0.914,0.0,11.0,0.335,-2.899,0.0,0.0983,177.968,4.0
Sign,内田彩,0.0275,0.633,233960.0,0.854,0.0,1.0,0.337,-3.506,1.0,0.044,101.972,4.0
Signs,Ethan Dufault,0.354,0.767,204742.0,0.68,0.0,11.0,0.175,-6.326,1.0,0.0993,97.079,4.0
Silence,Before You Exit,0.739,0.929,200959.0,0.521,0.187,8.0,0.132,-9.863,1.0,0.0538,124.009,4.0
Silence (feat. Trove),Julian Calor,0.0173,0.747,169568.0,0.728,8.59e-05,10.0,0.0813,-6.683,0.0,0.0785,126.019,4.0
Silent Emotions,Dimension 32,0.98,0.657,158456.0,0.156,0.923,11.0,0.111,-18.942,1.0,0.0335,120.098,4.0
Silent Film,luvwn,0.879,0.559,107585.0,0.0475,0.949,8.0,0.0942,-26.962,0.0,0.049,116.032,4.0
Silent Song,Kato,0.995,0.659,47395.0,0.0252,0.971,0.0,0.118,-29.631,1.0,0.0644,72.679,5.0
Silent Song Piano,Kato,0.992,0.746,66458.0,0.0106,0.968,9.0,0.106,-28.922,0.0,0.108,109.076,4.0
Silent Wood,Purrple Cat,0.916,0.649,187650.0,0.151,0.95,9.0,0.0764,-16.832,0.0,0.0299,99.997,4.0
Silhouette,Goldroom,0.0827,0.715,268040.0,0.641,0.125,0.0,0.122,-7.008,1.0,0.0391,115.014,4.0
Silhouette,Jacob Lee,0.493,0.246,301804.0,0.486,0.0,11.0,0.136,-9.752,0.0,0.0664,79.946,4.0
Silia,Apparat,0.924,0.289,183063.0,0.0852,0.957,3.0,0.0982,-19.513,0.0,0.0335,95.057,4.0
Silver Lines,TRACES,0.0859,0.447,216612.0,0.546,0.0,6.0,0.0739,-7.429,0.0,0.156,88.597,4.0
Silver Lining,The Neighbourhood,0.0226,0.562,179453.0,0.53,0.00419,2.0,0.106,-7.665,1.0,0.0286,122.92,4.0
Silver Skies,MANILA GREY,0.351,0.688,182889.0,0.649,0.0,6.0,0.106,-7.406,1.0,0.0856,99.977,4.0
Simple Dreams,WYS,0.875,0.644,165255.0,0.241,0.36,0.0,0.401,-14.602,1.0,0.0416,138.946,4.0
Sims,Lauv,0.675,0.637,157371.0,0.39,0.0,2.0,0.0687,-8.915,1.0,0.23,99.831,4.0
Sinatra,Forrest Nolan,0.886,0.444,156342.0,0.301,0.0,0.0,0.183,-8.88,1.0,0.0334,95.278,3.0
Sing To Me,MISSIO,0.0864,0.55,189920.0,0.872,0.000291,2.0,0.0617,-4.742,0.0,0.0588,142.041,4.0
Sink into the Floor,Feng Suave,0.712,0.566,281054.0,0.394,2.59e-05,10.0,0.156,-11.438,0.0,0.0445,78.948,4.0
Siren Song,Transcend,0.000145,0.445,373691.0,0.96,0.661,7.0,0.135,-5.803,1.0,0.0515,170.003,4.0
Sit like a Flamingo,Half an Orange,0.0295,0.698,187969.0,0.783,4.25e-05,11.0,0.0868,-7.034,0.0,0.0644,127.967,4.0
Six Days - Remix,DJ Shadow,0.0351,0.641,232000.0,0.943,0.000259,5.0,0.328,-6.254,0.0,0.264,171.811,4.0
Six Feet Apart,Alec Benjamin,0.811,0.492,173705.0,0.378,0.0,5.0,0.136,-7.117,1.0,0.0304,110.907,4.0
Sixty in Paris,Lund,0.0307,0.486,415000.0,0.882,0.0,9.0,0.234,-6.932,1.0,0.0966,119.906,4.0
Skechers,DripReport,0.26,0.903,106000.0,0.327,0.011,1.0,0.108,-9.727,1.0,0.0877,100.008,4.0
Skeletons,Lili Pistorius,0.047,0.758,160000.0,0.729,1.03e-06,9.0,0.067,-6.543,1.0,0.132,128.988,4.0
Skin,Sabrina Carpenter,0.428,0.557,177500.0,0.457,0.0,7.0,0.0567,-5.372,1.0,0.0335,105.918,4.0
Skin & Bones,Lund,0.822,0.849,217942.0,0.285,2.9e-06,7.0,0.116,-11.58,0.0,0.041,125.504,4.0
Skinny Love,Bon Iver,0.845,0.592,238520.0,0.263,5.68e-06,4.0,0.127,-14.029,0.0,0.0568,76.366,4.0
Sky is the Limit,Mark Ambor,0.891,0.519,159345.0,0.256,0.0,4.0,0.181,-14.184,1.0,0.0444,122.715,4.0
Skyline,Khalid,0.0179,0.733,182895.0,0.653,0.0218,11.0,0.184,-6.094,1.0,0.0391,119.996,5.0
Skyline,MÖWE,0.0325,0.629,163948.0,0.87,1.71e-06,8.0,0.129,-3.352,0.0,0.0304,117.96,4.0
Sleep,Linearwave,0.984,0.597,135882.0,0.136,0.889,0.0,0.248,-24.173,0.0,0.0366,135.954,4.0
Sleep 4Ever (with blackbear),JORIE,,,,,,,,,,,,
Sleep Alone,Two Door Cinema Club,0.0001,0.53,236440.0,0.752,0.00176,0.0,0.0926,-5.16,1.0,0.043,148.038,4.0
Sleep On The Floor,The Lumineers,0.249,0.389,211851.0,0.431,0.0,7.0,0.13,-8.061,1.0,0.0344,142.14,4.0
Sleep Peacefully,Low Roar,0.691,0.15,168086.0,0.333,0.37,2.0,0.303,-12.693,1.0,0.0374,169.09,3.0
Sleepwalking,munro,0.474,0.426,329508.0,0.491,0.00331,5.0,0.083,-6.66,0.0,0.0365,61.063,3.0
Sleepwalking (Through the Night),munro,,,,,,,,,,,,
Sleepy Shores,André Rieu,0.894,0.173,237133.0,0.258,0.838,7.0,0.12,-14.238,1.0,0.0319,140.871,4.0
Slide,Frankie Cosmos,0.948,0.593,60905.0,0.243,0.0462,7.0,0.113,-13.849,1.0,0.0539,118.694,4.0
Slip Away,Perfume Genius,0.374,0.603,165330.0,0.509,2.91e-05,1.0,0.0627,-6.824,1.0,0.0311,136.592,4.0
Slipping Through My Fingers,Ethan Hodges,0.828,0.654,221475.0,0.236,0.0,10.0,0.0384,-12.391,1.0,0.0387,137.784,3.0
Slow,shy martin,0.815,0.636,163547.0,0.243,0.0,2.0,0.111,-9.509,1.0,0.04,142.016,4.0
Slow Dance (feat. Ava Max),AJ Mitchell,0.114,0.732,193548.0,0.85,2.02e-06,1.0,0.0388,-5.999,1.0,0.0444,124.024,4.0
Slow Dancing in a Burning Room,John Mayer,0.575,0.667,242000.0,0.361,0.00506,1.0,0.0805,-8.69,0.0,0.0273,134.018,5.0
Slow Down,Low Roar,0.86,0.364,232269.0,0.178,0.000493,10.0,0.106,-16.483,1.0,0.0295,94.065,4.0
Slow Down,Peter McPoland,0.341,0.347,202347.0,0.634,0.0,7.0,0.842,-3.345,1.0,0.051,126.913,3.0
Slow Grenade,Ellie Goulding,0.0996,0.758,217493.0,0.562,0.0,9.0,0.0996,-6.302,1.0,0.0771,142.035,4.0
Slow Hand,Conway Twitty,0.22,0.796,174640.0,0.337,0.0,5.0,0.115,-18.041,1.0,0.0334,106.923,4.0
Slow Motion,Charlotte Lawrence,0.423,0.665,183850.0,0.61,0.0,0.0,0.127,-7.655,0.0,0.0436,127.971,4.0
Slow Nights,Besomorph,0.464,0.674,152381.0,0.491,1.77e-05,3.0,0.106,-10.853,0.0,0.36,126.038,4.0
Slow Party,WILLIS,0.00703,0.204,313173.0,0.747,0.000261,9.0,0.13,-6.72,0.0,0.0338,150.804,4.0
Slow Ride,Foghat,0.0202,0.493,232533.0,0.586,0.00106,2.0,0.102,-13.916,1.0,0.046,113.618,4.0
Smack That,Akon,0.321,0.939,212360.0,0.742,0.0,5.0,0.107,-5.171,0.0,0.0467,118.978,4.0
Smells Like Me,Charlie Puth,0.329,0.602,204079.0,0.565,0.0,11.0,0.0622,-6.498,1.0,0.0498,208.038,4.0
Smells Like Teen Spirit,Nirvana,2.55e-05,0.502,301920.0,0.912,0.000173,1.0,0.106,-4.556,1.0,0.0564,116.761,4.0
Smile in the Face of the Devil,Matt Maltese,0.913,0.48,158714.0,0.363,0.75,3.0,0.11,-7.561,1.0,0.029,120.61,3.0
Smithereens,Twenty One Pilots,0.296,0.764,177040.0,0.548,1.01e-05,6.0,0.0769,-7.627,1.0,0.14,151.02,4.0
Snowman,Sia,0.483,0.716,165907.0,0.512,0.0,1.0,0.0928,-6.257,1.0,0.0331,104.957,3.0
So Anxious,Ginuwine,0.279,0.733,276067.0,0.395,2.37e-06,6.0,0.468,-11.959,0.0,0.0366,96.085,4.0
So Bad,Ethan Dufault,0.0696,0.806,151327.0,0.515,2.46e-06,9.0,0.0639,-6.834,1.0,0.0455,112.989,4.0
So Far Away,Surfaces,0.149,0.714,207375.0,0.68,6.27e-06,4.0,0.098,-5.321,1.0,0.132,160.021,4.0
So Far Away (feat. Jamie Scott & Romy Dya),Martin Garrix,0.435,0.526,183637.0,0.52,0.0,6.0,0.197,-7.985,0.0,0.0569,149.119,4.0
So Lonely,Jorja Smith,0.941,0.451,199934.0,0.159,7.71e-06,3.0,0.12,-10.443,1.0,0.0487,141.475,4.0
So Sick (feat. blackbear) [Martin Jensen Remix],Kiiara,0.121,0.803,165492.0,0.491,9.69e-06,6.0,0.0689,-7.196,1.0,0.0821,121.984,4.0
So What (feat. A R I Z O N A),Louis The Child,0.3,0.799,177476.0,0.791,0.00089,2.0,0.104,-5.173,1.0,0.109,119.993,4.0
So Wrong,JØRD,0.116,0.754,136615.0,0.441,0.0,4.0,0.119,-8.59,0.0,0.0383,130.019,4.0
Sober,Childish Gambino,0.0979,0.701,252013.0,0.591,2.53e-05,0.0,0.551,-6.646,1.0,0.0301,98.056,4.0
Socha Hai,Farhan Akhtar,0.722,0.593,246132.0,0.773,0.0,2.0,0.117,-5.591,1.0,0.0339,133.975,4.0
Social Stamina,ROSIE,0.875,0.698,154560.0,0.197,0.0,3.0,0.0799,-8.799,1.0,0.0334,109.794,4.0
Sociopath,StayLoose,0.0767,0.611,204827.0,0.562,3.23e-06,1.0,0.118,-7.849,0.0,0.0874,74.994,4.0
Sofia,Askjell,0.975,0.415,437317.0,0.216,0.92,6.0,0.105,-17.86,0.0,0.0439,113.875,4.0
Soft Room,Lorn,0.0775,0.417,143173.0,0.868,0.792,6.0,0.305,-7.993,0.0,0.0451,79.705,4.0
Softcore,The Neighbourhood,0.0484,0.575,206280.0,0.568,0.000417,9.0,0.286,-5.509,0.0,0.03,93.986,4.0
Sokkenai,RADWIMPS,0.594,0.626,392427.0,0.399,0.0,0.0,0.101,-7.304,1.0,0.0363,109.916,4.0
Sola,Nina Cobham,0.286,0.749,198594.0,0.393,0.000218,4.0,0.113,-13.374,0.0,0.199,125.336,4.0
Solar Power,Lorde,0.237,0.73,192621.0,0.483,7.99e-05,4.0,0.31,-8.565,1.0,0.0879,87.996,4.0
"Solfeggio in C Minor, Wq. 117/2, H. 220",Carl Philipp Emanuel Bach,0.988,0.265,62307.0,0.146,0.92,5.0,0.124,-24.717,0.0,0.0432,77.239,4.0
Solid Ground,Bishu,0.0371,0.718,150492.0,0.677,5.81e-05,4.0,0.112,-6.668,1.0,0.0361,122.003,4.0
Solo,Prismo,0.000354,0.442,183755.0,0.847,0.011,10.0,0.374,-4.111,0.0,0.107,179.872,3.0
Somber,Koopville,0.823,0.678,143273.0,0.101,0.879,11.0,0.11,-16.304,0.0,0.0366,122.033,4.0
Some Type of Love,Charlie Puth,0.392,0.702,187907.0,0.595,0.0,2.0,0.0753,-6.005,1.0,0.0912,90.497,4.0
Somebody I'm Not,Martin Jensen,0.153,0.718,167727.0,0.725,0.0,9.0,0.32,-5.409,1.0,0.0519,100.044,4.0
Somebody To Love,OneRepublic,0.0158,0.401,181408.0,0.503,0.0,2.0,0.134,-8.084,1.0,0.0439,118.486,4.0
Somebody To You,The Vamps,0.0854,0.559,182827.0,0.849,0.0,3.0,0.328,-4.676,1.0,0.0454,86.978,4.0
Somebody Told Me,Charlie Puth,0.101,0.592,216053.0,0.839,0.0,1.0,0.0528,-4.944,0.0,0.0564,168.501,4.0
Someday,Lliam Taylor,0.89,0.766,201656.0,0.432,0.83,1.0,0.0983,-11.831,1.0,0.129,112.027,4.0
Someone,Space Primates,0.0918,0.688,203825.0,0.767,0.0,1.0,0.117,-5.424,0.0,0.0386,135.072,4.0
Someone Else's Star,FINNEAS,0.865,0.617,209174.0,0.195,3.52e-05,0.0,0.0964,-11.93,1.0,0.0467,114.894,4.0
Someone New,Hozier,0.429,0.443,222813.0,0.533,3.66e-06,7.0,0.332,-5.956,1.0,0.0473,183.791,4.0
Someone To Say - Reprise,Peter Dinklage,0.736,0.539,171400.0,0.407,0.0,9.0,0.122,-10.878,1.0,0.0408,115.969,3.0
Someone To You,BANNERS,0.00517,0.52,219801.0,0.903,0.0,2.0,0.254,-5.497,1.0,0.042,74.988,4.0
Someone You Loved,Lewis Capaldi,0.751,0.501,182161.0,0.405,0.0,1.0,0.105,-5.679,1.0,0.0319,109.891,4.0
Someone You Loved,Nicholas Lentz,0.746,0.594,183792.0,0.455,0.0,1.0,0.0943,-7.353,1.0,0.027,109.876,4.0
Something Big,Shawn Mendes,0.00614,0.695,161440.0,0.854,0.0,7.0,0.158,-3.891,0.0,0.0431,112.008,4.0
Something Bout That Feeling,Devin Kennedy,0.064,0.69,132689.0,0.397,0.0,5.0,0.0784,-6.514,1.0,0.0453,203.723,4.0
Something In The Way,Nirvana,0.745,0.427,232147.0,0.201,0.263,8.0,0.109,-13.044,1.0,0.0317,105.218,4.0
Something Just Like This,The Chainsmokers,0.0498,0.617,247160.0,0.635,1.44e-05,11.0,0.164,-6.769,0.0,0.0317,103.019,4.0
Something Stupid (feat. AWA),Jonas Blue,0.276,0.705,176734.0,0.864,0.00037,0.0,0.0872,-5.13,0.0,0.0344,120.012,4.0
Something To Remember Me By,The Horrors,0.00221,0.626,400042.0,0.725,0.686,0.0,0.116,-8.394,1.0,0.0285,121.017,4.0
Something in the Middle,Ewan J Phillips,0.937,0.409,233000.0,0.0914,0.0,3.0,0.0986,-15.083,1.0,0.0555,74.83,4.0
Sometimes,Grey Daze,0.0298,0.463,206680.0,0.9,0.000459,4.0,0.0651,-3.757,0.0,0.0523,159.964,3.0
Somewhere Now,luvwn,0.94,0.581,169411.0,0.152,0.925,4.0,0.0942,-24.074,0.0,0.0517,102.142,4.0
Son,Sleeping At Last,0.924,0.358,244004.0,0.277,0.0,10.0,0.19,-12.42,1.0,0.0344,109.555,4.0
"Sonata for Violin and Guitar in A Minor, Op. 2, No. 6, MS 26: Tempo di Walzer",Niccolò Paganini,0.882,0.555,98973.0,0.151,0.573,9.0,0.0832,-16.742,0.0,0.0477,146.782,3.0
Song 1,Mud Flow,0.939,0.632,192773.0,0.193,0.0882,11.0,0.0903,-15.796,0.0,0.0309,112.155,4.0
Song You'll Never Hear (feat. Maisie Peters),Sarcastic Sounds,0.844,0.529,153191.0,0.64,0.0,9.0,0.106,-7.038,1.0,0.0628,81.505,4.0
Song of the South,Alabama,0.176,0.486,190800.0,0.633,0.0,9.0,0.312,-8.414,1.0,0.0365,162.158,4.0
Sonho Lúcido,colours in the dark,0.922,0.545,165000.0,0.0706,0.828,0.0,0.0776,-22.841,0.0,0.0376,128.018,4.0
Soni De Nakhre,Wajid,0.00698,0.829,261013.0,0.852,0.000278,6.0,0.055,-5.4,1.0,0.0477,131.989,4.0
Soniye,KK,0.0701,0.615,296720.0,0.76,3.95e-05,2.0,0.12,-8.082,1.0,0.0761,171.951,4.0
Soniyo,Raju Singh,0.504,0.637,328440.0,0.591,3.29e-06,9.0,0.135,-6.117,1.0,0.0342,119.956,4.0
Sooner,The Low Blow,0.813,0.561,151385.0,0.0783,0.0,3.0,0.067,-16.281,1.0,0.0397,129.984,4.0
"Sorochintsi Fair, Act I: Gopak (Hopak)",Modest Mussorgsky,0.953,0.49,109000.0,0.225,0.671,7.0,0.296,-16.843,1.0,0.0428,127.316,4.0
Sorrento,Alexenn,0.0177,0.65,228571.0,0.9,0.000611,9.0,0.0946,-4.071,0.0,0.0375,125.978,4.0
"Sorrow - From ""Gladiator"" Soundtrack",Lisa Gerrard,0.821,0.124,86307.0,0.133,0.852,1.0,0.12,-23.052,1.0,0.0421,83.766,4.0
Sorry,Halsey,0.913,0.513,220541.0,0.25,0.0,5.0,0.117,-9.376,0.0,0.0367,74.103,4.0
Sorry,Justin Bieber,0.0797,0.654,200787.0,0.76,0.0,0.0,0.299,-3.669,0.0,0.045,99.945,4.0
Sorry Seems To Be The Hardest Word - feat.Elton John,Blue,0.19,0.566,221893.0,0.586,1.3e-05,7.0,0.379,-6.889,0.0,0.0313,78.964,4.0
Sorry Sorry,Sachin-Jigar,0.0561,0.789,197427.0,0.797,0.0186,0.0,0.129,-8.557,1.0,0.0478,126.996,4.0
Sorry to Your Next Ex,Haiden,0.0687,0.614,169613.0,0.65,0.0,8.0,0.117,-8.208,1.0,0.0323,140.974,4.0
Sound Mirrors,Coldcut,0.196,0.516,359387.0,0.679,0.245,10.0,0.167,-8.394,0.0,0.032,83.003,4.0
Sour Times,Portishead,0.0508,0.698,252267.0,0.633,0.272,8.0,0.264,-6.68,0.0,0.0406,94.085,4.0
South,HXVRMXN,0.399,0.866,192000.0,0.667,0.00242,6.0,0.156,-6.68,0.0,0.0558,139.939,4.0
South of the Border (feat. Camila Cabello & Cardi B),Ed Sheeran,0.148,0.857,204467.0,0.621,0.0,9.0,0.0865,-6.376,0.0,0.0825,97.989,4.0
Soy Yo,Bomba Estéreo,0.0396,0.887,159800.0,0.581,0.000198,11.0,0.0788,-7.632,0.0,0.172,117.042,4.0
Space Bound,Eminem,0.0417,0.668,278640.0,0.886,0.0,0.0,0.459,-3.474,1.0,0.117,142.002,4.0
Space Makes Me Sad,Fiji Blue,0.387,0.557,136419.0,0.429,0.000478,6.0,0.192,-10.266,1.0,0.189,90.574,4.0
Space Song,Beach House,0.229,0.508,320467.0,0.792,0.124,0.0,0.145,-7.311,0.0,0.0297,147.067,4.0
Spark,kyu,0.937,0.849,151018.0,0.308,0.859,9.0,0.102,-11.735,0.0,0.0367,105.001,3.0
Sparkle - English Version,RADWIMPS,0.56,0.539,411493.0,0.508,0.0,11.0,0.113,-5.913,1.0,0.0348,123.958,4.0
Sparkle - Original Version,RADWIMPS,0.729,0.634,410213.0,0.506,1.11e-06,11.0,0.12,-5.882,1.0,0.0316,124.003,4.0
Sparkle - movie ver.,RADWIMPS,0.687,0.372,537653.0,0.426,0.00784,11.0,0.109,-8.421,1.0,0.0339,123.993,4.0
Speakers,Alec Benjamin,0.802,0.416,159966.0,0.55,0.0,6.0,0.319,-5.78,1.0,0.0493,99.383,4.0
Spiders,RAINNE,0.188,0.674,191250.0,0.555,9.6e-06,2.0,0.3,-6.712,1.0,0.0323,95.981,4.0
Spinnin,Connor Price,0.226,0.765,110938.0,0.572,0.0,11.0,0.192,-6.153,0.0,0.128,140.013,4.0
Spinning Over You,REYKO,0.67,0.805,194746.0,0.842,0.116,1.0,0.14,-2.207,0.0,0.0357,99.984,4.0
Spiral Stairs,Yot Club,0.491,0.829,146026.0,0.57,0.206,8.0,0.0847,-7.609,1.0,0.11,121.638,4.0
Spoil My Night (feat. Swae Lee),Post Malone,0.341,0.672,194560.0,0.717,2.4e-05,1.0,0.106,-2.714,1.0,0.034,160.981,4.0
Spoiler - Original Mix,Hyper,0.000969,0.424,272000.0,0.797,0.841,5.0,0.234,-2.321,1.0,0.0577,179.893,4.0
Spotlight,Mutemath,0.000155,0.41,200516.0,0.901,1.08e-05,10.0,0.243,-4.498,1.0,0.0691,152.039,4.0
Square One,Grandtheft,0.254,0.608,205847.0,0.732,0.0,10.0,0.161,-4.767,0.0,0.108,149.845,4.0
"Srivalli (From ""Pushpa The Rise Part - 01"")",Javed Ali,,,,,,,,,,,,
St. Eriksplan,Low Roar,0.731,0.453,221188.0,0.236,0.596,11.0,0.12,-12.606,0.0,0.0282,98.065,4.0
Stadiums - Acoustic,Ben Schuller,0.967,0.451,194221.0,0.259,0.0,7.0,0.138,-9.396,0.0,0.0389,102.25,4.0
Stan,Eminem,0.0371,0.78,404107.0,0.768,2.34e-06,6.0,0.518,-4.325,0.0,0.238,80.063,4.0
Stan - Recorded at Spotify Studios NYC,Alec Benjamin,0.625,0.693,202482.0,0.549,0.0,6.0,0.122,-8.964,0.0,0.418,82.152,4.0
Star,Bazzi,0.3,0.694,169872.0,0.389,0.0,8.0,0.158,-5.41,1.0,0.0706,90.984,4.0
Star Glide,MUZZ,7.18e-05,0.42,307199.0,0.964,0.000274,7.0,0.543,-1.397,1.0,0.107,174.881,4.0
StarWaves,M83,0.237,0.321,221022.0,0.177,0.837,8.0,0.102,-12.708,1.0,0.035,99.088,4.0
Starboy,The Weeknd,0.141,0.679,230453.0,0.587,6.35e-06,7.0,0.137,-7.015,1.0,0.276,186.003,4.0
Stargazing,The Neighbourhood,0.00304,0.512,217027.0,0.483,0.0011,0.0,0.12,-7.798,1.0,0.0298,160.009,4.0
Stars,Sam Mueller,0.743,0.653,178326.0,0.384,0.0,7.0,0.11,-11.765,1.0,0.051,95.058,4.0
Stars,imagiro,0.841,0.694,110634.0,0.347,0.916,0.0,0.108,-13.28,1.0,0.0627,69.824,4.0
Start Again (feat. Logic),OneRepublic,0.162,0.564,165627.0,0.722,0.0,1.0,0.0931,-5.59,0.0,0.124,99.083,4.0
Start Me Up - Remastered 2009,The Rolling Stones,0.0436,0.631,213067.0,0.932,0.137,5.0,0.0918,-4.142,1.0,0.0354,122.429,4.0
Start Up,Jonathan & Friends,0.618,0.583,178859.0,0.642,2.48e-06,3.0,0.119,-9.843,1.0,0.113,162.027,4.0
Start Up (Stripped),Jonathan & Friends,0.798,0.332,186667.0,0.329,0.0,3.0,0.0909,-7.152,1.0,0.0333,160.759,4.0
Start a Riot,Duckwrth,0.0128,0.728,171467.0,0.727,0.0,2.0,0.0882,-3.585,1.0,0.206,143.144,4.0
Stat - Original Mix,Audiophile 021,0.00523,0.812,327725.0,0.621,0.841,11.0,0.0904,-12.215,0.0,0.0817,140.011,4.0
Stay,Hans Zimmer,0.00612,0.0863,412424.0,0.0476,0.906,5.0,0.125,-15.941,1.0,0.0449,85.368,4.0
Stay (Don't Go),Kid Travis,0.0346,0.458,207161.0,0.239,0.0,11.0,0.0815,-15.877,0.0,0.0599,94.993,4.0
Stay Alive (Prod. SUGA of BTS),Jung Kook,0.299,0.512,210928.0,0.76,0.0,2.0,0.103,-5.889,0.0,0.0682,130.096,4.0
Stay Alone,2hz,0.577,0.504,226254.0,0.76,0.0,0.0,0.251,-4.518,0.0,0.176,86.674,4.0
Stay High,Annika Wells,0.0487,0.616,205714.0,0.654,0.0,5.0,0.113,-5.538,1.0,0.0564,153.901,4.0
Stay Over,Tove Lo,0.547,0.639,189191.0,0.552,0.0,6.0,0.0903,-6.916,0.0,0.145,151.426,3.0
Stay The Night,Egzod,0.263,0.626,192200.0,0.839,0.000741,4.0,0.18,-3.938,0.0,0.0465,149.97,4.0
Stay Together,Lauv,0.256,0.892,140316.0,0.595,1.79e-05,9.0,0.116,-7.053,1.0,0.0811,155.086,4.0
Steal My Clothes (feat. Bea Miller),Kito,0.608,0.743,129947.0,0.389,1.65e-06,8.0,0.272,-9.121,1.0,0.128,98.006,4.0
Stella Brown,Jelani Aryeh,0.273,0.733,186325.0,0.481,0.0739,2.0,0.287,-7.554,1.0,0.0347,125.009,4.0
Step,Vampire Weekend,0.605,0.621,251627.0,0.713,8.28e-06,10.0,0.103,-7.226,1.0,0.102,78.022,4.0
Step Back!,1nonly,0.185,0.783,150675.0,0.89,0.00417,1.0,0.0969,-5.995,1.0,0.2,127.996,4.0
Stereo Hearts (feat. Adam Levine),Gym Class Heroes,0.0319,0.646,210960.0,0.795,0.0,9.0,0.267,-3.293,1.0,0.0976,89.99,4.0
Steve,Alec Benjamin,0.845,0.348,173487.0,0.353,0.0,10.0,0.181,-9.012,1.0,0.0334,80.558,3.0
Still Don't Know My Name,Labrinth,0.471,0.316,153294.0,0.63,0.262,5.0,0.205,-5.963,1.0,0.117,89.643,1.0
Still Dreaming,Lenny Loops,0.772,0.534,144000.0,0.15,0.859,7.0,0.112,-21.428,0.0,0.0287,60.012,4.0
Still Feel It All,MARO,0.949,0.488,201273.0,0.141,0.00153,9.0,0.0929,-16.96,1.0,0.035,105.01,4.0
Still Getting It,Foreign Beggars,0.00551,0.589,240012.0,0.955,0.00103,5.0,0.369,-4.81,0.0,0.116,140.068,4.0
Still In Love,Jaden,0.875,0.402,205320.0,0.488,0.000159,9.0,0.314,-12.103,0.0,0.374,82.701,4.0
Still Looking - CESQEAUX Remix,San Holo,0.133,0.617,189200.0,0.803,5.5e-05,6.0,0.0902,-6.015,1.0,0.0858,150.051,4.0
"Still dreaming, backwards",Ella Vos,0.153,0.591,190846.0,0.691,4.19e-06,6.0,0.101,-4.599,1.0,0.0259,108.027,4.0
Stitches,Shawn Mendes,0.0151,0.752,206880.0,0.754,0.0,1.0,0.0486,-6.684,1.0,0.0615,149.789,4.0
Stitches,good problem,0.0198,0.775,160929.0,0.485,4.06e-05,6.0,0.0942,-6.958,1.0,0.0474,146.046,4.0
Stoned at the Nail Salon,Lorde,0.948,0.473,266432.0,0.128,5.36e-05,2.0,0.101,-12.303,1.0,0.0365,93.95,3.0
Stoner,Teddy Failure,0.85,0.776,160900.0,0.314,0.0,6.0,0.138,-9.228,1.0,0.066,78.488,4.0
Stop,AJ Mitchell,0.0337,0.723,177041.0,0.545,0.0,0.0,0.0901,-6.694,0.0,0.0334,104.014,4.0
Straight To The Morning,Hot Chip,0.00351,0.69,199929.0,0.845,2.79e-06,6.0,0.418,-6.01,1.0,0.15,122.023,4.0
Stranger,Lauv,0.128,0.65,164689.0,0.538,4.95e-06,5.0,0.127,-7.511,1.0,0.0464,153.179,4.0
Stranger Things (feat. OneRepublic),Kygo,0.146,0.659,178413.0,0.742,0.0,0.0,0.217,-4.624,1.0,0.0283,106.947,4.0
Strangers in the Night,Ewan J Phillips,0.728,0.288,183445.0,0.346,0.00016,9.0,0.108,-10.101,0.0,0.0338,131.333,4.0
Strawberries & Cigarettes,Troye Sivan,0.162,0.578,201539.0,0.537,0.0,9.0,0.076,-8.676,1.0,0.0832,83.909,4.0
Strawberry Huracan,MASN,0.295,0.62,177027.0,0.709,0.0,2.0,0.22,-5.081,1.0,0.0384,138.98,4.0
Strawberry Skies,Kid Travis,0.366,0.65,165333.0,0.462,0.0,11.0,0.159,-6.587,0.0,0.089,89.887,4.0
Stressed Out,Twenty One Pilots,0.0462,0.734,202333.0,0.637,2.29e-05,4.0,0.0602,-5.677,0.0,0.141,169.977,4.0
"String Quintet in E Major, Op. 11 No. 5, G. 275: III. Minuetto",Luigi Boccherini,0.963,0.35,208267.0,0.0324,0.433,9.0,0.089,-30.117,1.0,0.0455,125.735,3.0
Stronger,Kanye West,0.00564,0.617,311867.0,0.717,0.0,10.0,0.408,-7.858,0.0,0.153,103.992,4.0
Stronger,TheFatRat,0.0658,0.673,205500.0,0.916,0.0587,6.0,0.0769,-3.814,0.0,0.0344,160.025,3.0
Stronger Than I Was,Eminem,0.121,0.781,336519.0,0.602,0.0,1.0,0.148,-5.426,1.0,0.107,121.998,4.0
Stuck with Me,The Neighbourhood,0.018,0.538,258227.0,0.742,0.014,9.0,0.152,-6.365,0.0,0.0521,165.951,4.0
Stumblin' In,Chris Norman,0.135,0.758,239611.0,0.683,0.000227,7.0,0.345,-11.521,1.0,0.0314,129.251,4.0
Stumblin' In - 2017 Remaster,Chris Norman,0.135,0.758,239611.0,0.683,0.000227,7.0,0.345,-11.521,1.0,0.0314,129.251,4.0
Stunnin' (feat. Harm Franklin),Curtis Waters,0.33,0.885,144000.0,0.685,0.0,11.0,0.148,-6.429,0.0,0.0627,99.954,4.0
Such A Boy,Astrid S,0.0481,0.668,210680.0,0.776,2.2e-06,6.0,0.0798,-5.167,0.0,0.111,95.003,4.0
Such Keh Raha Hai,KK,0.337,0.797,328880.0,0.306,0.0,11.0,0.169,-14.176,0.0,0.0487,124.003,4.0
Such a Remarkable Day,Charlotte Gainsbourg,0.0105,0.57,217333.0,0.895,0.00111,0.0,0.0978,-4.097,1.0,0.0255,99.991,4.0
Sugar,Maroon 5,0.0591,0.748,235493.0,0.788,0.0,1.0,0.0863,-7.055,1.0,0.0334,120.076,4.0
Sugar,haer,0.688,0.652,198293.0,0.391,3.52e-05,3.0,0.145,-10.767,1.0,0.145,82.007,4.0
Sugar & Brownies,DHARIA,0.168,0.792,197837.0,0.719,0.0,1.0,0.0276,-5.123,0.0,0.257,100.02,4.0
Sugar Youth,Green Day,5.25e-06,0.366,114331.0,0.947,0.0359,9.0,0.337,-5.747,1.0,0.0599,177.98,4.0
SugarCrash!,ElyOtto,0.524,0.748,80081.0,0.734,1.15e-05,0.0,0.0975,-6.499,1.0,0.124,97.753,4.0
SugarCrash! (feat. Kim Petras & Curtis Waters),ElyOtto,0.123,0.658,152373.0,0.756,0.0,0.0,0.0537,-6.372,1.0,0.0936,97.115,4.0
"Suite Bergamasque, L. 75: 3. Claire de lune (Arranged for Violin and Orchestra)",Isaac Stern,0.892,0.0994,285507.0,0.155,0.8,1.0,0.0939,-17.501,1.0,0.0404,88.542,3.0
"Suite Bergamasque, L. 75: III. Clair De Lune",Steve Anderson,0.994,0.288,317533.0,0.00341,0.914,1.0,0.0655,-36.278,1.0,0.047,74.662,4.0
"Suite No. 3 in D Major, BWV 1068: II. Air",Johann Sebastian Bach,0.922,0.0769,363253.0,0.0846,0.929,2.0,0.113,-25.997,1.0,0.045,176.329,4.0
Summer Days (feat. Macklemore & Patrick Stump of Fall Out Boy),Martin Garrix,0.179,0.661,163805.0,0.723,1.23e-05,5.0,0.14,-6.976,0.0,0.0566,113.778,4.0
Summer Feelings (feat. Charlie Puth) - From 'SCOOB!' The Album,Lennon Stella,0.262,0.696,160289.0,0.686,0.0,5.0,0.174,-6.113,0.0,0.0309,115.982,4.0
Summer Fling,Nina Nesbitt,0.0344,0.611,228571.0,0.903,0.0186,0.0,0.107,-5.719,0.0,0.0311,126.01,4.0
Summer High,AP Dhillon,0.165,0.86,177391.0,0.541,0.163,1.0,0.0663,-6.51,0.0,0.0325,114.984,4.0
Summer Is Over,KSI,0.422,0.349,188561.0,0.745,1.18e-05,0.0,0.34,-5.234,1.0,0.0454,95.98,4.0
Summer Nights,Lauv,0.0581,0.783,156050.0,0.825,6.12e-05,0.0,0.0631,-7.483,0.0,0.0751,139.956,4.0
Summer Nights,Teddy Failure,0.467,0.829,141998.0,0.571,3.13e-06,6.0,0.361,-7.765,1.0,0.0791,136.339,4.0
Summer Picnic,Jordy Chandra,0.784,0.726,115385.0,0.322,0.897,10.0,0.663,-12.98,1.0,0.0442,104.1,4.0
Summer Vibe,Forrest Nolan,0.435,0.891,200293.0,0.627,0.0,4.0,0.266,-8.458,1.0,0.0566,136.024,4.0
Summer of Love (Shawn Mendes & Tainy),Shawn Mendes,0.0297,0.776,184104.0,0.808,0.000127,11.0,0.103,-4.501,1.0,0.117,123.988,4.0
Summer's Gone,Maria Lynn,0.835,0.483,204205.0,0.271,0.0,10.0,0.13,-10.981,1.0,0.0569,86.856,4.0
Summertime Sadness - Sped Up,Lana Del Rey,0.0311,0.509,197354.0,0.84,0.000169,5.0,0.0969,-4.984,0.0,0.0441,149.907,4.0
Summit (feat. Ellie Goulding),Skrillex,0.226,0.692,373987.0,0.773,0.0104,6.0,0.108,-3.739,1.0,0.0359,139.989,4.0
Sun Comes Up (feat. James Arthur),Rudimental,0.00791,0.619,232627.0,0.858,0.0,10.0,0.173,-5.28,1.0,0.0929,106.017,4.0
"Sun Down, I'm Up - Sped Up & Pitched",Lil Yawh,0.6,0.801,95971.0,0.358,0.928,11.0,0.145,-12.681,0.0,0.079,121.052,4.0
Sun Zara,Sonu Nigam,0.461,0.584,366760.0,0.655,0.0,5.0,0.0595,-10.764,1.0,0.0773,74.435,4.0
Suna Suna,Shreya Ghoshal,0.481,0.331,444369.0,0.424,2.68e-05,2.0,0.0893,-9.242,1.0,0.0459,80.602,4.0
Sunday Best,Surfaces,0.183,0.878,158571.0,0.525,0.0,5.0,0.0714,-6.832,1.0,0.0578,112.022,4.0
Sunflower (feat. Steve Lacy),Vampire Weekend,0.406,0.863,137600.0,0.576,0.00824,8.0,0.141,-5.691,1.0,0.0567,100.03,4.0
Sunflower - Spider-Man: Into the Spider-Verse,Post Malone,0.556,0.76,158040.0,0.479,0.0,2.0,0.0703,-5.574,1.0,0.0466,89.911,4.0
Sunn Raha Hai (Female),Shreya Ghoshal,0.703,0.482,314700.0,0.595,0.000203,9.0,0.136,-5.336,0.0,0.0289,82.066,4.0
Sunny Day,MR TOUT LE MONDE,0.512,0.451,192000.0,0.422,0.162,3.0,0.139,-8.477,0.0,0.0433,119.998,4.0
Sunroof,Nicky Youre,0.352,0.768,163026.0,0.714,0.0,10.0,0.15,-5.11,1.0,0.0401,131.443,4.0
Sunset/Sunrise,Snøw,0.903,0.753,87353.0,0.24,0.000451,10.0,0.109,-12.095,1.0,0.0458,77.993,4.0
Sunsetz,Cigarettes After Sex,0.0542,0.412,214680.0,0.477,0.798,9.0,0.0975,-9.381,0.0,0.029,75.302,4.0
Sunshine,OneRepublic,0.137,0.697,163855.0,0.875,0.0,5.0,0.28,-4.621,1.0,0.034,140.069,4.0
Super Galaxtica,Mike Shinoda,0.13,0.711,149205.0,0.775,0.873,8.0,0.137,-4.736,1.0,0.0372,140.027,4.0
Superhero,Lauv,0.818,0.68,179998.0,0.34,0.0,7.0,0.285,-8.617,1.0,0.034,130.027,4.0
Supermarket Flowers,Ed Sheeran,0.914,0.589,221107.0,0.242,0.0,6.0,0.0887,-10.517,1.0,0.0442,89.749,4.0
"Supersonic (My Existence) [with Noisia, josh pan & Dylan Brady]",Skrillex,0.0145,0.487,167253.0,0.669,0.00349,9.0,0.102,-6.473,1.0,0.232,172.026,3.0
Supersonic (feat. Christian Burns),Swanky Tunes,0.00814,0.34,245784.0,0.923,0.000829,0.0,0.385,-3.864,0.0,0.131,127.789,4.0
Superstar Sh*t,Dominic Fike,0.945,0.756,127055.0,0.394,0.0371,4.0,0.12,-7.321,0.0,0.0956,70.027,4.0
Suraj Hua Maddham,Sandesh Shandilya,0.329,0.633,427547.0,0.691,0.000211,5.0,0.134,-5.851,1.0,0.0557,80.002,4.0
Surrender,Natalie Taylor,0.8,0.39,183103.0,0.448,0.182,5.0,0.107,-8.57,0.0,0.0276,144.89,5.0
Suspicious Minds,Mokita,0.851,0.491,203682.0,0.417,0.0,7.0,0.117,-3.287,1.0,0.0287,114.932,4.0
Suspirium,Thom Yorke,0.988,0.457,201768.0,0.223,0.918,1.0,0.135,-15.432,0.0,0.0317,150.998,3.0
Suzume,RADWIMPS,0.615,0.571,236391.0,0.415,0.0,2.0,0.187,-6.572,0.0,0.0305,78.025,4.0
Suzume no Tojimari,Chewie Melodies,0.95,0.586,105918.0,0.129,0.0,2.0,0.253,-16.577,0.0,0.0474,144.338,4.0
Swan Lake- Dance of the Swans,Pyotr Ilyich Tchaikovsky,0.985,0.497,89653.0,0.118,0.863,11.0,0.113,-30.142,0.0,0.0312,112.996,4.0
Sweater Weather,The Neighbourhood,0.0495,0.612,240400.0,0.807,0.0177,10.0,0.101,-2.81,1.0,0.0336,124.053,4.0
Sweatpants,Lauv,0.048,0.722,196040.0,0.495,0.0,10.0,0.154,-8.44,1.0,0.079,159.945,4.0
Sweden,C418,0.992,0.642,215500.0,0.01,0.945,2.0,0.103,-25.164,1.0,0.0446,87.971,4.0
Sweet & Sour (feat. Lauv & Tyga),Jawsh 685,0.092,0.827,163228.0,0.73,1.35e-05,1.0,0.258,-5.324,1.0,0.0934,95.003,4.0
Sweet Caroline,Sofia Carson,0.0479,0.528,138989.0,0.771,0.00802,9.0,0.0437,-4.107,1.0,0.046,156.077,4.0
Sweet Child O' Mine,Guns N' Roses,0.0901,0.446,356067.0,0.952,0.0857,6.0,0.112,-5.321,1.0,0.0523,125.303,4.0
Sweet Dream,Alessia Cara,0.252,0.76,181882.0,0.532,0.0,0.0,0.252,-9.177,1.0,0.127,123.064,4.0
Sweet Dreams (Are Made of This) - Remastered,Eurythmics,0.225,0.692,216933.0,0.711,0.0,0.0,0.12,-7.498,0.0,0.0317,125.135,4.0
Sweet Evening,Jordy Chandra,0.969,0.696,116000.0,0.472,0.858,4.0,0.205,-16.109,1.0,0.0346,119.997,4.0
Sweet Little Lies,bülow,0.229,0.648,175067.0,0.727,0.0,0.0,0.17,-3.791,1.0,0.142,160.024,4.0
Sweet Marie,The Walters,0.914,0.245,137092.0,0.425,0.646,9.0,0.116,-8.379,1.0,0.0324,203.816,4.0
Sweet Talk,Saint Motel,0.0392,0.67,192040.0,0.843,0.0,1.0,0.225,-4.311,1.0,0.0454,117.01,4.0
Sweet but Psycho,Ava Max,0.0684,0.72,187436.0,0.706,0.0,1.0,0.166,-4.719,1.0,0.0473,133.002,4.0
Swim,Chase Atlantic,0.27,0.666,228787.0,0.542,0.0,8.0,0.0765,-6.429,1.0,0.0392,120.134,4.0
Swim - Reprise,Valley,0.0187,0.493,233933.0,0.782,1.88e-05,2.0,0.321,-6.968,1.0,0.0353,104.941,4.0
Swimmers,Zero 7,0.0805,0.651,237598.0,0.492,0.0206,6.0,0.0912,-11.808,1.0,0.0301,152.034,4.0
Swimming Lessons,Camp Claude,0.0082,0.589,235360.0,0.661,0.0,0.0,0.36,-5.719,1.0,0.0261,111.958,4.0
Swing Lynn,Harmless,0.0506,0.464,321438.0,0.945,0.756,2.0,0.112,-1.815,1.0,0.0401,165.177,4.0
Sylvia Says,Charlotte Gainsbourg,0.00939,0.628,267893.0,0.647,2.78e-05,2.0,0.0783,-4.033,1.0,0.035,105.011,4.0
Sylvia: Act III: Divertissement: Variation - Valse,Léo Delibes,0.932,0.346,75107.0,0.0578,0.928,3.0,0.211,-22.644,1.0,0.0352,97.259,3.0
Sylvia: Pizzicato,Léo Delibes,0.875,0.342,105000.0,0.0192,0.0787,3.0,0.0615,-39.219,1.0,0.0533,159.236,4.0
Sympathy,Kitri,0.883,0.69,210760.0,0.423,0.0123,2.0,0.111,-9.194,0.0,0.0294,130.121,4.0
Sympathy,Vampire Weekend,0.0199,0.708,226733.0,0.777,0.0023,11.0,0.193,-5.507,0.0,0.0568,119.968,4.0
Symphony (feat. Zara Larsson),Clean Bandit,0.239,0.715,212733.0,0.605,1.41e-05,0.0,0.189,-5.128,0.0,0.0428,122.956,4.0
"Symphony No. 40 in G Minor, K. 550 - (2nd version): 1. Molto Allegro",Wolfgang Amadeus Mozart,0.919,0.326,427507.0,0.196,0.871,7.0,0.0909,-19.668,0.0,0.0437,121.288,4.0
"Symphony No. 5 in C Minor, Op. 67 ""Fate"": I. Allegro con brio",Ludwig van Beethoven,0.954,0.306,194000.0,0.188,0.928,3.0,0.142,-12.231,1.0,0.032,86.445,4.0
Symphony No. 6: VI. Allegro,Howard Hanson,0.931,0.364,115240.0,0.349,0.94,10.0,0.11,-13.279,0.0,0.0321,65.427,4.0
"Symphony No. 7 in A Major, Op. 92: II. Allegretto",Ludwig van Beethoven,0.909,0.124,461435.0,0.0388,0.861,4.0,0.124,-24.22,0.0,0.0424,67.533,4.0
"Symphony No. 9 in D Minor, Op. 125 ""Choral"": IV. Presto - Allegro assai - Choral Finale",Ludwig van Beethoven,,,,,,,,,,,,
"Symphony No. 9 in D Minor, Op. 125 ""Choral"": IV. Presto - Allegro assai - Recitativo: ""O Freunde, nicht diese Töne"" [Excerpt]",Ludwig van Beethoven,,,,,,,,,,,,
"Symphony No. 9, Op. 125: IV. Finale ""Ode to Joy""",Sinfonietta Orchestra,0.903,0.163,217567.0,0.0902,0.895,2.0,0.083,-16.0,1.0,0.0384,130.338,4.0
T-Kt,Hiroyuki Sawano,0.652,0.28,174560.0,0.159,0.627,2.0,0.0948,-12.936,0.0,0.0392,58.714,4.0
TAKE OFF,MC ORSEN,0.00117,0.694,118172.0,0.924,0.917,0.0,0.259,-2.218,1.0,0.0557,124.933,4.0
TECHNO KILLA,KUTE,0.195,0.73,130041.0,0.892,0.862,11.0,0.279,-3.831,0.0,0.219,121.022,4.0
TEETH!,ElyOtto,0.162,0.713,82307.0,0.443,4.72e-06,6.0,0.29,-11.824,1.0,0.0544,164.413,4.0
TERE TE,AP Dhillon,0.0508,0.692,114419.0,0.488,0.0,7.0,0.154,-10.96,0.0,0.135,171.9,4.0
THATS WHAT I WANT,Lil Nas X,0.00614,0.737,143901.0,0.846,0.0,1.0,0.0486,-4.51,0.0,0.22,87.981,4.0
THE PLAN,Travis Scott,0.0922,0.433,185851.0,0.443,0.000293,1.0,0.117,-10.568,0.0,0.0361,79.903,3.0
THE SNAKE (jazz guitar remix),Lana Lubany,0.868,0.356,154000.0,0.369,0.0,6.0,0.208,-9.038,0.0,0.0527,175.095,3.0
THERMAL IMAGER,HIDEOUS MORBID,0.000223,0.633,132203.0,0.926,0.816,9.0,0.12,-3.054,1.0,0.044,117.997,4.0
THIS IS MY FUCK YOU SONG,Roz Harding,,,,,,,,,,,,
TO THE MOON,Jnr Choi,0.0451,0.745,152137.0,0.65,0.00758,2.0,0.111,-11.814,1.0,0.346,144.047,4.0
TOKYO DRIFT,PRXSXNT FXTURE,0.000178,0.718,124034.0,0.87,0.234,2.0,0.0869,-6.227,1.0,0.0447,118.937,4.0
TOOTIMETOOTIMETOOTIME,The 1975,0.177,0.667,207851.0,0.824,0.0152,8.0,0.0933,-5.867,1.0,0.0665,114.998,4.0
TOUCH,keshi,0.528,0.412,205347.0,0.613,1.96e-06,10.0,0.104,-9.803,1.0,0.125,89.025,4.0
TOY,Chromatics,0.0289,0.656,204013.0,0.655,0.756,9.0,0.157,-8.558,0.0,0.0272,125.015,4.0
TWISTED,AViVA,0.668,0.656,158335.0,0.68,0.000379,9.0,0.124,-5.967,0.0,0.224,170.061,4.0
Taarif Karoon,Mohammed Rafi,0.356,0.796,157761.0,0.681,0.0,5.0,0.105,-6.067,1.0,0.0463,111.995,4.0
Tadap Tadap,KK,0.514,0.468,397773.0,0.462,4.14e-06,2.0,0.162,-10.661,1.0,0.127,160.307,3.0
Tailor-Made - Floating Points Remix,Daedelus,0.0211,0.627,446098.0,0.629,0.189,8.0,0.0765,-8.781,1.0,0.0406,140.025,4.0
Tainu Leke,Sonu Nigam,0.17,0.796,273578.0,0.94,0.000168,7.0,0.249,-6.858,1.0,0.0804,117.008,4.0
Take Control,Chapter & Verse,0.00728,0.584,211938.0,0.979,0.0619,3.0,0.617,-3.896,0.0,0.0924,125.972,4.0
Take It Back,Mokita,0.322,0.71,161654.0,0.72,2.49e-06,1.0,0.0936,-7.554,1.0,0.0409,132.985,4.0
Take It Off,Kesha,4.14e-05,0.729,215200.0,0.675,0.00126,5.0,0.0867,-5.292,0.0,0.0286,125.036,4.0
Take It Out On Me,Thousand Foot Krutch,0.00281,0.465,197373.0,0.813,0.0,7.0,0.0464,-4.321,1.0,0.0841,148.029,4.0
Take Me Far Away,Evan Call,0.896,0.493,120687.0,0.336,0.0113,4.0,0.149,-13.803,1.0,0.0361,95.998,4.0
"Take Me Home, Country Roads",John Denver,0.546,0.38,197813.0,0.43,1.71e-05,9.0,0.188,-12.564,1.0,0.0288,82.204,4.0
Take Me To Church,Hozier,0.634,0.566,241693.0,0.664,0.0,4.0,0.116,-5.303,0.0,0.0464,128.945,4.0
Take My Hand,5 Seconds of Summer,0.266,0.554,239865.0,0.485,0.0,0.0,0.12,-8.691,1.0,0.036,126.02,4.0
Take Out My Heart,Jung Dong Ha,0.291,0.563,194011.0,0.819,2.87e-06,7.0,0.319,-5.631,1.0,0.0296,98.018,4.0
Take You Dancing,Jason Derulo,0.0332,0.789,190306.0,0.711,0.0,2.0,0.0876,-4.248,1.0,0.041,112.985,4.0
Take ft. Kimbra - Pat Lok Remix,BRUX,0.0264,0.841,197480.0,0.935,0.654,1.0,0.203,-4.321,1.0,0.15,128.365,4.0
Take on Me,a-ha,0.018,0.573,225280.0,0.902,0.00125,6.0,0.0928,-7.638,0.0,0.054,84.412,4.0
Take on the World,You Me At Six,0.16,0.557,271307.0,0.532,4.42e-06,2.0,0.0999,-6.467,1.0,0.0307,103.992,4.0
"Taki Taki (with Selena Gomez, Ozuna & Cardi B)",DJ Snake,0.157,0.842,212500.0,0.801,4.82e-06,8.0,0.0642,-4.167,0.0,0.228,95.881,4.0
Takizawa,CASH GROWE,0.0386,0.691,178615.0,0.857,0.0632,7.0,0.191,-1.823,1.0,0.271,129.977,4.0
Talk,Yeat,0.0873,0.698,174857.0,0.763,0.0,4.0,0.647,-4.716,0.0,0.205,139.939,4.0
Talk Like That,The Presets,0.00138,0.575,220707.0,0.945,5.45e-05,6.0,0.111,-3.446,0.0,0.0305,135.023,4.0
Tanhayee,Sonu Nigam,0.104,0.638,369547.0,0.413,0.0,8.0,0.107,-10.56,1.0,0.0602,96.986,4.0
Tara's Theme from 'Gone With the Wind',André Rieu,0.423,0.156,223413.0,0.44,0.884,5.0,0.117,-9.19,1.0,0.0343,91.778,3.0
Taste,Ari Abdul,0.203,0.533,186600.0,0.591,0.000644,7.0,0.395,-5.754,0.0,0.042,100.002,4.0
Taste of You,Rezz,0.0064,0.667,167606.0,0.679,5.28e-05,0.0,0.17,-6.616,1.0,0.0475,100.054,4.0
Tattoos Together,Lauv,0.00569,0.863,186613.0,0.401,9.14e-06,4.0,0.123,-7.49,1.0,0.0748,122.962,4.0
"Tchaikovsky: Swan Lake, Op. 20, Act II: No. 10, Scene. Moderato",Pyotr Ilyich Tchaikovsky,0.911,0.136,166867.0,0.164,0.916,4.0,0.109,-18.756,0.0,0.0364,58.303,4.0
"Tchaikovsky: Swan Lake, Op. 20, Act III: No. 15, Scene. March - Allegro giusto",Pyotr Ilyich Tchaikovsky,0.91,0.427,157000.0,0.403,0.34,5.0,0.101,-13.467,1.0,0.0372,143.105,4.0
Teardrops,Sebastian Kamae,0.992,0.653,132809.0,0.123,0.898,2.0,0.153,-14.092,1.0,0.0405,88.929,4.0
Techno Show,Peach Pit,0.121,0.605,226613.0,0.724,0.431,1.0,0.108,-7.729,0.0,0.0441,89.403,4.0
Teenagers,My Chemical Romance,0.0506,0.463,161920.0,0.857,0.0,4.0,0.184,-3.063,1.0,0.0632,111.647,4.0
Teeth,5 Seconds of Summer,0.0437,0.745,205503.0,0.454,3.47e-06,3.0,0.0741,-2.986,0.0,0.0392,139.007,4.0
Teeth,Billie Marten,0.973,0.453,321880.0,0.0528,0.000252,0.0,0.092,-20.073,1.0,0.0442,132.771,4.0
Tek It - Sped Up,Cafuné,9.93e-05,0.348,166859.0,0.95,9.68e-06,10.0,0.0868,-5.049,0.0,0.124,168.964,4.0
Televised,HUNNY,0.000729,0.591,194717.0,0.746,0.0,8.0,0.127,-7.762,1.0,0.0444,107.965,4.0
Tell Em,Cochise,0.103,0.672,180380.0,0.717,0.0,5.0,0.398,-7.476,1.0,0.226,157.905,4.0
Tell Me,MIKA - INTERSECTION,0.255,0.696,195077.0,0.519,0.0,5.0,0.0903,-5.852,0.0,0.0462,139.851,4.0
Tell Me - Ellis Remix,Haywyre,0.0284,0.731,174303.0,0.647,0.0191,0.0,0.0937,-5.527,1.0,0.0486,114.972,4.0
Tell Me About You (feat. Mishaal),Kina,0.498,0.38,194400.0,0.292,0.0262,0.0,0.126,-14.282,1.0,0.054,75.572,3.0
Tell Me Why,Russ,0.0984,0.611,142013.0,0.449,0.0,2.0,0.226,-8.938,0.0,0.294,166.179,4.0
Tell My Mama,Lauv,0.191,0.88,166707.0,0.497,0.0,0.0,0.108,-7.023,1.0,0.0523,139.977,4.0
Tell me,milet,0.136,0.666,223013.0,0.481,0.0,0.0,0.274,-6.612,1.0,0.0599,75.021,4.0
Temperature,Sean Paul,0.106,0.951,218573.0,0.6,0.0,0.0,0.0712,-4.675,0.0,0.0685,125.04,4.0
Tennu Le,omer inayat,0.287,0.768,308361.0,0.873,1.76e-05,9.0,0.114,-3.213,0.0,0.103,102.001,4.0
Tera Surroor (Remix By Dj Akbar Sami),Himesh Reshammiya,0.000436,0.609,298120.0,0.953,0.849,11.0,0.262,-6.17,1.0,0.0344,126.982,4.0
Tere Dil Ka Rishta,Sonu Nigam,0.259,0.554,349547.0,0.509,3.2e-06,10.0,0.138,-9.258,1.0,0.0356,87.992,4.0
Tere Jeya Hor Disda (LoFi),Madhur Sharma,0.794,0.363,117422.0,0.469,0.0176,7.0,0.106,-8.404,0.0,0.0528,171.988,4.0
Tere Liye,Atif Aslam,0.0978,0.624,279827.0,0.906,0.0,11.0,0.0963,-4.436,0.0,0.0514,129.99,4.0
Tere Naal,Tulsi Kumar,0.748,0.315,198345.0,0.491,0.0,11.0,0.128,-7.0,1.0,0.0311,109.966,4.0
Teri Khair Mangdi,Bilal Saeed,,,,,,,,,,,,
Teri Meri,Rahat Fateh Ali Khan,0.0661,0.401,325312.0,0.517,0.0,2.0,0.202,-6.618,0.0,0.0481,128.451,4.0
Teri Yaadon Mein,KK,0.0233,0.576,287213.0,0.735,0.00118,11.0,0.188,-5.811,0.0,0.0352,105.058,4.0
Tethered,Sleeping At Last,0.753,0.536,216933.0,0.321,0.212,0.0,0.105,-9.496,1.0,0.03,121.97,4.0
"Tetsukazu no Kanjou (From ""Tonari no Kaibutsu-Kun"")",Kenzie Smith Piano,,,,,,,,,,,,
Thangaali,Sonu Nigam,0.809,0.673,277638.0,0.453,8.17e-06,0.0,0.112,-6.273,1.0,0.0468,161.918,3.0
Thank God,Sasha Alex Sloan,0.801,0.592,202293.0,0.237,0.000246,11.0,0.0928,-9.06,1.0,0.042,185.658,3.0
Thank You,Sasha Alex Sloan,0.223,0.341,190280.0,0.519,0.0,7.0,0.271,-7.007,1.0,0.0615,189.764,3.0
That I Miss You,Vansire,0.306,0.779,140116.0,0.572,0.739,4.0,0.106,-9.259,1.0,0.0396,114.994,4.0
That That (prod. & feat. SUGA of BTS),PSY,0.0299,0.905,174647.0,0.962,0.0,4.0,0.0272,-3.197,1.0,0.0856,129.969,4.0
That's Hilarious,Charlie Puth,0.739,0.713,144934.0,0.442,0.0,6.0,0.112,-5.909,1.0,0.0604,108.038,4.0
That's What I Like,Bruno Mars,0.013,0.853,206693.0,0.56,0.0,1.0,0.0944,-4.961,1.0,0.0406,134.066,4.0
That’s Why (with GOLDN),ILLENIUM,0.091,0.487,252913.0,0.621,0.0,2.0,0.132,-4.676,1.0,0.0333,140.04,4.0
The 30th,Billie Eilish,0.929,0.387,216448.0,0.135,0.0,7.0,0.0948,-14.398,1.0,0.051,82.987,4.0
"The 4 Seasons: Violin Concerto in F minor, Op. 8, No. 4, RV 297, ""L'inverno"" (Winter): I. Allegro non molto",Karoly Botvay,0.814,0.445,209107.0,0.101,0.576,5.0,0.0817,-25.103,0.0,0.0555,150.515,4.0
The 90s,FINNEAS,0.387,0.796,203258.0,0.334,0.0,5.0,0.206,-11.626,1.0,0.172,135.01,4.0
The Banished,Joel Corelitz,0.465,0.613,165693.0,0.319,0.873,9.0,0.104,-19.033,0.0,0.0333,128.003,4.0
The Barrel,Aldous Harding,0.747,0.732,299440.0,0.408,0.000229,11.0,0.069,-8.475,1.0,0.036,87.015,4.0
The Beach,The Neighbourhood,0.131,0.245,255133.0,0.64,8.11e-06,2.0,0.0766,-7.426,0.0,0.0608,135.739,4.0
The Book of You & I,Alec Benjamin,0.909,0.507,207538.0,0.387,0.0,10.0,0.113,-6.237,1.0,0.0324,102.987,4.0
The Bottom of It,Fruit Bats,0.134,0.631,181400.0,0.625,0.0196,0.0,0.117,-10.73,1.0,0.0374,155.987,4.0
The Box,Roddy Ricch,0.104,0.896,196653.0,0.586,0.0,10.0,0.79,-6.687,0.0,0.0559,116.971,4.0
The Boxer,Simon & Garfunkel,0.702,0.439,308520.0,0.488,0.000339,11.0,0.16,-14.464,1.0,0.0615,93.017,4.0
The Boys Are Back,High School Musical Cast,0.00742,0.706,224667.0,0.915,1.1e-06,1.0,0.0343,-3.169,1.0,0.0535,114.992,4.0
The Boys Are Back,US5,0.0415,0.689,209973.0,0.87,0.0,5.0,0.172,-4.609,0.0,0.121,115.018,4.0
The Butterfly Effect,Before You Exit,0.831,0.518,255625.0,0.12,0.0,11.0,0.117,-13.861,1.0,0.0398,131.673,4.0
The Choice,Gustavo Santaolalla,0.909,0.303,102373.0,0.00338,0.89,4.0,0.116,-30.932,0.0,0.0493,50.96,4.0
The City,Madeon,0.00162,0.52,233987.0,0.825,0.0,7.0,0.711,-2.171,0.0,0.046,125.011,4.0
The Cut That Always Bleeds,Conan Gray,0.59,0.489,231920.0,0.413,0.0,0.0,0.0639,-6.499,1.0,0.0314,136.116,4.0
The Dance Of Envy (Instrumental),Uttam Singh,0.00689,0.572,194168.0,0.551,0.695,1.0,0.117,-16.091,1.0,0.0823,122.446,4.0
The Devil's Den,Skrillex,0.00075,0.616,292907.0,0.946,0.0777,1.0,0.355,-2.876,1.0,0.0687,127.992,4.0
The Difference,Daya,0.231,0.655,210489.0,0.727,0.0,1.0,0.173,-5.478,0.0,0.046,113.011,4.0
The Enchanted Waltz,Stephen Rees,0.964,0.323,101160.0,0.117,0.495,0.0,0.079,-18.68,0.0,0.0349,180.082,3.0
The End of the World,Sharon Van Etten,0.793,0.332,178640.0,0.234,0.00375,10.0,0.187,-11.823,1.0,0.0277,93.992,3.0
The Fever,Bonobo,0.431,0.688,261467.0,0.761,0.847,4.0,0.0849,-9.097,0.0,0.0396,99.999,4.0
The Final Countdown,Europe,0.0628,0.529,310333.0,0.843,0.000827,6.0,0.0608,-6.908,0.0,0.0616,117.662,4.0
The First One,Astrid S,0.39,0.538,188650.0,0.541,0.0,7.0,0.103,-8.304,1.0,0.16,159.419,4.0
"The Four Seasons, Concerto No. 1 in E Major, RV 269, Op. 8 ""Spring"": I. Allegro",Shockwave-Sound,,,,,,,,,,,,
"The Four Seasons, Concerto No. 4 in F Minor, RV 297, Op. 8 ""Winter"": I. Allegro Non Molto",Shockwave-Sound,,,,,,,,,,,,
"The Four Seasons, Concerto No. 4 in F Minor, RV 297, Op. 8 ""Winter"": II. Largo",Shockwave-Sound,,,,,,,,,,,,
The Funeral,Band of Horses,0.016,0.319,322173.0,0.757,0.0,0.0,0.102,-6.117,0.0,0.0432,122.465,4.0
The Game & Skrillex: El Chapo,The Game,0.138,0.754,220079.0,0.909,0.0,6.0,0.281,-3.323,0.0,0.23,126.994,4.0
The Girls,Calvin Harris,0.00595,0.617,315067.0,0.887,0.000332,9.0,0.353,-4.894,1.0,0.0317,127.923,4.0
The Good Part,AJR,0.0866,0.491,227267.0,0.48,3.2e-05,2.0,0.382,-3.568,0.0,0.0287,92.919,4.0
The Greatest Show,Hugh Jackman,0.000239,0.417,302147.0,0.824,0.0545,11.0,0.0725,-7.36,0.0,0.105,157.92,4.0
The Greatest Story,Ewan J Phillips,0.596,0.502,199621.0,0.433,0.0,7.0,0.096,-9.425,1.0,0.11,175.726,4.0
The Hammer,!!!,0.000272,0.299,201697.0,0.905,0.0,6.0,0.376,-3.638,1.0,0.156,163.368,4.0
The Hills,The Weeknd,0.0671,0.585,242253.0,0.564,0.0,0.0,0.135,-7.063,0.0,0.0515,113.003,4.0
The Humma Song,A.R. Rahman,0.0115,0.721,179658.0,0.65,0.00014,0.0,0.34,-6.95,0.0,0.135,130.487,5.0
The Hype,Twenty One Pilots,0.0105,0.53,265373.0,0.816,0.00061,9.0,0.379,-6.149,1.0,0.0503,87.019,4.0
"The Island, Pt. 1 (Dawn) - Skrillex Remix",Pendulum,0.0333,0.667,209583.0,0.747,0.00112,9.0,0.362,-6.665,0.0,0.122,75.028,4.0
The Jester,Mississippi Man,0.0529,0.401,227080.0,0.624,2.5e-05,9.0,0.265,-9.366,1.0,0.0334,126.828,4.0
The Kid I Used to Know,Arrested Youth,0.0731,0.639,145801.0,0.776,1.97e-06,9.0,0.18,-4.61,1.0,0.0829,160.101,4.0
The Kid I Used to Know - WiDE AWAKE Remix,Arrested Youth,0.0152,0.59,183000.0,0.85,6.79e-06,1.0,0.0898,-5.402,0.0,0.0575,79.944,4.0
The King,Sarah Kinsley,0.078,0.632,206373.0,0.668,0.111,6.0,0.0863,-6.196,1.0,0.0514,108.997,4.0
The Last Goodbye (feat. Bettye LaVette),ODESZA,,,,,,,,,,,,
The Latter Teens,Vansire,0.681,0.658,221648.0,0.441,0.241,11.0,0.109,-10.008,0.0,0.0436,129.599,4.0
The Lazy Song,Bruno Mars,0.3,0.794,189109.0,0.711,0.0,8.0,0.0955,-5.124,0.0,0.0699,174.915,4.0
The Legend Of The Yellow Rose,Harry Hudson,0.598,0.606,278395.0,0.519,0.0,4.0,0.287,-7.246,0.0,0.0276,76.014,4.0
The Less I Know The Better,Tame Impala,0.0115,0.64,216320.0,0.74,0.00678,4.0,0.167,-4.083,1.0,0.0284,116.879,4.0
The Line,Audax,0.001,0.678,145884.0,0.874,0.223,1.0,0.339,-4.775,1.0,0.0667,125.022,4.0
The Long Way,Mark Ambor,0.144,0.677,135680.0,0.821,0.0,4.0,0.125,-3.858,1.0,0.0611,104.87,4.0
The Machine,Low Roar,0.822,0.432,337660.0,0.33,0.293,11.0,0.152,-16.483,0.0,0.0434,135.034,4.0
The Man Who Sold The World,Nirvana,0.425,0.483,261093.0,0.753,0.000142,1.0,0.257,-8.937,0.0,0.0832,115.102,4.0
The Merry Widow,André Rieu,0.828,0.204,183480.0,0.319,0.588,7.0,0.34,-14.384,1.0,0.0387,86.365,4.0
The Middle,Zedd,0.171,0.753,184732.0,0.657,0.0,7.0,0.112,-3.061,1.0,0.0449,107.01,4.0
The Mono-Tones,The Neighbourhood,0.0534,0.627,214693.0,0.685,0.756,10.0,0.096,-6.871,1.0,0.0272,96.989,4.0
The Motto,Tiësto,0.0301,0.754,164819.0,0.763,2.23e-05,7.0,0.0901,-4.627,0.0,0.0435,117.953,4.0
The Night We Met,Lord Huron,0.969,0.545,208212.0,0.366,0.267,2.0,0.641,-9.51,1.0,0.0378,86.997,3.0
The Nights,Avicii,0.0166,0.527,176658.0,0.835,0.0,6.0,0.249,-5.298,1.0,0.0433,125.983,4.0
The Nutcracker - March,Pyotr Ilyich Tchaikovsky,0.973,0.617,143840.0,0.211,0.884,4.0,0.115,-20.508,0.0,0.0397,75.962,4.0
"The Nutcracker, Op. 71a;Th 35: II E. Chinese Tea Dance - Allegro moderato",Shockwave-Sound,0.977,0.578,67107.0,0.323,0.884,10.0,0.104,-16.36,1.0,0.0334,123.852,4.0
The Only,Sasha Alex Sloan,0.745,0.682,213959.0,0.26,0.0,4.0,0.137,-11.008,0.0,0.0495,138.034,4.0
The Only Way,Tricky,0.246,0.661,291040.0,0.421,0.779,4.0,0.1,-8.526,1.0,0.0283,120.059,4.0
The Other - Stripped,Lauv,0.836,0.396,182000.0,0.375,0.0,7.0,0.287,-6.625,1.0,0.0342,90.158,4.0
The Other Side,Hugh Jackman,0.00433,0.638,214373.0,0.795,0.00139,0.0,0.153,-8.45,1.0,0.302,153.99,4.0
The Other Side,Ruelle,0.92,0.367,252485.0,0.255,2.38e-05,6.0,0.0944,-8.187,0.0,0.033,136.876,4.0
The Outside,Twenty One Pilots,0.0505,0.785,216759.0,0.623,0.125,11.0,0.0539,-6.923,1.0,0.0403,100.991,4.0
The Outside,Will Killen,0.917,0.476,212397.0,0.253,0.0,0.0,0.113,-7.511,1.0,0.0298,86.633,4.0
"The Plan - From the Motion Picture ""TENET""",Travis Scott,0.0922,0.433,185851.0,0.443,0.000293,1.0,0.117,-10.568,0.0,0.0361,79.903,3.0
"The Planets, Op. 32: 4. Jupiter, the Bringer of Jollity",Gustav Holst,0.924,0.3,456000.0,0.297,0.925,7.0,0.314,-14.937,0.0,0.037,139.855,4.0
The Prophecy,Timmy Trumpet,0.000841,0.273,190870.0,0.896,0.351,1.0,0.305,-4.705,1.0,0.0913,137.992,4.0
The Raising Fighting Spirit (Naruto),Kato,0.398,0.573,108547.0,0.469,0.903,4.0,0.268,-7.817,0.0,0.0246,109.983,4.0
The Raising Fighting Spirit Piano,Kato,0.993,0.63,63647.0,0.00728,0.973,5.0,0.145,-29.489,0.0,0.0484,142.176,3.0
The Real Slim Shady,Eminem,0.0302,0.949,284200.0,0.661,0.0,5.0,0.0454,-4.244,0.0,0.0572,104.504,4.0
The Reluctant Heroes,Hiroyuki Sawano,0.00486,0.552,267120.0,0.804,2.75e-05,11.0,0.414,-7.233,0.0,0.0968,127.039,4.0
The Rip,Portishead,0.925,0.471,270947.0,0.484,0.499,9.0,0.0987,-9.414,0.0,0.0317,74.982,4.0
The Road,Gareth Coker,0.0781,0.62,126307.0,0.555,0.878,1.0,0.303,-14.984,0.0,0.0726,179.979,3.0
The Same,Prince Johann George V,,,,,,,,,,,,
The Search,NF,0.598,0.789,248053.0,0.789,0.0,2.0,0.099,-4.813,1.0,0.298,119.95,4.0
The Sense of Me,Mud Flow,0.00112,0.393,152507.0,0.567,0.841,2.0,0.204,-8.545,0.0,0.0319,76.025,4.0
The Shining,The Neighbourhood,0.0534,0.627,214693.0,0.685,0.756,10.0,0.096,-6.871,1.0,0.0272,96.989,4.0
The Sky,Maddy Estelle,0.808,0.72,204708.0,0.383,0.0,0.0,0.0917,-10.361,1.0,0.0314,94.047,4.0
"The Sleeping Beauty, Op. 66, Act 1: “Lilac Fairy” Variation la fée des Lilas – voluptueuse (Slow) [Fast]",Pyotr Ilyich Tchaivovsky,,,,,,,,,,,,
The Smallest Church in Sussex - Piano Version,Sea Power,0.909,0.502,119733.0,0.178,0.000541,0.0,0.0925,-17.491,1.0,0.0336,90.585,4.0
The Story Never Ends,Lauv,0.913,0.601,229029.0,0.126,1.05e-06,9.0,0.148,-9.403,1.0,0.0379,119.916,4.0
The Sweet Escape,Gwen Stefani,0.191,0.756,246467.0,0.77,0.0,1.0,0.178,-3.502,1.0,0.0343,119.961,4.0
The Time Is Now,Atreyu,0.0105,0.487,199959.0,0.935,0.000256,8.0,0.203,-4.278,1.0,0.233,165.013,4.0
The Time We Spent,Jordy Chandra,0.713,0.613,150000.0,0.299,0.943,7.0,0.132,-11.921,1.0,0.0367,120.025,4.0
The Tourist,Radiohead,0.223,0.241,326533.0,0.295,0.0319,4.0,0.11,-8.57,1.0,0.0318,114.347,5.0
The Trauma and The Pleasure,Cameron Sanderson,0.335,0.604,193284.0,0.601,0.0,0.0,0.105,-6.213,1.0,0.046,141.011,4.0
The Trials,Kazuma Jinnouchi,0.017,0.474,253693.0,0.838,0.683,4.0,0.106,-9.744,0.0,0.102,94.507,3.0
The Trip,Still Corners,0.208,0.689,373267.0,0.786,0.0319,2.0,0.161,-5.133,1.0,0.039,119.996,4.0
"The Ugliest, Weirdest, and Most Expensive Concept Cars of All Time",Past Gas by Donut Media,,,,,,,,,,,,
The Valley,Heather LaRose,0.446,0.623,206316.0,0.579,0.0,1.0,0.108,-6.094,0.0,0.0289,114.017,4.0
The Valleys,The Mountains,0.596,0.652,219363.0,0.705,0.00717,4.0,0.514,-6.84,1.0,0.0314,140.044,4.0
The War,SYML,0.586,0.247,354267.0,0.19,0.000877,9.0,0.0568,-12.596,0.0,0.0379,126.77,4.0
The Way Back,WYS,0.955,0.585,164250.0,0.141,0.924,4.0,0.121,-18.531,0.0,0.0444,159.915,4.0
The Way I Am,Charlie Puth,0.314,0.755,186080.0,0.769,2.38e-06,10.0,0.0628,-5.658,0.0,0.186,114.966,4.0
The Way I Am,Gavin Haley,0.772,0.533,178143.0,0.5,0.0,7.0,0.112,-8.273,1.0,0.0481,99.77,4.0
The Way I Are (Dance with Somebody) [feat. Lil Wayne],Bebe Rexha,0.00282,0.466,187787.0,0.659,0.0,2.0,0.273,-6.077,1.0,0.115,186.169,4.0
The Way I Love You,yaeow,0.94,0.543,162727.0,0.206,0.453,6.0,0.385,-18.037,1.0,0.0319,113.107,3.0
The Way You Felt,Alec Benjamin,0.715,0.872,183243.0,0.52,0.0,0.0,0.0982,-6.928,1.0,0.0618,131.918,4.0
The Wayfarer,ZODIVK,0.048,0.698,195762.0,0.881,0.612,8.0,0.409,-4.697,0.0,0.621,105.011,4.0
The Weapon,Curtis Schweitzer,0.96,0.156,131933.0,0.0235,0.082,9.0,0.0936,-28.491,0.0,0.0432,61.625,4.0
"The Well-Tempered Clavier: Book 1, BWV 846-869: I. Prelude in C Major, BWV 846",Lang Lang,0.989,0.239,139307.0,0.125,0.896,0.0,0.101,-25.418,1.0,0.0448,134.015,4.0
The Wind,PJ Harvey,0.139,0.66,241493.0,0.658,0.738,11.0,0.0717,-10.877,0.0,0.0308,110.039,4.0
The Wind is Ringing,Soiboi,0.934,0.332,166301.0,0.129,0.903,9.0,0.111,-21.585,1.0,0.0533,69.016,4.0
The Wormhole,Hans Zimmer,0.563,0.14,90569.0,0.0532,0.889,0.0,0.0748,-28.662,1.0,0.0393,95.78,4.0
The Worst Of You,PJ Harding,0.791,0.555,209813.0,0.35,6.64e-06,10.0,0.11,-10.955,0.0,0.0503,77.772,4.0
The misty veil of May,Black Hill,0.97,0.209,217056.0,0.167,0.928,4.0,0.156,-16.94,1.0,0.0373,80.843,1.0
The night inn,RADWIMPS,0.867,0.207,93813.0,0.00948,0.868,11.0,0.0928,-27.988,0.0,0.0404,68.313,5.0
The walker,Christine and the Queens,0.317,0.798,256053.0,0.56,0.000292,1.0,0.133,-6.574,1.0,0.0469,106.971,4.0
Them Bones (2022 Remaster),Alice In Chains,0.0235,0.159,149467.0,0.946,8.06e-06,9.0,0.387,-5.756,1.0,0.0629,165.014,1.0
Them Changes - Sped Up,Thundercat,0.557,0.815,135116.0,0.658,0.322,2.0,0.114,-7.811,1.0,0.0464,114.326,4.0
"Theme of ""Weathering With You""",RADWIMPS,0.76,0.468,41733.0,0.247,0.938,9.0,0.101,-10.09,1.0,0.0356,92.034,4.0
Theme of Mitsuha,RADWIMPS,0.987,0.615,246147.0,0.152,0.906,0.0,0.111,-17.208,1.0,0.0583,123.701,4.0
Theme of Ms. Okudera,RADWIMPS,0.692,0.817,127107.0,0.162,0.971,5.0,0.127,-14.5,1.0,0.0484,83.011,4.0
Therapist,Jeremy Zucker,0.0307,0.657,154013.0,0.757,4.93e-06,4.0,0.098,-6.196,1.0,0.032,139.958,4.0
Therapy,Conro,0.0162,0.745,186150.0,0.6,0.00271,1.0,0.0628,-8.863,1.0,0.118,99.975,4.0
There's No Way (feat. Julia Michaels),Lauv,0.49,0.755,174861.0,0.625,0.0,2.0,0.157,-7.114,1.0,0.0897,147.022,4.0
"These Days (feat. Jess Glynne, Macklemore & Dan Caplen)",Rudimental,0.194,0.653,210773.0,0.809,0.0,0.0,0.165,-4.057,1.0,0.0474,92.213,4.0
Thicker Than Water,John Paesano,0.753,0.157,294979.0,0.262,0.955,1.0,0.0866,-19.304,1.0,0.0393,100.031,3.0
Things I Hate,Motel 7,0.119,0.652,217102.0,0.692,8.73e-06,6.0,0.109,-6.87,1.0,0.0653,161.937,4.0
Think I Am - Dead Rabbit Remix,Masta Ace,0.149,0.821,198089.0,0.463,0.0213,7.0,0.15,-7.031,1.0,0.0942,103.727,4.0
Thinking,NF,0.26,0.57,192120.0,0.531,0.000304,1.0,0.0922,-5.82,1.0,0.293,109.787,5.0
Thinking 'Bout Love - Acoustic,Wild Rivers,0.846,0.684,184065.0,0.173,0.0,5.0,0.162,-13.535,1.0,0.0595,137.742,4.0
Thinking About You,22 Void Beats,0.165,0.547,168843.0,0.487,2.1e-05,7.0,0.272,-9.023,0.0,0.0502,144.917,4.0
Thinking Bout You,rei brown,0.536,0.67,190947.0,0.711,0.00149,9.0,0.242,-7.786,1.0,0.0563,163.998,4.0
Thinking out Loud,Ed Sheeran,0.474,0.781,281560.0,0.445,0.0,2.0,0.184,-6.061,1.0,0.0295,78.998,4.0
This City,Sam Fischer,0.733,0.605,194853.0,0.377,0.0,11.0,0.0808,-6.213,1.0,0.0443,73.877,4.0
This Is America,Childish Gambino,0.117,0.854,225773.0,0.463,0.0,5.0,0.354,-6.159,1.0,0.137,120.024,4.0
This Is Love,PJ Harvey,6.58e-05,0.59,226667.0,0.685,3.08e-05,0.0,0.165,-5.216,1.0,0.0282,112.411,4.0
This Is Me,Keala Settle,0.00583,0.284,234707.0,0.704,0.000115,2.0,0.0424,-7.276,1.0,0.186,191.702,4.0
This Is What You Came For,Calvin Harris,0.199,0.631,222160.0,0.927,0.119,9.0,0.148,-2.787,0.0,0.0332,123.962,4.0
"This Land - From ""The Lion King""/Score",Hans Zimmer,0.516,0.145,175400.0,0.174,0.633,7.0,0.0784,-19.155,1.0,0.0396,100.089,3.0
This Life,Vampire Weekend,0.228,0.62,268600.0,0.712,3.39e-06,9.0,0.0561,-6.434,1.0,0.1,170.234,4.0
This Mess We're In,PJ Harvey,0.0266,0.541,235840.0,0.572,0.186,0.0,0.0925,-9.634,1.0,0.0277,126.302,4.0
This Town (feat. Sasha Alex Sloan),Kygo,0.506,0.736,202280.0,0.449,6.63e-05,10.0,0.117,-7.956,0.0,0.0633,147.971,4.0
This Version Of You (feat. Julianna Barwick),ODESZA,0.0036,0.671,309663.0,0.666,0.339,6.0,0.226,-9.968,0.0,0.0284,123.994,4.0
This is My Time,Lecrae,0.00254,0.667,135760.0,0.761,0.000793,2.0,0.0787,-9.049,1.0,0.153,176.903,3.0
Those Eyes,New West,0.695,0.593,220750.0,0.352,2.22e-05,4.0,0.3,-8.296,1.0,0.0284,119.988,3.0
Those Eyes - Sped Up,New West,0.687,0.495,167658.0,0.406,0.000184,9.0,0.32,-6.657,1.0,0.0264,157.881,3.0
Thoughts,Sasha Alex Sloan,0.138,0.685,185713.0,0.464,3.97e-05,7.0,0.111,-9.931,1.0,0.0579,90.011,4.0
Thoughts From Your Car,nodisco.,0.00375,0.693,239267.0,0.683,0.00039,11.0,0.347,-6.368,1.0,0.0347,140.042,4.0
Thoughts of the Night,INNR CIRCLE,0.755,0.657,232258.0,0.44,7.07e-05,1.0,0.22,-9.227,0.0,0.0522,91.96,4.0
Thousand Miles,The Kid LAROI,0.0858,0.376,164782.0,0.657,0.0,7.0,0.0884,-4.658,1.0,0.0768,80.565,4.0
Through It All,Charlie Puth,0.762,0.562,206453.0,0.383,0.0,4.0,0.0775,-8.54,1.0,0.0356,119.113,3.0
Through and Through,khai dreams,0.383,0.851,113684.0,0.424,0.0,6.0,0.0843,-9.307,1.0,0.0463,94.927,4.0
Throw It Back (feat. Keith Urban),BRELAND,0.0586,0.79,188936.0,0.73,0.0,0.0,0.0878,-4.98,1.0,0.0926,93.985,4.0
Thunder,Gabry Ponte,0.0342,0.67,160000.0,0.896,3.21e-05,1.0,0.344,-4.673,1.0,0.058,101.216,3.0
Thunderstruck,AC/DC,0.000147,0.502,292880.0,0.89,0.0117,4.0,0.217,-5.175,1.0,0.0364,133.52,4.0
TiK ToK,Kesha,0.0991,0.755,199693.0,0.837,0.0,2.0,0.289,-2.718,0.0,0.142,120.028,4.0
Tick Tock (feat. 24kGoldn),Clean Bandit,0.369,0.779,178374.0,0.705,7.91e-06,0.0,0.124,-3.895,1.0,0.0344,101.022,4.0
Tick-Tock,Hans Zimmer,0.271,0.261,498852.0,0.231,0.9,9.0,0.239,-15.826,0.0,0.0388,119.89,4.0
Tie Me Down (with Elley Duhé),Gryffin,0.136,0.608,218240.0,0.845,0.0,6.0,0.111,-2.292,1.0,0.0597,98.976,4.0
Til I Don't,Mokita,0.0582,0.766,126700.0,0.394,0.00523,0.0,0.279,-7.451,1.0,0.0637,160.079,4.0
Til the Right One Comes,John Mayer,0.242,0.807,219227.0,0.563,0.00322,3.0,0.0488,-8.996,1.0,0.0287,112.985,4.0
Till Forever Falls Apart,Ashe,0.421,0.346,222927.0,0.501,0.0,2.0,0.0657,-6.939,1.0,0.0364,99.855,4.0
Till The End - Jonas Blue & Sam Feldt Present Endless Summer,Jonas Blue,0.00644,0.522,188571.0,0.918,0.0023,1.0,0.163,-6.391,0.0,0.0416,126.053,4.0
Time,NF,0.138,0.677,240429.0,0.688,0.0,0.0,0.114,-4.058,0.0,0.0633,98.049,4.0
Time - Edit,NF,0.128,0.665,230611.0,0.703,0.0,8.0,0.115,-3.885,1.0,0.07,97.968,4.0
Time After Time,Lauv,0.0103,0.683,147253.0,0.598,9.84e-05,6.0,0.251,-5.322,1.0,0.188,107.971,4.0
Time For Me,Antonius B,0.906,0.465,106667.0,0.0871,0.93,11.0,0.112,-18.775,1.0,0.0406,72.034,4.0
Time Heals,Justin Lucas,0.533,0.628,252000.0,0.563,0.0,2.0,0.111,-8.207,1.0,0.0702,79.969,4.0
Time Rider,Chromatics,0.00265,0.742,283000.0,0.623,0.376,10.0,0.0692,-8.23,1.0,0.0581,103.101,4.0
Timebomb,Nico Collins,0.121,0.445,177494.0,0.924,0.0,6.0,0.0588,-3.638,0.0,0.171,173.884,4.0
Timeless,Stephen,0.986,0.324,159201.0,0.0158,0.96,2.0,0.0947,-27.879,1.0,0.0619,67.395,4.0
Tinseltown Swimming in Blood,Destroyer,0.0244,0.678,286028.0,0.692,0.512,0.0,0.206,-7.376,1.0,0.0293,106.999,4.0
Tishnagi,Semwal,0.0966,0.57,240995.0,0.618,0.0802,7.0,0.247,-9.621,0.0,0.0287,127.02,4.0
Tissues,Teddy Failure,0.636,0.722,153492.0,0.564,2.47e-06,4.0,0.331,-5.763,1.0,0.112,152.064,4.0
Titanium (feat. Sia),David Guetta,0.0678,0.604,245040.0,0.788,0.153,0.0,0.127,-3.673,0.0,0.103,126.06,4.0
Titan♀~9chiku,Hiroyuki Sawano,0.00196,0.308,315360.0,0.727,0.852,2.0,0.13,-10.961,1.0,0.0392,99.888,4.0
To Aagare Kichhi Dhoopa,Sonu Nigam,0.854,0.59,454200.0,0.439,0.0,11.0,0.107,-11.853,0.0,0.0735,152.19,4.0
To Be Loved,Askjell,0.671,0.356,228594.0,0.324,0.0135,6.0,0.0999,-12.875,0.0,0.0472,122.09,4.0
To The Souls That Leave Us Too Soon,Promoting Sounds,0.774,0.763,156429.0,0.35,4e-06,4.0,0.258,-11.464,0.0,0.0478,140.101,4.0
To Ü (feat. AlunaGeorge),Jack Ü,0.134,0.485,237000.0,0.928,2.92e-05,10.0,0.217,-3.451,0.0,0.445,160.165,4.0
Tobacco Sunburst,The Neighbourhood,0.0419,0.413,296813.0,0.474,0.508,5.0,0.384,-11.472,1.0,0.0328,111.01,4.0
Together,Gerardo Millán,0.968,0.649,139225.0,0.0454,0.872,2.0,0.116,-19.552,1.0,0.0363,100.039,4.0
Together,Krynoze,0.984,0.596,151895.0,0.113,0.939,7.0,0.0841,-21.071,1.0,0.0415,128.058,4.0
Together,Sia,0.0549,0.56,198113.0,0.742,0.153,7.0,0.0948,-10.547,1.0,0.0387,105.975,4.0
"Toking, Dozing",Feng Suave,0.848,0.703,226640.0,0.33,0.00122,7.0,0.072,-13.49,1.0,0.0508,115.009,4.0
"Tokyo Drift (Fast & Furious) - From ""The Fast And The Furious: Tokyo Drift"" Soundtrack",Teriyaki Boyz,0.178,0.761,255173.0,0.892,4.19e-05,6.0,0.0712,-5.354,1.0,0.133,127.04,4.0
Tokyo Streets,Razihel,,,,,,,,,,,,
Told You So,HRVY,0.0697,0.745,177013.0,0.825,0.0,0.0,0.168,-5.413,1.0,0.0748,99.98,4.0
Tonari No Kaibutsu-Kun Ost - Tetsukazu No Kanjou[piano Instrumental],Redwanul Aulvee,,,,,,,,,,,,
Tongue In The Bag,XYLØ,0.594,0.628,231818.0,0.642,0.0,4.0,0.221,-6.264,0.0,0.182,132.101,4.0
Tongue Tied (with YUNGBLUD & blackbear) - HiGuys Remix,Marshmello,0.00716,0.516,275200.0,0.805,3.43e-06,1.0,0.0588,-7.227,0.0,0.145,149.982,4.0
Tonight (I'm Fuckin' You),Enrique Iglesias,0.0294,0.648,232213.0,0.89,3.58e-06,0.0,0.116,-3.982,0.0,0.0523,125.953,4.0
Tonight Tonight - Goldstein Remix,Hot Chelle Rae,0.000684,0.629,208507.0,0.931,0.0,1.0,0.0693,-2.498,0.0,0.126,118.062,4.0
"Tonight, Tonight, Tonight",Low Roar,0.147,0.293,476960.0,0.575,0.603,2.0,0.111,-11.224,0.0,0.0551,90.001,4.0
Too Cheez Badi Hain,Udit Narayan,0.545,0.692,385853.0,0.875,5.78e-05,8.0,0.326,-7.381,1.0,0.0571,84.575,4.0
Too Much,Lili Pistorius,0.755,0.73,156364.0,0.558,0.0,5.0,0.362,-7.553,1.0,0.0853,98.97,3.0
Too Much,Party Favor,0.00151,0.612,219242.0,0.89,0.868,1.0,0.0894,-5.582,1.0,0.0628,127.013,4.0
Too Sad To Cry,Sasha Alex Sloan,0.842,0.515,208987.0,0.27,0.0,10.0,0.114,-9.935,1.0,0.0357,120.483,4.0
Too Tired (Don't Feel a Thing),Hanne Mjøen,0.43,0.744,177946.0,0.394,1.38e-05,6.0,0.346,-9.656,1.0,0.0499,126.005,4.0
Toop Toop,Cassius,0.089,0.769,167493.0,0.836,2.83e-06,2.0,0.369,-4.621,1.0,0.266,131.989,4.0
Topanga,Trippie Redd,0.00587,0.755,215364.0,0.615,1.75e-06,4.0,0.109,-8.245,1.0,0.0454,105.955,4.0
Toxic,2WEI,0.171,0.349,237427.0,0.621,0.448,8.0,0.15,-9.657,1.0,0.07,119.906,4.0
Toxic,AP Dhillon,0.309,0.802,184103.0,0.737,0.0,9.0,0.0815,-4.306,1.0,0.0432,116.955,4.0
Traffic Light,Rival,0.731,0.391,163696.0,0.549,0.0,10.0,0.0831,-5.506,1.0,0.11,184.097,3.0
Traffic Lights,Sara Kays,0.633,0.52,204878.0,0.531,0.0,11.0,0.101,-7.63,1.0,0.0428,121.839,4.0
Train Wreck,James Arthur,0.701,0.311,208827.0,0.485,0.0,6.0,0.0726,-5.726,0.0,0.0365,77.355,4.0
Traitor,Elley Duhé,0.249,0.609,177507.0,0.43,1.13e-06,8.0,0.0996,-8.242,1.0,0.0547,172.482,3.0
Trampoline,SHAED,0.488,0.689,184060.0,0.412,0.00016,7.0,0.0659,-7.523,0.0,0.0301,126.754,4.0
Trashfire,Tommy Lefroy,0.646,0.506,171067.0,0.352,0.0,0.0,0.405,-6.934,1.0,0.0608,78.366,4.0
Trauma,NF,0.92,0.527,247241.0,0.0861,0.000334,5.0,0.0988,-15.326,1.0,0.0301,103.582,4.0
Traumlandschaft,Kaiser Hulenstadt,0.978,0.0786,199318.0,0.0152,0.865,2.0,0.07,-30.165,1.0,0.0397,177.472,5.0
Traveling Alone,Tom The Mail Man,0.0888,0.691,160165.0,0.595,5.56e-05,8.0,0.0886,-6.865,0.0,0.0377,121.004,4.0
Treading Water,Said The Sky,0.681,0.345,213125.0,0.471,3.09e-05,4.0,0.155,-8.184,1.0,0.0579,184.112,4.0
Trick of the Moon,Eloise,0.979,0.586,119667.0,0.269,0.000524,0.0,0.813,-15.806,1.0,0.593,135.992,3.0
Trigger,Major Lazer,0.128,0.57,171987.0,0.585,0.000105,8.0,0.111,-7.041,1.0,0.251,97.285,4.0
Troop (feat. Smino),tobi lou,0.507,0.881,266182.0,0.357,0.0,9.0,0.114,-9.657,1.0,0.0765,109.973,4.0
Trooper and the Maid,Charlotte Cumberbirch,0.849,0.761,117667.0,0.734,0.0,2.0,0.293,-4.857,0.0,0.0387,110.942,4.0
Troublemaker (feat. Flo Rida),Olly Murs,0.015,0.762,185587.0,0.863,0.0,0.0,0.125,-3.689,0.0,0.0561,106.012,4.0
Truth Hurts,Lizzo,0.11,0.715,173325.0,0.624,0.0,4.0,0.123,-3.046,0.0,0.114,158.087,4.0
Try,Lost Kings,0.0725,0.478,185119.0,0.802,0.0,7.0,0.136,-5.043,0.0,0.0454,200.0,4.0
Try Again,Phonk,0.364,0.782,112588.0,0.834,0.313,1.0,0.122,-2.584,1.0,0.0704,169.925,4.0
Try Again (feat. Lauv),DallasK,0.41,0.74,189077.0,0.754,0.000102,0.0,0.137,-7.262,0.0,0.0887,124.003,4.0
Try It Out,Skrillex,0.0227,0.423,229213.0,0.943,0.0,0.0,0.0798,-2.808,1.0,0.498,139.48,4.0
Try It Out - Put Em up Mix,Skrillex,0.00719,0.446,322286.0,0.975,0.289,2.0,0.214,-2.329,0.0,0.163,139.93,4.0
Try Me (with Plastic Toy),DJ Snake,0.839,0.68,198405.0,0.703,0.0218,7.0,0.0863,-3.36,0.0,0.0439,102.289,4.0
Tryumph,Beowülf,0.43,0.689,115879.0,0.412,0.184,10.0,0.118,-16.194,0.0,0.0557,134.41,4.0
Tu Aake Dekhle,King,,,,,,,,,,,,
Tu Har Lamha,Bobby-Imran,0.573,0.311,272869.0,0.538,0.0,2.0,0.113,-4.551,0.0,0.0263,137.177,4.0
Tu Hi Meri Shab Hai,KK,0.463,0.571,389693.0,0.734,0.000691,9.0,0.128,-6.059,0.0,0.0402,118.881,4.0
Tu Jo Mila,KK,0.795,0.576,242864.0,0.591,6.85e-05,0.0,0.266,-7.725,1.0,0.0332,124.013,4.0
Tu Tu Hai Wohi - The Unwind Mix,Jonita Gandhi,0.82,0.609,316013.0,0.278,0.000514,11.0,0.103,-14.16,0.0,0.0358,125.883,4.0
Tudo Bom,Static & Ben El,0.0631,0.7,189276.0,0.82,1.69e-06,9.0,0.133,-3.103,1.0,0.367,130.028,4.0
Tug of War,Nico Collins,0.151,0.602,191386.0,0.688,0.0,11.0,0.158,-3.715,0.0,0.055,138.105,4.0
Tujh Mein Rab Dikhta Hai,Roop Kumar Rathod,0.315,0.56,281574.0,0.604,1.12e-06,8.0,0.176,-8.732,1.0,0.0866,84.784,4.0
Tujhe Bhula Diya,Mohit Chauhan,0.464,0.644,279429.0,0.423,0.0,11.0,0.11,-8.702,0.0,0.0324,131.903,4.0
Tujhe Sochta Hoon,Pritam,0.259,0.579,313933.0,0.712,0.000253,0.0,0.18,-6.119,0.0,0.0308,80.998,4.0
Tujhko Jo Paaya,Pritam,0.845,0.598,184827.0,0.236,0.0,9.0,0.109,-9.733,1.0,0.0363,149.839,4.0
Tum Hi Ho Bandhu,Neeraj Shridhar,,,,,,,,,,,,
"Tum Hi Ho Bandhu (From ""Cocktail"")",Neeraj Shridhar,,,,,,,,,,,,
Tum Ho,Mohit Chauhan,0.518,0.356,316500.0,0.47,1e-05,5.0,0.0807,-8.929,1.0,0.0278,93.895,4.0
Tum Ho Mera Pyar,KK,0.173,0.56,305500.0,0.702,0.0,1.0,0.125,-9.343,0.0,0.0366,149.934,4.0
Tum Mile,Pritam,0.586,0.271,277500.0,0.726,0.0,7.0,0.353,-6.504,1.0,0.0527,87.425,4.0
Tum Tak,A.R. Rahman,0.676,0.72,304467.0,0.621,0.0,2.0,0.0679,-9.773,1.0,0.0491,114.987,4.0
Tumbling Dice,The Rolling Stones,0.5,0.615,226333.0,0.91,0.511,11.0,0.281,-4.248,1.0,0.0347,111.013,4.0
Tumhi Dekho Naa,Shankar-Ehsaan-Loy,0.572,0.525,347453.0,0.448,1.51e-05,2.0,0.107,-10.365,0.0,0.0391,81.131,4.0
Tumse Hi Tumse,Shekhar Ravjiani,0.0981,0.7,261559.0,0.526,0.471,0.0,0.102,-6.246,1.0,0.0355,92.015,4.0
Tumse Milke Dil Ka,Sonu Nigam,0.0642,0.853,359253.0,0.745,1.87e-06,9.0,0.0274,-8.636,0.0,0.109,107.985,4.0
Turn Down for What,DJ Snake,0.00107,0.818,213733.0,0.799,0.128,1.0,0.057,-4.1,0.0,0.156,100.014,4.0
Turn It Up,24Herbs,0.0103,0.753,281933.0,0.56,0.0,7.0,0.109,-8.015,1.0,0.0445,136.01,4.0
Turn It Up,Oh The Larceny,0.000257,0.601,197401.0,0.82,0.000266,7.0,0.0825,-5.19,1.0,0.0474,144.979,4.0
Turn The Light,Karen O,0.0454,0.752,199320.0,0.462,0.000954,4.0,0.091,-10.538,0.0,0.0519,101.999,4.0
Turning Page,Sydney Rose,0.964,0.404,218452.0,0.0182,0.00037,2.0,0.108,-20.969,1.0,0.0414,109.107,4.0
Twilight,GRAVECHILL,0.0111,0.889,116129.0,0.884,0.804,4.0,0.0999,-4.323,1.0,0.0379,124.003,4.0
Twilight,steezy prime,0.958,0.815,134400.0,0.0403,0.922,4.0,0.11,-19.204,1.0,0.0678,100.005,4.0
"Twist (From ""Love Aaj Kal"")",Neeraj Shridhar,,,,,,,,,,,,
Twist Kamariya,Harshdeep Kaur,,,,,,,,,,,,
U-Bet - Original,Dubsection,0.000761,0.764,388000.0,0.431,0.798,9.0,0.0476,-16.07,1.0,0.0713,119.995,4.0
U.P Wala Thumka,Sonu Nigam,0.57,0.798,295960.0,0.931,0.0,8.0,0.576,-7.695,1.0,0.0745,120.178,4.0
UNCOVERED KILLER,Mista Playa,0.00138,0.783,136349.0,0.864,0.00457,11.0,0.0998,-4.937,1.0,0.116,119.976,4.0
Ucha Lamba Kad,Anand Raj Anand,0.0189,0.716,279373.0,0.832,1.17e-06,10.0,0.305,-6.131,1.0,0.062,89.982,4.0
Udd Gaye,Ritviz,0.000712,0.595,180414.0,0.817,0.0386,11.0,0.142,-6.187,0.0,0.0474,144.961,4.0
Uff Teri Adaa,Shankar Mahadevan,0.00536,0.647,304089.0,0.792,5.82e-05,2.0,0.054,-9.815,1.0,0.0373,132.032,4.0
Ultimately,Dream Easy Collective,0.896,0.734,142028.0,0.22,0.0,5.0,0.339,-17.295,1.0,0.226,106.977,4.0
Uma Thurman,Fall Out Boy,0.103,0.623,211573.0,0.962,0.000174,4.0,0.264,-2.616,0.0,0.0895,149.963,4.0
Umbrella,Ember Island,0.827,0.349,237794.0,0.446,0.00722,1.0,0.0808,-11.327,1.0,0.0522,79.338,4.0
Umbrella (with Marnik),Hard Lights,0.364,0.704,180427.0,0.86,2.39e-06,10.0,0.486,-5.316,1.0,0.13,100.099,4.0
Unbearably White,Vampire Weekend,0.219,0.531,280200.0,0.422,0.0198,10.0,0.0608,-7.081,1.0,0.0571,188.056,4.0
Unbelievable,Why Don't We,0.105,0.532,189385.0,0.66,0.000222,7.0,0.0996,-7.138,1.0,0.0825,130.013,4.0
Unbelievers,Vampire Weekend,0.149,0.644,202667.0,0.811,0.000473,11.0,0.17,-7.774,1.0,0.0517,154.909,4.0
Unchained,Blasterjaxx,0.0101,0.567,160615.0,0.963,0.35,9.0,0.387,-4.464,1.0,0.0403,129.999,4.0
Under Pressure,PROMI5E,0.00123,0.682,153333.0,0.907,0.401,5.0,0.217,-5.131,0.0,0.0475,128.06,4.0
Under The Influence,Chris Brown,0.0635,0.733,184613.0,0.69,1.18e-06,9.0,0.105,-5.529,0.0,0.0427,116.992,4.0
Under the Canopy,Corey J. Beats,0.958,0.381,151787.0,0.0422,0.942,1.0,0.0929,-19.981,0.0,0.0297,94.315,4.0
Under the Influence (Sped Up) - Your Body Language Speaks to Me,Hiko,0.251,0.716,123815.0,0.665,0.000186,5.0,0.254,-5.874,1.0,0.0313,87.557,4.0
Underwater,GOLDHOUSE,0.0756,0.651,200656.0,0.708,1.08e-05,7.0,0.42,-7.477,1.0,0.0491,122.057,4.0
Unfading,Misc.Inc,0.582,0.677,162406.0,0.467,0.918,6.0,0.0945,-12.789,0.0,0.034,133.025,4.0
Unfair,The Neighbourhood,0.00708,0.477,146867.0,0.572,0.784,8.0,0.144,-7.328,1.0,0.0319,194.033,4.0
Unfamiliar,Seeb,0.00882,0.59,174811.0,0.677,0.000147,0.0,0.157,-5.395,1.0,0.0577,184.573,4.0
Unforgettable,French Montana,0.0293,0.726,233902.0,0.769,0.0101,6.0,0.104,-5.043,1.0,0.123,97.985,4.0
Unholy (feat. Kim Petras),Sam Smith,0.013,0.714,156943.0,0.472,4.51e-06,2.0,0.266,-7.375,1.0,0.0864,131.121,4.0
Unholy (feat. Kim Petras) - ACRAZE Remix,Sam Smith,0.00284,0.743,176500.0,0.893,0.000369,1.0,0.113,-5.261,1.0,0.129,130.072,4.0
Unholy - Slowed + Reverb,DJ Skeeball,0.427,0.597,220880.0,0.363,0.000416,8.0,0.35,-14.0,1.0,0.0291,92.608,4.0
Unknown Track,Unknown Artist,0.00877,0.798,475559.0,0.755,0.876,10.0,0.109,-13.589,0.0,0.0446,127.012,4.0
Unlearn (with Gracie Abrams),benny blanco,0.897,0.429,155361.0,0.214,0.0,1.0,0.105,-12.261,1.0,0.242,77.849,4.0
Unrelated,nodisco.,0.205,0.764,199125.0,0.561,2.74e-05,8.0,0.694,-8.242,1.0,0.0384,130.024,4.0
Unrequited Love (& other clichés),Breakup Shoes,0.291,0.385,286012.0,0.468,0.0293,4.0,0.0892,-9.588,1.0,0.0251,81.331,3.0
Unsaid,Ruel,0.385,0.532,227040.0,0.433,0.0,11.0,0.355,-6.964,1.0,0.0933,77.04,4.0
Unseen two,RADWIMPS,0.925,0.389,53360.0,0.0884,0.456,5.0,0.134,-19.165,1.0,0.101,162.308,3.0
Unspoken Words,Jordy Chandra,0.887,0.386,120000.0,0.202,0.494,9.0,0.0915,-16.954,0.0,0.0349,82.642,5.0
Unstable (feat. The Kid LAROI),Justin Bieber,0.737,0.495,158324.0,0.333,0.0,4.0,0.112,-10.109,0.0,0.0288,99.757,4.0
Until Forever,Yasumu,0.881,0.638,127944.0,0.124,0.904,10.0,0.208,-20.872,0.0,0.0725,90.008,4.0
Until I Found You,Stephen Sanchez,0.777,0.551,176440.0,0.55,0.0,10.0,0.202,-5.339,1.0,0.0286,101.19,3.0
Until I Found You (Sped Up) - Heaven When I Held You Again How Could We Ever Just Be Friends,Hiko,0.599,0.464,123429.0,0.596,0.00196,3.0,0.248,-6.721,1.0,0.0302,139.861,3.0
Until I Found You - Girl Version,Ayradel,0.979,0.401,194659.0,0.111,0.00345,3.0,0.13,-17.528,1.0,0.037,182.876,3.0
Until I Found You - Piano Version,Stephen Sanchez,0.927,0.603,184895.0,0.148,0.0,7.0,0.101,-10.449,1.0,0.0279,95.451,3.0
Until We Meet Again,Peak Twilight,0.907,0.801,189250.0,0.122,0.929,5.0,0.102,-14.517,0.0,0.0443,75.025,4.0
Untitled (For Now),Oliver Daldry,0.325,0.564,201800.0,0.303,3.87e-05,2.0,0.11,-7.268,1.0,0.0304,90.037,4.0
Unusual changes of two,RADWIMPS,0.000399,0.606,156747.0,0.812,0.686,7.0,0.152,-5.543,1.0,0.0314,134.121,4.0
Upavaasa,Sonu Nigam,,,,,,,,,,,,
Upside Down (feat. Charlie Puth),JVKE,0.284,0.816,116000.0,0.444,0.0243,2.0,0.225,-9.635,1.0,0.0546,120.022,4.0
Us,Clara Mae,0.315,0.573,177069.0,0.584,1.19e-06,4.0,0.109,-6.574,1.0,0.047,114.841,4.0
Used To Know Me,Charli XCX,0.0914,0.711,145840.0,0.931,4.41e-05,1.0,0.0892,-4.042,1.0,0.0323,118.009,4.0
Used to Be,AJ Mitchell,0.723,0.471,174793.0,0.474,0.0,5.0,0.0964,-6.355,1.0,0.0382,120.656,4.0
"Usotsuki (From ""A Whisker Away"")",Akano,,,,,,,,,,,,
Utopia,Austra,0.00513,0.709,243004.0,0.475,0.579,6.0,0.115,-7.067,1.0,0.031,124.987,4.0
VILLAIN,K/DA,0.0232,0.653,199125.0,0.634,0.0,5.0,0.0908,-5.875,0.0,0.0391,160.013,4.0
VVS,mal sounds,0.0219,0.547,200548.0,0.412,0.0593,2.0,0.0831,-11.406,0.0,0.0355,145.98,4.0
Vagabond,Wolfmother,0.457,0.494,230227.0,0.74,0.368,2.0,0.37,-6.646,1.0,0.0678,100.983,4.0
Valentine,Luna Delirious,0.924,0.361,130339.0,0.231,0.0,4.0,0.17,-9.684,0.0,0.0375,167.544,4.0
Valentine's Mashup 2019,Amrita Singh,0.332,0.595,212522.0,0.61,2.14e-06,7.0,0.0628,-6.887,0.0,0.0499,97.974,4.0
Valley of the Hills,Sanjoy,0.182,0.591,149717.0,0.559,0.0,3.0,0.146,-4.139,0.0,0.0536,104.612,4.0
Vampire on My Fridge,Low Roar,0.0789,0.438,390747.0,0.509,0.0239,0.0,0.119,-10.368,1.0,0.0351,140.065,4.0
Vangeles,Slow Motion Centerfold,0.333,0.656,226282.0,0.423,0.0,0.0,0.129,-8.639,1.0,0.0247,104.009,4.0
Vele,Vishal-Shekhar,0.0166,0.833,230547.0,0.754,0.0,2.0,0.246,-7.555,1.0,0.0513,108.001,4.0
Verdiales,Marco Marin,0.526,0.613,86280.0,0.612,0.000482,10.0,0.129,-6.074,1.0,0.0599,80.018,1.0
Veronica,Leah Kate,0.373,0.876,156163.0,0.786,0.00545,0.0,0.145,-4.518,0.0,0.081,109.986,4.0
Version Of Me,Sasha Alex Sloan,0.537,0.699,181971.0,0.493,0.0,11.0,0.258,-10.386,1.0,0.0699,94.99,4.0
Vibez,ZAYN,0.241,0.643,163347.0,0.671,0.0178,7.0,0.12,-7.45,1.0,0.0842,96.924,4.0
Villain,Julia Wolf,0.473,0.731,176132.0,0.59,3.39e-05,2.0,0.107,-7.191,1.0,0.108,161.072,4.0
Violent Games,POLIÇA,0.0118,0.476,252360.0,0.853,0.107,9.0,0.114,-7.64,0.0,0.114,149.982,4.0
Violet,Connor Price,0.0177,0.924,122880.0,0.716,1.15e-06,8.0,0.128,-7.158,0.0,0.0541,119.973,4.0
Violets,Josh Golden,0.627,0.57,115263.0,0.63,0.0,9.0,0.464,-6.151,0.0,0.0715,95.1,4.0
Violin,Grooving Gecko,0.981,0.556,82000.0,0.494,0.891,7.0,0.0759,-10.52,0.0,0.0592,129.713,3.0
Virginia Interlude,iamjakehill,0.989,0.222,88269.0,0.054,0.957,6.0,0.114,-27.712,1.0,0.0441,54.693,4.0
Virtue,Misc.Inc,0.835,0.558,178667.0,0.328,0.583,9.0,0.109,-13.802,0.0,0.0376,89.987,4.0
Visit to Hida,RADWIMPS,0.992,0.76,92493.0,0.0705,0.726,9.0,0.116,-13.932,1.0,0.0623,143.036,3.0
Viva La Vida,Coldplay,0.0954,0.486,242373.0,0.617,3.23e-06,5.0,0.109,-7.115,0.0,0.0287,138.015,4.0
Viva La Vida,Shalom Margaret,0.871,0.319,200819.0,0.203,0.0,10.0,0.0811,-11.362,1.0,0.0321,97.946,4.0
"Vivaldi: The Four Seasons, Violin Concerto in G Minor, Op. 8 No. 2, RV 315 ""Summer"": III. Presto",Antonio Vivaldi,0.966,0.359,186040.0,0.448,0.818,7.0,0.163,-13.081,1.0,0.0344,135.579,3.0
Vivre Ma Vie,Amel Bent,0.785,0.59,214693.0,0.577,0.0,8.0,0.107,-6.817,1.0,0.0395,98.05,4.0
Vogel Im Kafig,Hiroyuki Sawano,0.386,0.109,380053.0,0.335,0.91,9.0,0.0992,-12.749,0.0,0.0353,75.475,4.0
Voices,Tusse,0.00237,0.503,184000.0,0.759,1.06e-06,10.0,0.13,-5.222,0.0,0.0423,90.015,4.0
Voices of the Chord,Hiroyuki Sawano,0.203,0.486,182173.0,0.403,0.00154,4.0,0.0677,-8.345,0.0,0.0296,141.85,4.0
Void,The Neighbourhood,0.047,0.534,203667.0,0.582,0.0328,5.0,0.0883,-7.912,1.0,0.0401,84.183,4.0
Volcano - Four Tet Instrumental,Antipop Consortium,0.692,0.606,283747.0,0.896,0.13,7.0,0.705,-6.456,0.0,0.0452,100.017,4.0
Voyeur Girl,Stephen,0.797,0.598,169200.0,0.262,0.00135,8.0,0.174,-10.505,0.0,0.153,100.281,4.0
W.I.T.C.H,Felix Pong,0.432,0.151,173621.0,0.235,0.804,5.0,0.137,-14.855,0.0,0.0309,87.504,5.0
W.I.T.C.H.,Devon Cole,0.104,0.868,132133.0,0.66,0.0,7.0,0.0755,-3.834,1.0,0.0526,121.925,4.0
WAP (feat. Megan Thee Stallion),Cardi B,0.0194,0.935,187541.0,0.454,0.0,1.0,0.0824,-7.509,1.0,0.375,133.073,4.0
WARNING - Sped Up,MC ORSEN,0.0144,0.768,108672.0,0.858,0.861,8.0,0.0829,-4.629,1.0,0.0767,143.56,4.0
WE ROLLIN,Shubh,0.261,0.82,199206.0,0.504,7e-06,4.0,0.104,-9.113,0.0,0.141,85.016,4.0
WET,Brevis,0.358,0.814,145909.0,0.647,0.00468,1.0,0.146,-6.213,1.0,0.129,94.978,4.0
WHAT WOULD YOU DO? (feat. Pink Sweat$),HONNE,0.093,0.871,192467.0,0.513,0.00302,7.0,0.352,-8.516,0.0,0.101,111.976,4.0
WHATDOYOUNEED!,Ctrlgang,0.0923,0.702,96750.0,0.961,0.0,1.0,0.048,-1.095,1.0,0.0775,160.026,3.0
WHO DO U LOVE?,Monsta X,0.28,0.782,189035.0,0.637,0.0,10.0,0.114,-5.63,0.0,0.264,101.989,4.0
WHOSE LOVE (feat. Tempest),Naomi Wild,0.344,0.716,210758.0,0.535,1.85e-05,0.0,0.123,-7.656,1.0,0.0432,124.011,4.0
WHY,NF,0.451,0.741,187933.0,0.827,0.0,10.0,0.292,-6.343,0.0,0.549,158.317,4.0
WITHOUT A HEAD,SPURIA,0.103,0.578,120163.0,0.998,0.842,0.0,0.41,3.01,1.0,0.155,102.48,4.0
WITHOUT YOU,The Kid LAROI,0.213,0.662,161385.0,0.413,0.0,0.0,0.134,-7.357,1.0,0.0299,93.005,4.0
WITHOUT YOU (with Miley Cyrus),The Kid LAROI,0.173,0.655,161385.0,0.469,0.0,0.0,0.0956,-6.257,1.0,0.0292,92.56,4.0
WORTH NOTHING,TWISTED,0.15,0.604,164629.0,0.601,0.000579,2.0,0.168,-7.887,0.0,0.0628,139.88,4.0
WTF,Sasha Alex Sloan,0.152,0.63,182773.0,0.781,0.000247,1.0,0.289,-7.819,1.0,0.0406,100.052,4.0
WYD Now?,Sadie Jean,0.776,0.378,144667.0,0.334,0.0,1.0,0.115,-10.993,1.0,0.304,181.296,4.0
Wait,Flo Rida,0.0139,0.82,123135.0,0.731,0.0,2.0,0.0805,-2.343,1.0,0.0443,120.013,4.0
Wait,M83,0.221,0.437,343253.0,0.229,0.0599,2.0,0.0935,-10.514,1.0,0.0308,147.911,4.0
Waited,TRACES,0.779,0.506,166762.0,0.579,0.0,1.0,0.148,-6.779,1.0,0.0683,85.295,4.0
Waiting,Vicetone,0.352,0.651,205714.0,0.7,0.0,1.0,0.061,-4.264,0.0,0.0318,104.964,4.0
Waiting,WILLIS,0.203,0.764,157294.0,0.524,0.0683,0.0,0.129,-7.451,0.0,0.0348,122.004,4.0
Waiting (10 Years),Low Roar,0.641,0.587,244838.0,0.489,0.254,7.0,0.115,-12.757,1.0,0.0922,155.039,3.0
Waiting For Love,Avicii,0.31,0.579,230613.0,0.736,0.0,6.0,0.198,-3.863,0.0,0.0527,127.999,4.0
Waiting for the End,Linkin Park,0.0415,0.487,231680.0,0.961,1.15e-06,4.0,0.553,-4.139,1.0,0.132,170.005,4.0
Waiting for the Stars (feat. David Shaw),Vitalic,0.00204,0.687,232833.0,0.678,0.0929,9.0,0.363,-7.134,0.0,0.181,115.979,4.0
Wake Me Up Before You Go-Go,Wham!,0.271,0.62,231333.0,0.573,0.0,0.0,0.0607,-11.893,1.0,0.0423,81.548,4.0
Wake Me Up In Paris,Anthony Keyrouz,0.0573,0.71,136947.0,0.816,4.87e-06,11.0,0.176,-4.516,0.0,0.186,131.001,4.0
Wake Up,EDEN,0.881,0.387,279828.0,0.374,0.0,0.0,0.851,-6.743,1.0,0.0332,116.661,3.0
Wake Up! Wake Up!,Everyday Sunday,0.000108,0.511,169253.0,0.847,0.0,1.0,0.107,-3.743,1.0,0.0339,151.939,4.0
"Wake Up, You're Dreaming",Notaker,0.0181,0.59,258647.0,0.529,0.794,6.0,0.129,-7.878,0.0,0.0349,104.045,4.0
Walcott,Vampire Weekend,0.512,0.398,221600.0,0.56,0.0151,5.0,0.224,-5.448,1.0,0.0312,160.71,4.0
Walk,Girls In Hawaii,0.0528,0.883,218973.0,0.573,0.838,0.0,0.111,-8.189,1.0,0.038,125.026,4.0
Walk Away,High School Musical Cast,0.429,0.685,228027.0,0.787,0.0888,8.0,0.223,-3.696,1.0,0.0348,97.995,4.0
Walk On Water (feat. Beyoncé),Eminem,0.805,0.483,303640.0,0.439,0.0,9.0,0.637,-10.212,0.0,0.238,81.986,4.0
Walk Out,Khutko,0.716,0.829,153506.0,0.24,0.903,6.0,0.177,-13.585,0.0,0.203,77.028,4.0
Walked Through Hell,Anson Seabra,0.664,0.508,216865.0,0.404,0.0,10.0,0.104,-11.092,1.0,0.0788,81.713,4.0
Walking In The Air,AURORA,0.761,0.38,209053.0,0.138,0.00086,9.0,0.108,-11.135,0.0,0.0356,91.262,4.0
Walking On The Sky,Dimension 32,0.99,0.504,147590.0,0.103,0.932,4.0,0.105,-17.153,0.0,0.0332,65.011,4.0
Walking The Wire,Imagine Dragons,0.0163,0.54,232907.0,0.761,0.0,4.0,0.0941,-5.339,1.0,0.0372,100.008,4.0
"Waltz No. 19 in A minor, Op. posth.",Frédéric Chopin,0.984,0.32,132667.0,0.0261,0.928,9.0,0.0749,-37.242,0.0,0.0416,69.279,4.0
"Waltz in A flat major, Op.39 No. 15",Johannes Brahms,0.996,0.387,94333.0,0.00906,0.889,8.0,0.0985,-34.559,1.0,0.0455,67.855,3.0
Waltz of the Flowers,Pyotr Ilyich Tchaikovsky,0.944,0.149,415813.0,0.128,0.928,2.0,0.0703,-20.459,1.0,0.0462,47.362,3.0
Wanderer,Kainbeats,0.932,0.557,140000.0,0.0703,0.87,2.0,0.0912,-26.509,0.0,0.0363,131.98,4.0
Wanna Be Her,june,0.0447,0.731,186080.0,0.821,8.51e-05,8.0,0.107,-5.791,1.0,0.0389,131.932,4.0
Wanna Be Missed,Hayley Kiyoko,0.127,0.588,195773.0,0.653,0.0,9.0,0.423,-5.645,0.0,0.0373,104.897,3.0
Wanna Be That Song,Brett Eldredge,0.114,0.518,236227.0,0.686,0.0,9.0,0.114,-4.911,1.0,0.0313,144.065,4.0
Wannabe,why mona,0.192,0.578,217412.0,0.724,2.38e-05,6.0,0.235,-7.02,0.0,0.0865,169.827,4.0
Wannabe - Sped Up Version,why mona,0.317,0.669,191892.0,0.782,0.000355,5.0,0.466,-6.827,0.0,0.105,92.528,4.0
Want U Around (feat. Ruel),Omar Apollo,0.3,0.571,247720.0,0.443,6.95e-06,0.0,0.101,-6.76,1.0,0.0451,143.923,3.0
War With Heaven,keshi,0.014,0.622,193373.0,0.671,0.0,5.0,0.304,-6.426,1.0,0.026,84.996,4.0
War Zone,Unknown Brain,0.156,0.372,183008.0,0.835,0.000369,10.0,0.0973,-4.049,0.0,0.264,80.014,4.0
Warm Glow,Hippo Campus,0.324,0.445,358870.0,0.446,0.119,9.0,0.106,-8.87,1.0,0.0286,92.463,4.0
Warriors,Asketa & Natan Chaim,0.0743,0.773,228571.0,0.974,1.17e-05,2.0,0.145,-2.982,1.0,0.183,105.02,4.0
Warriors,League of Legends,0.1,0.14,204587.0,0.478,0.000112,1.0,0.105,-10.145,0.0,0.0484,185.121,3.0
Waste My Time,The Crystal Casino Band,0.00123,0.591,193500.0,0.721,0.000386,1.0,0.097,-6.487,1.0,0.0335,119.97,4.0
Waste of Emotion,ELIO,0.0127,0.698,177772.0,0.725,0.122,2.0,0.288,-7.403,1.0,0.0431,104.99,4.0
Wasted,Haiden,0.103,0.758,148730.0,0.574,1.14e-05,7.0,0.229,-8.049,1.0,0.0436,121.374,4.0
"Wasteland, Baby!",Hozier,0.612,0.427,266467.0,0.407,0.386,2.0,0.109,-9.665,1.0,0.0382,168.844,4.0
Wastelands,Linkin Park,0.0104,0.44,195893.0,0.993,0.0,2.0,0.964,-3.481,0.0,0.184,169.77,4.0
Watashi de Aritai,Momoka Kisaki,0.227,0.643,156400.0,0.46,0.0,10.0,0.0916,-4.502,1.0,0.0347,150.045,4.0
Water Fountain,Alec Benjamin,0.388,0.723,218893.0,0.504,7.4e-05,8.0,0.087,-5.572,1.0,0.0392,133.975,4.0
Watercolor Eyes - From “Euphoria” An HBO Original Series,Lana Del Rey,0.964,0.444,211613.0,0.26,0.0815,7.0,0.125,-10.045,1.0,0.0316,120.443,4.0
Watermelon Sugar,Harry Styles,0.122,0.548,174000.0,0.816,0.0,0.0,0.335,-4.209,1.0,0.0465,95.39,4.0
Wave of You,Surfaces,0.057,0.695,213842.0,0.656,0.0,1.0,0.267,-6.038,1.0,0.0489,90.986,4.0
Waves,Fiji Blue,0.135,0.84,133748.0,0.338,0.0225,6.0,0.0635,-8.16,1.0,0.0436,108.024,4.0
Waves,Mark Ambor,0.0228,0.673,166280.0,0.728,3.69e-06,0.0,0.0903,-4.902,1.0,0.0376,158.049,4.0
Way Down,Miles Away,0.362,0.503,237647.0,0.785,0.0,8.0,0.191,-4.057,0.0,0.0374,102.009,4.0
Way Too Long (feat. Anne-Marie & MoStack) [Clean Bandit Remix],Nathan Dawe,0.0106,0.799,158655.0,0.711,8.48e-05,1.0,0.0694,-4.163,0.0,0.0337,125.983,4.0
Way Up,Jaden,0.03,0.585,153773.0,0.941,8.41e-06,10.0,0.196,-3.278,0.0,0.145,130.024,4.0
Way down We Go,KALEO,0.579,0.489,213707.0,0.505,0.000333,10.0,0.104,-8.022,0.0,0.117,163.255,4.0
Ways Of Love,Bahari,0.421,0.601,206622.0,0.513,8.42e-05,0.0,0.0868,-8.492,0.0,0.0378,121.78,4.0
We Are Not Good People,Bloc Party,9.09e-06,0.446,200147.0,0.931,1.09e-05,10.0,0.377,-3.125,0.0,0.0469,103.984,4.0
We Are Not Our Fathers,Ewan J Phillips,0.598,0.393,190379.0,0.297,0.000436,0.0,0.249,-11.143,0.0,0.0366,126.755,4.0
We Are One,12 Stones,0.000119,0.444,206707.0,0.974,1.64e-05,5.0,0.233,-4.041,0.0,0.114,127.102,4.0
We Are One (Ole Ola) [The Official 2014 FIFA World Cup Song] (feat. Jennifer Lopez & Claudia Leitte),Pitbull,0.00879,0.592,222520.0,0.935,0.0154,6.0,0.132,-4.317,0.0,0.0581,125.013,4.0
We Can Get High,Galantis,0.0668,0.654,156839.0,0.782,0.0,4.0,0.303,-5.179,0.0,0.0494,150.078,4.0
We Could Be Cool,Tep No,0.587,0.598,201859.0,0.56,0.00122,0.0,0.178,-8.816,1.0,0.263,171.898,4.0
We Didn't Start the Fire,Billy Joel,0.0771,0.712,287733.0,0.967,0.0,7.0,0.356,-5.206,1.0,0.047,145.024,4.0
We Don't Need Love Right Now,SEA,0.655,0.563,148599.0,0.553,0.00737,7.0,0.17,-6.881,1.0,0.0331,159.879,4.0
We Don't Talk Anymore (feat. Selena Gomez),Charlie Puth,0.621,0.728,217707.0,0.563,0.0,1.0,0.179,-8.053,0.0,0.134,100.017,4.0
We Gathered Leaves,Linearwave,0.727,0.712,93882.0,0.21,0.912,4.0,0.136,-17.027,0.0,0.033,85.004,4.0
We Met,Yasumu,0.695,0.702,141442.0,0.438,0.892,7.0,0.382,-13.475,0.0,0.0476,129.969,4.0
We Never Met,2ND CHOICE,0.955,0.385,107416.0,0.185,0.941,7.0,0.106,-24.819,1.0,0.0394,78.075,4.0
We Own It (Fast & Furious),2 Chainz,0.0521,0.554,227893.0,0.899,0.0,8.0,0.0568,-4.573,1.0,0.408,171.966,4.0
We Rise,San Holo,0.197,0.747,266483.0,0.491,1.77e-05,6.0,0.0837,-6.043,1.0,0.0639,145.034,4.0
We Rollin,Shubh,0.261,0.82,199206.0,0.504,7e-06,4.0,0.104,-9.113,0.0,0.141,85.016,4.0
We Were Fifteen,Jaden,0.974,0.625,165760.0,0.125,0.000569,4.0,0.138,-17.047,1.0,0.0492,123.723,4.0
We'll Be Alright,RADWIMPS,,,,,,,,,,,,
We'll Meet Again,TheFatRat,,,,,,,,,,,,
We're All In This Together (Graduation Mix),High School Musical Cast,,,,,,,,,,,,
We're Not Gonna Take It,Twisted Sister,0.0129,0.502,219667.0,0.925,0.0,4.0,0.162,-6.298,1.0,0.0501,149.188,4.0
We're Through,The Hollies,,,,,,,,,,,,
Weather,Novo Amor,0.939,0.527,232027.0,0.242,0.0435,6.0,0.114,-13.546,1.0,0.0313,143.848,4.0
Weatherman,Eddie Benjamin,0.183,0.772,145979.0,0.437,0.0,6.0,0.243,-6.877,1.0,0.0298,96.971,3.0
Weddings & Funerals,Royal & the Serpent,0.139,0.507,176598.0,0.581,0.0,6.0,0.54,-5.339,0.0,0.143,96.64,4.0
Weep,Lund,0.223,0.447,186827.0,0.522,0.0,11.0,0.122,-8.474,1.0,0.124,163.581,3.0
Weightless,TABAL,0.919,0.672,136286.0,0.306,0.921,9.0,0.105,-7.006,1.0,0.0288,140.101,4.0
Welcome To The Jungle,Guns N' Roses,0.0195,0.453,273480.0,0.987,0.283,8.0,0.268,-4.485,1.0,0.0889,123.544,4.0
Welcome to Wonderland,Anson Seabra,0.949,0.703,199131.0,0.179,0.0,4.0,0.102,-10.906,1.0,0.0366,97.427,3.0
Welcome to the Black Parade,My Chemical Romance,0.000289,0.217,311107.0,0.905,0.00011,2.0,0.222,-4.103,1.0,0.0752,96.95,4.0
Wellerman,Sea Shanty,0.275,0.706,145161.0,0.932,0.00031,0.0,0.291,-5.434,0.0,0.253,124.06,4.0
Wellerman,The Longest Johns,0.692,0.795,136500.0,0.438,0.0,3.0,0.23,-7.38,1.0,0.266,95.476,4.0
West Coast,Imagine Dragons,0.581,0.672,217173.0,0.715,2.08e-06,0.0,0.101,-6.18,1.0,0.0268,104.989,4.0
West Coast City,Tucker Rivera,0.902,0.607,195429.0,0.199,0.000876,10.0,0.146,-17.95,1.0,0.0644,139.835,4.0
Westcoast Collective,Dominic Fike,0.542,0.682,107280.0,0.571,0.00757,1.0,0.339,-7.169,0.0,0.0271,91.97,4.0
What A Perfect Day For Crying,iamnotshane,0.0129,0.56,181818.0,0.802,3.37e-05,9.0,0.157,-7.231,0.0,0.0574,165.01,4.0
What A Shame,Leyla Blue,0.315,0.699,177200.0,0.463,0.0,0.0,0.0803,-7.828,1.0,0.475,143.99,4.0
What A Time (feat. Niall Horan),Julia Michaels,0.662,0.516,173307.0,0.467,0.0,0.0,0.0853,-6.184,1.0,0.0302,132.861,4.0
What A Wonderful World,Israel Kamakawiwo'ole,0.873,0.536,270667.0,0.279,0.000816,0.0,0.118,-10.786,1.0,0.0269,79.998,4.0
What Am I,Why Don't We,0.0687,0.614,184665.0,0.647,0.0,0.0,0.104,-4.681,0.0,0.0524,163.862,4.0
What Can I Say?,Phonedown,0.963,0.441,174629.0,0.0515,0.913,10.0,0.0772,-28.014,0.0,0.0284,58.664,4.0
What Do You Mean?,Justin Bieber,0.59,0.845,205680.0,0.567,0.00142,5.0,0.0811,-8.118,0.0,0.0956,125.02,4.0
What Happens Now?,Hans Zimmer,0.964,0.187,146182.0,0.103,0.935,0.0,0.199,-28.249,1.0,0.056,68.955,4.0
What I've Done,Linkin Park,0.0141,0.623,205613.0,0.93,1.64e-06,5.0,0.138,-5.285,1.0,0.0324,120.119,4.0
What If,StreamBeats Originals,0.114,0.396,212977.0,0.686,0.0,0.0,0.142,-7.243,1.0,0.0374,77.908,4.0
What If (I Told You I Like You),Johnny Orlando,0.189,0.735,219187.0,0.584,0.0,1.0,0.125,-5.047,1.0,0.14,93.016,4.0
What If I Told You That I Love You,Ali Gatie,0.63,0.596,193668.0,0.366,7.04e-06,7.0,0.0554,-11.144,1.0,0.115,84.394,4.0
What Once Was,Her's,0.172,0.526,255067.0,0.877,0.0108,3.0,0.223,-4.369,0.0,0.033,145.568,3.0
What They'll Say About Us,FINNEAS,0.88,0.538,181210.0,0.318,7.28e-05,7.0,0.116,-13.036,0.0,0.0417,144.988,4.0
What You Do to Me,John Legend,0.0564,0.447,201387.0,0.781,0.0,9.0,0.204,-3.469,0.0,0.193,144.53,4.0
What You Know Bout Love,Pop Smoke,0.65,0.709,160000.0,0.548,1.59e-06,10.0,0.133,-8.493,1.0,0.353,83.995,4.0
What You See,Lotek Hi-Fi,0.0245,0.873,228760.0,0.704,0.00441,6.0,0.112,-7.665,1.0,0.0821,103.032,4.0
What You Want,Belly,0.111,0.513,192680.0,0.842,0.0,2.0,0.0955,-3.917,1.0,0.47,163.954,4.0
What a Mess,Austin Blue,0.448,0.509,185187.0,0.289,0.00117,7.0,0.101,-12.646,1.0,0.0299,134.925,3.0
What the Hell,Avril Lavigne,0.00472,0.578,220707.0,0.926,0.0127,6.0,0.14,-3.689,0.0,0.0548,149.976,4.0
What's Up Danger (with Black Caviar),Blackway,0.00363,0.701,222307.0,0.755,0.000795,2.0,0.121,-5.82,1.0,0.0417,95.036,4.0
What's Up Fatlip,Fatlip,0.088,0.791,202266.0,0.639,0.0,8.0,0.114,-3.01,0.0,0.337,169.942,1.0
When,dodie,0.971,0.309,223108.0,0.0925,0.00212,8.0,0.102,-15.885,1.0,0.0356,89.829,3.0
When I Don't Have You,Idarose,0.337,0.612,187207.0,0.413,9.82e-05,11.0,0.0916,-13.121,0.0,0.0883,100.019,4.0
When I Grow Up,NF,0.32,0.817,196800.0,0.814,0.0,2.0,0.152,-3.985,1.0,0.185,109.994,4.0
When I See You,Mokita,0.46,0.649,203843.0,0.568,0.0,10.0,0.0933,-10.051,1.0,0.0496,116.793,4.0
When I See You (Stripped),Mokita,0.564,0.718,182501.0,0.515,0.000525,6.0,0.179,-6.918,1.0,0.0326,105.047,4.0
When She Loved Me,Lyn Lapid,0.973,0.604,187709.0,0.0458,0.0,4.0,0.0963,-19.031,1.0,0.0762,76.235,3.0
"When She Loved Me - From ""Toy Story 2""",Sarah McLachlan,0.984,0.386,183440.0,0.175,0.0,5.0,0.0868,-12.038,1.0,0.043,67.195,4.0
When They Come for Me,Linkin Park,0.00306,0.547,293453.0,0.936,0.27,1.0,0.278,-4.232,1.0,0.049,91.997,4.0
When We Were Kids,Bangers Only,0.262,0.758,194068.0,0.367,0.0,6.0,0.103,-8.387,0.0,0.0574,123.909,4.0
When You Die,MGMT,0.0946,0.645,263880.0,0.938,0.0226,11.0,0.159,-4.557,0.0,0.0391,140.886,4.0
When You're Gone,Shawn Mendes,0.0248,0.603,172267.0,0.691,0.0,5.0,0.583,-5.805,1.0,0.0372,147.148,4.0
"Whenever, Wherever",BIMONTE,0.081,0.738,150857.0,0.767,0.0,7.0,0.346,-4.947,1.0,0.0336,104.985,4.0
Where Are Ü Now (with Justin Bieber),Jack Ü,0.041,0.432,250286.0,0.781,4.21e-06,4.0,0.0789,-4.038,0.0,0.0567,139.432,4.0
Where No One Goes,John Powell,0.00505,0.553,231976.0,0.778,0.0502,1.0,0.356,-9.059,0.0,0.0367,139.983,4.0
Where The Stars Fall (Up All Night),Cravemob,0.346,0.516,124608.0,0.482,3.48e-06,1.0,0.437,-7.83,0.0,0.0254,88.045,4.0
Where We Come From,Lecrae,0.199,0.722,149080.0,0.668,0.0,7.0,0.209,-11.16,1.0,0.222,178.069,4.0
Where We're Going,Hans Zimmer,0.863,0.226,461269.0,0.0244,0.952,0.0,0.371,-23.512,1.0,0.0421,95.951,3.0
Where the Sidewalk Ends,gnash,0.704,0.847,164262.0,0.346,0.0,6.0,0.128,-11.778,1.0,0.444,122.028,4.0
Where's My Love,SYML,0.868,0.604,202000.0,0.36,0.0343,0.0,0.112,-10.109,0.0,0.0253,103.985,4.0
Where's My Love - Sped Up,SYML,0.883,0.612,168342.0,0.378,0.0217,6.0,0.132,-11.234,1.0,0.0303,124.726,4.0
Where's the Party Tonight,Shankar-Ehsaan-Loy,0.00269,0.764,378160.0,0.863,0.0,2.0,0.27,-5.414,0.0,0.0416,132.021,4.0
While We Wait,Devon Rea,0.967,0.622,126000.0,0.347,0.939,9.0,0.103,-15.89,0.0,0.0651,159.933,4.0
Whisky Johnny O',Michiel Schrey,0.91,0.845,81533.0,0.5,0.0,11.0,0.744,-5.829,1.0,0.104,80.019,4.0
White Sky,Vampire Weekend,0.112,0.785,178667.0,0.692,0.00505,9.0,0.326,-5.647,1.0,0.0776,102.019,3.0
White Wishes,9nine,0.0134,0.624,319653.0,0.753,0.0,6.0,0.123,-3.169,0.0,0.0329,135.073,4.0
Who (feat. BTS),Lauv,0.558,0.632,180413.0,0.337,0.0,11.0,0.104,-8.0,0.0,0.033,141.701,3.0
Who Are You,Aquilo,0.784,0.373,184740.0,0.493,0.233,1.0,0.147,-9.947,1.0,0.0338,129.942,3.0
Who Do You Love,The Chainsmokers,0.0101,0.51,226733.0,0.846,0.0,3.0,0.208,-4.595,1.0,0.0461,139.927,4.0
Who Knew I'd Write Songs About You?,nodisco.,0.28,0.414,121304.0,0.393,0.151,4.0,0.49,-6.911,1.0,0.0295,68.885,4.0
Who Says,Selena Gomez & The Scene,0.0843,0.682,195613.0,0.927,0.0,4.0,0.149,-2.915,1.0,0.0479,101.019,4.0
Who's They?,Hans Zimmer,0.992,0.245,437139.0,0.0169,0.957,4.0,0.058,-28.927,0.0,0.0368,96.06,4.0
Whole,Sam Tompkins,0.293,0.703,174467.0,0.624,0.0,1.0,0.178,-5.758,1.0,0.0632,156.913,4.0
Why,Bazzi,0.353,0.676,148260.0,0.67,0.0,8.0,0.103,-6.584,1.0,0.0374,113.01,4.0
Why,Keith Zengeya,0.319,0.717,126380.0,0.815,0.0,11.0,0.0862,-4.351,0.0,0.0454,121.986,4.0
Why,Sabrina Carpenter,0.169,0.633,171096.0,0.557,0.0,11.0,0.0671,-4.917,0.0,0.203,89.672,4.0
Why Can't I Have You,Gloria Laing,0.662,0.827,285209.0,0.195,0.141,7.0,0.0987,-17.651,1.0,0.0638,137.966,4.0
Why Did I Answer?,Porsche Love,0.208,0.612,98481.0,0.436,0.0,11.0,0.0905,-11.246,1.0,0.0465,91.948,4.0
Why Do I Try,Gill Chang,0.582,0.713,187418.0,0.867,8.38e-05,5.0,0.116,-1.237,1.0,0.0313,130.009,4.0
Why Do You Love Me,Charlotte Lawrence,0.28,0.838,171908.0,0.305,0.000116,8.0,0.203,-6.165,0.0,0.0824,120.065,4.0
Why Not,Ghostface Playa,0.000718,0.725,165000.0,0.984,0.895,9.0,0.372,-1.638,1.0,0.0351,119.983,4.0
Wicked (Acapella),JMB Juvie,0.00563,0.751,85333.0,0.467,0.0,6.0,0.111,-12.006,0.0,0.507,179.722,4.0
Wiggle (feat. Snoop Dogg),Jason Derulo,0.0802,0.697,193296.0,0.621,0.0,9.0,0.162,-6.886,0.0,0.25,81.946,4.0
Wild Blue,John Mayer,0.557,0.816,252413.0,0.596,0.812,0.0,0.0842,-8.989,1.0,0.0294,123.027,4.0
Wild Life,OneRepublic,0.0118,0.498,267117.0,0.764,0.0104,2.0,0.156,-8.096,1.0,0.0382,115.975,4.0
Wild Ones (feat. Sia),Flo Rida,0.0991,0.608,232947.0,0.86,0.0,5.0,0.262,-5.324,0.0,0.0554,127.075,4.0
Wild for the Night (feat. Skrillex & Birdy Nam Nam),A$AP Rocky,0.0481,0.757,212640.0,0.848,0.0,2.0,0.121,-4.234,1.0,0.335,139.995,4.0
Wildfire,Cautious Clay,0.673,0.564,151913.0,0.352,0.000213,9.0,0.449,-10.788,1.0,0.0321,85.013,4.0
Wildflower,5 Seconds of Summer,0.174,0.644,220536.0,0.768,0.0,6.0,0.469,-4.316,1.0,0.0455,108.992,4.0
William Taylor,Sean Dagher,0.767,0.68,136120.0,0.69,0.0,0.0,0.0948,-4.988,1.0,0.0419,91.092,4.0
William Tell Overture,Gioachino Rossini,0.763,0.323,184320.0,0.682,0.647,4.0,0.127,-10.208,1.0,0.062,169.325,4.0
Willow Tree,Rival,0.446,0.515,188800.0,0.719,0.0,8.0,0.365,-7.38,0.0,0.0545,75.024,4.0
Wind Shear,Pierce Fulton,0.000178,0.576,193014.0,0.766,0.154,0.0,0.872,-5.478,1.0,0.0869,110.01,4.0
Wind of Summer,Shockwave-Sound,0.841,0.682,129500.0,0.218,0.88,2.0,0.093,-23.607,0.0,0.054,119.854,4.0
Wires,The Neighbourhood,0.0004,0.568,193080.0,0.569,0.102,7.0,0.342,-6.013,0.0,0.0329,72.991,4.0
Wish I Was Better,Kina,0.747,0.732,140571.0,0.304,6.13e-05,0.0,0.143,-13.086,0.0,0.111,139.965,4.0
Wish You Did,Jonah Kagen,0.0611,0.424,170921.0,0.735,0.0,1.0,0.178,-6.32,0.0,0.0685,117.658,4.0
Wish You Were Here,Pink Floyd,0.735,0.481,334744.0,0.262,0.0114,7.0,0.832,-15.73,1.0,0.0414,122.861,4.0
Wish You Were Mine,Sarcastic Sounds,0.672,0.816,121519.0,0.468,0.843,1.0,0.244,-8.686,1.0,0.0608,158.071,4.0
With Me,Northwest Stories,0.914,0.694,139048.0,0.237,0.018,1.0,0.111,-13.659,1.0,0.0366,125.583,4.0
With Myself,Winona Oak,0.156,0.75,189794.0,0.708,1.01e-06,3.0,0.0954,-7.132,1.0,0.0629,110.994,4.0
With Myself - MUNA Remix,Winona Oak,0.156,0.75,189794.0,0.708,1.01e-06,3.0,0.0954,-7.132,1.0,0.0629,110.994,4.0
With You,Mokita,0.3,0.648,154651.0,0.607,0.0,11.0,0.163,-6.399,1.0,0.0577,154.901,4.0
With You,iamjakehill,0.213,0.654,179212.0,0.56,0.0,4.0,0.128,-9.363,0.0,0.102,74.985,4.0
"With You, Friends (Long Drive)",Skrillex,0.343,0.366,389024.0,0.572,0.00895,2.0,0.186,-4.748,1.0,0.0377,119.938,4.0
Without Me,Eminem,0.00286,0.908,290320.0,0.669,0.0,7.0,0.237,-2.827,1.0,0.0738,112.238,4.0
Without Me,Halsey,0.297,0.752,201661.0,0.488,9.11e-06,6.0,0.0936,-7.05,1.0,0.0705,136.041,4.0
Without You,Low Roar,0.94,0.244,234075.0,0.07,0.025,0.0,0.09,-19.499,1.0,0.041,70.633,4.0
Without you,Marin Hoxha,0.112,0.346,240092.0,0.745,5.98e-06,0.0,0.151,-4.617,0.0,0.0992,71.84,4.0
Woah Man,Dayglow,0.00341,0.536,208587.0,0.678,0.000411,2.0,0.218,-7.44,1.0,0.0314,80.03,4.0
Woh Kisna Hai,Sukhwinder Singh,0.245,0.649,357187.0,0.525,1.2e-05,10.0,0.17,-11.94,1.0,0.0665,101.987,4.0
Woman,Doja Cat,0.0888,0.824,172627.0,0.764,0.00294,5.0,0.117,-4.175,0.0,0.0854,107.998,4.0
Woman - Single Version,Cat Power,0.758,0.562,245628.0,0.395,0.0165,0.0,0.228,-9.503,1.0,0.0388,109.101,4.0
Wooden Cabin,Yasumu,0.847,0.63,139315.0,0.175,0.949,0.0,0.109,-24.782,0.0,0.329,146.07,4.0
Woodland,The Paper Kites,0.533,0.433,231587.0,0.523,0.000112,0.0,0.162,-9.502,1.0,0.041,178.299,4.0
"Woofer (feat. Snoop Dogg, Zora Randhawa & Nargis Fakhri)",Dr Zeus,0.172,0.889,172360.0,0.879,0.0,6.0,0.792,-4.475,0.0,0.294,96.016,4.0
Words (feat. Zara Larsson),Alesso,0.0245,0.739,142677.0,0.586,0.000252,10.0,0.308,-5.079,0.0,0.0472,124.026,4.0
Words Ain't Enough,Tessa Violet,0.85,0.789,124365.0,0.212,3.08e-05,3.0,0.107,-11.85,1.0,0.0493,110.479,3.0
World We Used To Know,Alan Walker,0.176,0.48,161829.0,0.692,0.00011,11.0,0.221,-5.324,0.0,0.0582,85.343,4.0
World's Smallest Violin,AJR,0.116,0.68,180743.0,0.696,0.0,5.0,0.607,-6.977,1.0,0.051,115.962,4.0
World's Smallest Violin - Sped Up,AJR,0.0543,0.621,136812.0,0.758,0.0,10.0,0.282,-5.886,1.0,0.0773,153.239,4.0
Worlds Collide - Edison Cole Remix,NERVO,0.0149,0.631,192414.0,0.862,6.23e-05,8.0,0.103,-4.114,1.0,0.0515,145.01,4.0
Worship You,Vampire Weekend,0.00136,0.465,201240.0,0.92,1.46e-06,11.0,0.311,-6.071,1.0,0.0791,149.073,4.0
Worst in Me,Unlike Pluto,0.0517,0.675,197770.0,0.67,0.000635,9.0,0.0759,-6.476,1.0,0.0473,88.024,4.0
Would You,The Vamps,0.0768,0.818,181600.0,0.615,2.44e-06,5.0,0.142,-5.536,1.0,0.0691,102.936,4.0
Would You Love Me the Same,Ewan J Phillips,0.224,0.358,182646.0,0.557,2.17e-05,6.0,0.0766,-7.689,0.0,0.0431,134.052,4.0
Would You Stay,Mindme,0.315,0.707,220525.0,0.729,6.1e-06,0.0,0.117,-6.604,1.0,0.0421,106.016,4.0
Would You Still Want Me?,Mokita,0.678,0.367,195989.0,0.387,0.0,8.0,0.0855,-7.366,1.0,0.0666,180.636,4.0
Would? (2022 Remaster),Alice In Chains,0.000327,0.305,206773.0,0.833,2.36e-05,6.0,0.091,-7.981,1.0,0.0398,100.675,4.0
Wrap Me In Plastic - Slowed Down Version,CHROMANCE,0.225,0.94,147578.0,0.616,0.0,0.0,0.13,-3.153,0.0,0.0936,131.294,4.0
Wrapped Around Your Finger,Post Malone,0.0493,0.744,193565.0,0.628,0.0,2.0,0.317,-5.435,1.0,0.0287,119.966,4.0
Writer In The Dark,Lorde,0.73,0.325,216611.0,0.271,0.0,7.0,0.301,-8.069,1.0,0.0418,71.855,4.0
Written in the Stars (feat. Eric Turner),Tinie Tempah,0.0587,0.644,219560.0,0.945,0.0,7.0,0.184,-3.534,1.0,0.0717,91.017,4.0
Wth>You (Chairman Hahn Reanimation) [feat. Aceyalone],Linkin Park,0.00696,0.58,252307.0,0.982,4.82e-06,4.0,0.165,-3.428,0.0,0.0729,98.189,4.0
X-Ecutioner Style (feat. Black Thought),Linkin Park,0.0446,0.757,109493.0,0.978,0.000796,5.0,0.0355,-3.749,0.0,0.215,93.646,4.0
Xi Feng,Sweet Medicine,0.418,0.755,159452.0,0.242,0.895,8.0,0.149,-15.421,0.0,0.0491,145.954,4.0
Xl-Tt,Hiroyuki Sawano,0.0426,0.273,397440.0,0.576,0.91,2.0,0.117,-11.07,1.0,0.059,182.018,4.0
YEAH RIGHT,Joji,0.619,0.672,174358.0,0.588,0.241,1.0,0.0992,-9.573,1.0,0.133,169.033,4.0
YELLOW,Yoh kamiyama,0.0144,0.786,178712.0,0.719,0.000638,7.0,0.0887,-4.77,0.0,0.0353,117.981,4.0
YES MOM,Tessa Violet,0.143,0.78,162360.0,0.672,7.27e-05,8.0,0.125,-4.398,1.0,0.0328,97.054,4.0
YKWIM?,Yot Club,0.937,0.372,212750.0,0.537,0.873,9.0,0.287,-7.623,1.0,0.0305,123.735,3.0
YN,KLOUD,0.00126,0.369,243289.0,0.725,3.6e-06,9.0,0.0894,-3.857,1.0,0.0396,139.748,4.0
YO! MY SAINT - Radio Version,Karen O,0.59,0.347,224817.0,0.522,8.03e-06,8.0,0.134,-6.268,1.0,0.0413,120.668,3.0
Ya Ali,Zubeen Garg,0.186,0.626,295800.0,0.778,0.0,4.0,0.109,-11.277,0.0,0.0468,123.005,4.0
Ya Hey,Vampire Weekend,0.168,0.581,312653.0,0.65,0.000413,11.0,0.0945,-6.594,1.0,0.0533,91.983,4.0
Yaad,Asim Azhar,0.108,0.742,270811.0,0.491,0.0,9.0,0.121,-8.009,0.0,0.226,148.182,4.0
Yaar Bina Chain Kanha Ray,Bappi Lahiri,0.615,0.82,273551.0,0.517,0.00081,4.0,0.494,-10.995,1.0,0.0425,131.212,4.0
Yaaron,KK,0.733,0.64,268867.0,0.498,7.33e-06,5.0,0.136,-8.241,1.0,0.0289,113.895,4.0
Yakusoku,Eve,0.151,0.58,252693.0,0.622,0.0,8.0,0.265,-5.692,1.0,0.0376,80.031,4.0
"Yeah, I Said It",Rihanna,0.547,0.509,133080.0,0.38,1.21e-06,7.0,0.36,-7.479,1.0,0.158,127.88,4.0
Yeh Jo Halka Halka Suroor Hai,Nusrat Fateh Ali Khan,0.397,0.52,1394312.0,0.591,0.0,3.0,0.632,-13.536,1.0,0.06,136.768,4.0
Yeh Ladka Hai Deewana,Udit Narayan,0.289,0.516,397533.0,0.757,7.21e-06,2.0,0.367,-9.404,1.0,0.0551,124.061,4.0
Yeh Vaada Raha - Yeh Vaada Raha / Soundtrack Version,Kishore Kumar,0.765,0.471,313267.0,0.517,1.57e-06,8.0,0.102,-7.753,1.0,0.0309,117.797,4.0
Yellow,Coldplay,0.00239,0.429,266773.0,0.661,0.000121,11.0,0.234,-7.227,1.0,0.0281,173.372,4.0
Yellow Box,The Neighbourhood,0.0776,0.598,182760.0,0.575,0.798,0.0,0.0925,-11.6,0.0,0.0484,106.972,4.0
Yellow Lights,Harry Hudson,0.844,0.444,171382.0,0.21,0.0,3.0,0.0956,-10.811,1.0,0.0516,145.944,1.0
Yes,Kota Banks,0.237,0.565,174425.0,0.473,0.0,4.0,0.0843,-6.426,1.0,0.091,149.98,4.0
Yesterday,Jammabands,0.00902,0.606,155713.0,0.772,0.0,2.0,0.101,-4.604,1.0,0.0634,92.431,4.0
Yo Voy (feat. Daddy Yankee),Zion & Lennox,0.041,0.808,232020.0,0.697,0.0,10.0,0.0546,-5.899,1.0,0.241,95.06,4.0
Yoino Myojo,Eve,0.236,0.74,256529.0,0.556,0.0,0.0,0.117,-5.504,1.0,0.0306,117.949,4.0
You,Galantis,0.117,0.762,190400.0,0.797,0.0,5.0,0.202,-2.71,1.0,0.135,122.066,4.0
You,Regard,0.0592,0.691,233386.0,0.695,0.0,0.0,0.0647,-5.6,1.0,0.0367,106.064,4.0
You & Me - Flume Remix,Disclosure,0.382,0.593,282813.0,0.392,0.000114,10.0,0.131,-6.872,0.0,0.0257,75.065,4.0
You Are The Reason,Calum Scott,0.918,0.329,204326.0,0.235,0.0,10.0,0.137,-7.699,1.0,0.0303,171.006,3.0
You Belong,The Presets,0.00617,0.636,225065.0,0.878,0.76,1.0,0.14,-6.016,1.0,0.0464,113.031,4.0
You Broke Me First,Conor Maynard,0.848,0.399,160943.0,0.274,0.0,2.0,0.109,-7.474,1.0,0.0313,113.526,4.0
You Broke Me First,Coopex,0.611,0.661,169355.0,0.796,0.0,1.0,0.0679,-5.356,0.0,0.178,124.064,4.0
You Deserve Better,James Arthur,0.0322,0.516,207773.0,0.56,0.0,6.0,0.15,-7.116,0.0,0.486,98.94,4.0
You Deserve an Oscar,Matt Maltese,0.742,0.458,216387.0,0.61,0.099,6.0,0.1,-6.017,1.0,0.027,79.116,4.0
You Do You,Zayde Wølf,0.0843,0.75,152000.0,0.794,0.0,5.0,0.235,-4.303,1.0,0.0395,120.028,4.0
You Don't Know Me (feat. RAYE),Jax Jones,0.164,0.879,212573.0,0.665,0.0,11.0,0.319,-6.082,0.0,0.145,123.977,4.0
You Don't Mess Around With Jim,Jim Croce,0.607,0.705,184640.0,0.581,1.52e-05,11.0,0.117,-11.379,0.0,0.0455,163.24,4.0
You Don't Want Me Anymore,Snøw,0.367,0.685,165000.0,0.23,0.000971,0.0,0.101,-12.525,0.0,0.0388,96.085,4.0
You Dropped A Bomb On Me,The Gap Band,0.00737,0.786,312907.0,0.627,0.00186,9.0,0.181,-11.177,1.0,0.0339,126.461,4.0
You Get Me So High,The Neighbourhood,0.186,0.551,153000.0,0.881,0.0791,7.0,0.152,-6.099,0.0,0.0542,88.036,4.0
You Got Jebaited,Sordiway,0.159,0.96,38409.0,0.804,0.00043,8.0,0.197,-6.76,1.0,0.195,136.101,4.0
You Said,Connor Price,0.141,0.726,135000.0,0.481,0.0,0.0,0.155,-8.254,1.0,0.207,79.978,4.0
You See Big Girl / T:T,Hiroyuki Sawano,0.00756,0.186,359347.0,0.679,0.884,7.0,0.128,-7.884,0.0,0.0441,86.867,4.0
You Used to Hold Me,Calvin Harris,0.0205,0.626,229173.0,0.968,0.0,11.0,0.321,-6.014,0.0,0.0462,128.969,4.0
You Will Never Know,McKay,0.22,0.701,179319.0,0.548,0.0,4.0,0.105,-7.52,0.0,0.0351,110.039,4.0
You Will Never Know - English Version,McKay,0.34,0.489,179319.0,0.551,0.0,0.0,0.0981,-7.466,1.0,0.049,109.941,4.0
You are my moon,Gerardo Millán,0.94,0.755,139659.0,0.085,0.936,1.0,0.136,-14.464,1.0,0.0363,109.969,4.0
You're Always with Me,Arc North,,,,,,,,,,,,
You're Going Down,Sick Puppies,,,,,,,,,,,,
You're Okay,brodyn,,,,,,,,,,,,
You're the One,Luca Fogale,,,,,,,,,,,,
YouDeserveSomethingBetter,Charles Luciano,0.784,0.807,223328.0,0.289,0.916,2.0,0.0781,-18.145,1.0,0.0912,171.989,4.0
Young & Alive,Bazzi,0.326,0.716,160465.0,0.563,0.0,3.0,0.119,-5.486,1.0,0.0426,86.005,4.0
Young And Beautiful,Lana Del Rey,0.262,0.324,236053.0,0.416,3.69e-05,11.0,0.11,-8.92,0.0,0.0368,113.986,4.0
Young Dumb & Broke,Khalid,0.199,0.799,202547.0,0.539,1.66e-05,1.0,0.165,-6.351,1.0,0.0421,136.948,4.0
Youngblood,5 Seconds of Summer,0.0169,0.596,203418.0,0.854,0.0,7.0,0.124,-5.114,0.0,0.463,120.274,4.0
Youngblood,Arc North,0.0192,0.465,188317.0,0.891,0.0,7.0,0.24,-2.239,0.0,0.368,123.466,4.0
Younger,Jonas Blue,0.286,0.784,194721.0,0.845,1.59e-05,3.0,0.074,-2.793,1.0,0.0596,105.981,4.0
Younger,Ruel,0.202,0.745,222320.0,0.477,0.0,11.0,0.12,-7.706,0.0,0.088,136.055,4.0
Younger with Time.,Ben Zaidi,0.961,0.537,222827.0,0.143,0.00572,2.0,0.11,-16.992,1.0,0.0331,131.118,3.0
Your Latest Trick - Remastered 1996,Dire Straits,,,,,,,,,,,,
Your Love Is My Drug (8 Bit Slowed),just valery,0.438,0.282,112582.0,0.158,0.134,6.0,0.474,-7.783,1.0,0.0311,65.152,4.0
Your Power,Billie Eilish,0.932,0.632,245897.0,0.284,0.000476,9.0,0.233,-14.025,0.0,0.0801,129.642,4.0
"Your Voice / Bethel, NY",Jaden,0.866,0.56,213627.0,0.344,0.00147,3.0,0.111,-12.283,1.0,0.0306,115.393,3.0
