,acousticness,danceability,duration_ms,energy,instrumentalness,liveness,mode,speechiness,tempo
0,0.0162,0.476,0.4819818998771759,0.799,0.0,0.257,0.0,0.212,0.6864595505427695
1,0.916,0.475,0.44261645792757,0.13,0.956,0.101,1.0,0.051,0.4752027976765059
2,0.0164,0.691,0.43686984084400815,0.814,0.0,0.366,0.0,0.117,0.5589087029416248
3,0.475,0.624,0.3574179055504412,0.596,0.203,0.119,1.0,0.0314,0.5121551592745008
4,0.0158,0.625,0.5438640747134142,0.726,0.000169,0.0625,0.0,0.0444,0.5289886365560805
5,0.29,0.645,0.4355830858860428,0.611,2.05e-05,0.237,0.0,0.137,0.6667132381581398
6,0.000708,0.663,0.5024830970014222,0.904,0.289,0.341,1.0,0.0857,0.499686700875544
7,0.124,0.792,0.460698600554001,0.511,9.04e-05,0.14,1.0,0.0409,0.48257802841707736
8,0.202,0.759,0.4974855721141149,0.699,0.000131,0.443,0.0,0.0307,0.3935714406679198
9,0.139,0.742,0.3888241842565088,0.675,0.0,0.167,1.0,0.0907,0.6180841335162323
10,0.967,0.62,0.41729471197107837,0.122,0.963,0.0726,0.0,0.0428,0.30491202221883523
11,0.153,0.654,0.4599244107290479,0.63,0.0,0.111,1.0,0.0259,0.38100137174211246
12,0.899,0.611,0.2866223964743284,0.256,0.00497,0.125,1.0,0.0733,0.5230190181036088
13,0.497,0.83,0.42223174653501694,0.414,0.0,0.187,1.0,0.148,0.3725295940659452
14,0.0243,0.806,0.39851204548389774,0.945,0.837,0.267,1.0,0.0486,0.5080187640772917
15,0.634,0.459,0.4705904606928091,0.214,0.0,0.125,1.0,0.0403,0.693559586106454
16,0.452,0.639,0.49629843862001044,0.724,0.0,0.159,1.0,0.0664,0.5491710274517773
17,0.413,0.652,0.4784886064801892,0.713,0.0048,0.265,0.0,0.105,0.6605996714592965
18,0.373,0.78,0.49626336900926615,0.24,0.0141,0.452,1.0,0.0711,0.5948534268150181
19,0.0445,0.783,0.4425579888552187,0.599,0.0,0.108,1.0,0.0441,0.4825229893816999
20,0.945,0.0814,0.33371227271412973,0.0155,0.915,0.0923,0.0,0.044,0.7242925367068027
21,0.0125,0.665,0.4419601879434285,0.746,0.0,0.148,1.0,0.044,0.57155497976257
22,0.0432,0.646,0.4380352355114119,0.724,0.0,0.333,0.0,0.0475,0.659833358735965
23,0.00173,0.579,0.47858851607648956,0.851,0.0533,0.219,1.0,0.0278,0.5080949719724297
24,0.00272,0.471,0.5782081156919916,0.927,0.537,0.115,1.0,0.0495,0.4070729394231909
25,0.176,0.661,0.46482281184082175,0.528,0.000107,0.092,0.0,0.0354,0.6350827279039442
26,0.26,0.473,0.3915790082435522,0.849,0.0,0.103,0.0,0.052,0.33674575352673203
27,0.153,0.596,0.3943754277484375,0.881,0.0,0.16,0.0,0.119,0.6225253602939932
28,0.683,0.849,0.4853528640071929,0.489,1.91e-05,0.108,1.0,0.0509,0.4825526257853647
29,0.492,0.829,0.41062060167839376,0.512,0.0,0.12,0.0,0.187,0.34086521363613265
30,0.13,0.67,0.46691927901089136,0.418,0.0,0.353,1.0,0.0272,0.43157377771003747
31,0.929,0.32,0.425447686062836,0.127,0.813,0.25,0.0,0.0366,0.6115725922538908
32,0.831,0.227,0.4658147826549539,0.0666,0.392,0.083,0.0,0.0403,0.349574082541618
33,0.899,0.358,0.42893852199603044,0.167,0.96,0.103,0.0,0.0354,0.6120383071686226
34,0.000443,0.642,0.5121920824452331,0.695,1.02e-05,0.0753,1.0,0.0281,0.4402445426679537
35,0.0303,0.839,0.4231758832124519,0.525,0.0,0.302,1.0,0.131,0.5757760503988213
36,0.0908,0.512,0.4873249183234021,0.748,0.0,0.204,1.0,0.0376,0.6096589273315381
37,0.00213,0.587,0.5042338284232581,0.744,0.00181,0.114,0.0,0.0742,0.5036579789666209
38,0.809,0.643,0.4518560547567043,0.458,0.00015,0.237,1.0,0.0875,0.6950160036579789
39,0.686,0.612,0.4977128511107902,0.362,0.0,0.111,1.0,0.0307,0.5929101254890007
40,0.157,0.522,0.4956910608546621,0.624,0.00598,0.253,0.0,0.0323,0.5524098629951396
41,0.51,0.777,0.4284362805977857,0.597,0.0,0.107,1.0,0.0496,0.5667073108774069
42,0.000268,0.439,0.4944032780209793,0.903,0.0,0.249,0.0,0.0692,0.6645921184101339
43,0.438,0.504,0.5203705260508684,0.267,0.0,0.141,0.0,0.406,0.35549289573066434
44,0.134,0.479,0.6049316028349367,0.476,0.424,0.094,1.0,0.0511,0.5084717776761672
45,0.818,0.544,0.475950489232039,0.342,0.0744,0.131,1.0,0.0321,0.5591669630307033
46,0.169,0.763,0.4456198525231243,0.661,0.0,0.117,0.0,0.056,0.4022168029941235
47,0.18,0.747,0.44508436887713465,0.667,0.0,0.146,0.0,0.0566,0.4022083354502193
48,0.138,0.693,0.45573989451875385,0.643,0.0,0.108,0.0,0.0828,0.40244119290758523
49,0.336,0.847,0.40246063904423024,0.444,0.0,0.0996,0.0,0.492,0.48706159291435924
50,0.14,0.69,0.4922415987080795,0.926,0.0,0.112,0.0,0.253,0.7109646226015681
51,0.5,0.713,0.4507258195509085,0.418,0.000655,0.119,1.0,0.0519,0.3558104286270724
52,0.694,0.555,0.5295930406784808,0.452,0.0,0.0595,1.0,0.0554,0.7617444833951463
53,0.0146,0.466,0.5330961930902691,0.789,0.0,0.0637,1.0,0.0663,0.744178563565852
54,0.112,0.664,0.5144771892511244,0.447,0.0,0.091,0.0,0.289,0.3519873325543193
55,0.385,0.651,0.459266823664056,0.654,0.0,0.181,1.0,0.0466,0.6010897729004724
56,0.663,0.418,0.39235111640240117,0.392,0.335,0.204,1.0,0.0383,0.715092550254873
57,0.392,0.776,0.4507917335689544,0.513,0.0,0.0642,1.0,0.0872,0.6517214516757269
58,0.13,0.687,0.47004959371260857,0.855,0.0,0.311,0.0,0.109,0.7110492980406103
59,0.424,0.726,0.49532538996698006,0.654,0.0,0.0668,1.0,0.0423,0.5462116208572542
60,0.0593,0.521,1.0,0.837,1.28e-05,0.157,1.0,0.0794,0.4487840606953547
61,0.714,0.285,0.5637930724223326,0.803,1.07e-05,0.0495,1.0,0.158,0.405620755643618
62,0.936,0.751,0.46900943229820835,0.193,0.94,0.11,1.0,0.0449,0.48259496350488573
63,0.0281,0.587,0.5106863953138894,0.687,0.14,0.121,0.0,0.0509,0.7194787379972565
64,0.673,0.614,0.49253211942509756,0.511,0.00176,0.339,0.0,0.0294,0.6266998594387712
65,0.0318,0.637,0.4810982398540553,0.885,0.0,0.107,1.0,0.0274,0.5378033497603685
66,0.526,0.613,0.4977839074905783,0.739,0.0,0.149,1.0,0.0311,0.4444021067249233
67,0.287,0.765,0.5166138258650705,0.473,0.0,0.391,1.0,0.0514,0.5080187640772917
68,0.226,0.676,0.4962602513459786,0.623,1.66e-05,0.159,0.0,0.0352,0.47192162441362256
69,0.0169,0.618,0.4915683847124923,0.47,0.0,0.111,1.0,0.0271,0.5717031617808938
70,0.649,0.607,0.480339569715065,0.478,0.0,0.0928,0.0,0.031,0.3767167945265796
71,0.346,0.574,0.46605316200513514,0.651,0.0,0.149,1.0,0.046,0.5928000474182458
72,0.232,0.659,0.5037022368107751,0.834,0.55,0.236,1.0,0.0387,0.4913207674981795
73,0.0306,0.707,0.5066819659645372,0.707,0.0,0.127,0.0,0.0375,0.44047740012531966
74,0.509,0.765,0.4789242852731457,0.53,4.15e-06,0.117,0.0,0.0833,0.5508306660570036
75,0.242,0.661,0.47874650904462324,0.552,0.0,0.0953,0.0,0.0278,0.46601974631238463
76,0.0173,0.615,0.48148436313535337,0.774,0.0,0.15,0.0,0.0551,0.5795483412081491
77,0.937,0.496,0.40528379703981354,0.255,0.845,0.0909,1.0,0.0283,0.601030500093143
78,0.465,0.541,0.5009347086445328,0.556,0.0,0.116,0.0,0.0356,0.4482971769208623
79,0.495,0.784,0.48728622029749924,0.757,1.18e-06,0.142,1.0,0.0384,0.44452911988348653
80,0.00819,0.714,0.48241261075418285,0.883,0.843,0.231,1.0,0.0625,0.5335230063167877
81,0.9,0.0828,0.3716598987409454,0.012,0.812,0.0875,0.0,0.0451,0.7192966858033158
82,0.735,0.598,0.5084159772826706,0.295,0.0,0.107,1.0,0.0276,0.36844400413216144
83,0.771,0.497,0.4941934453114154,0.425,1.11e-05,0.109,1.0,0.0325,0.6269115480363766
84,0.306,0.405,0.5323736872443243,0.273,0.448,0.217,0.0,0.0515,0.338320716692916
85,0.694,0.773,0.46022305918933615,0.528,0.0001,0.478,0.0,0.0551,0.40669613371945335
86,0.477,0.792,0.507580364748287,0.484,0.0,0.106,1.0,0.192,0.41041761926535586
87,0.0244,0.486,0.6318791544397895,0.881,0.0,0.429,0.0,0.0474,0.6138842317397416
88,0.243,0.265,0.5373617150913979,0.312,0.0,0.0893,1.0,0.0569,0.2317863130620332
89,0.726,0.253,0.29333525355019785,0.139,5.01e-05,0.269,1.0,0.0414,0.31486138630628796
90,0.179,0.515,0.5144974050642124,0.663,0.668,0.494,0.0,0.0328,0.5081542447797591
91,0.771,0.695,0.43434761680002976,0.287,0.904,0.362,1.0,0.0499,0.5420413554844281
92,0.0747,0.798,0.5159933791781448,0.904,6.62e-06,0.0522,0.0,0.0476,0.5715930837101391
93,0.0747,0.798,0.5159933791781448,0.904,6.62e-06,0.0522,0.0,0.0476,0.5715930837101391
94,0.97,0.171,0.4944017013371307,0.0325,0.87,0.0756,0.0,0.043,0.2998399634202103
95,0.152,0.44,0.49386474430557925,0.676,0.0201,0.108,1.0,0.0582,0.5292765330488238
96,0.948,0.571,0.5636672647163117,0.0274,6.43e-06,0.322,0.0,0.0649,0.5258725803993294
97,0.825,0.458,0.5111822477647983,0.361,0.913,0.103,0.0,0.0353,0.36819421158698706
98,0.00623,0.808,0.5228801380807049,0.519,0.136,0.119,0.0,0.0403,0.4867863977374723
99,0.0103,0.551,0.4278199295245153,0.819,0.0437,0.153,1.0,0.0525,0.7405586885468001
100,0.0879,0.739,0.4779942413117775,0.625,0.0,0.251,1.0,0.0382,0.5206523395823807
101,0.314,0.692,0.485952547711318,0.735,0.959,0.117,1.0,0.0348,0.4657445511354976
102,0.0114,0.784,0.4879124940990478,0.913,0.00162,0.0831,1.0,0.177,0.5336838896509678
103,0.00453,0.545,0.5008490970524795,0.641,6.59e-05,0.171,0.0,0.0998,0.5160629307862961
104,0.428,0.617,0.5013054262841075,0.378,9.16e-05,0.11,1.0,0.0315,0.6010559027248557
105,0.538,0.609,0.44728319262949046,0.428,0.0,0.064,1.0,0.0244,0.4067427052109265
106,0.279,0.719,0.4960348425068619,0.461,0.0,0.0875,1.0,0.0454,0.5246278514454098
107,0.000974,0.605,0.41991940936421424,0.887,0.919,0.352,1.0,0.0448,0.42336872766685296
108,0.471,0.708,0.4676582911383049,0.42,0.0,0.353,0.0,0.121,0.6180502633406154
109,0.406,0.536,0.46313214951019077,0.659,0.004,0.107,1.0,0.0483,0.7198894138766109
110,0.234,0.514,0.46142379826002755,0.749,7.98e-05,0.19,1.0,0.403,0.7604828193534183
111,0.00142,0.627,0.42017050635428554,0.993,0.254,0.239,1.0,0.0714,0.4656090704330301
112,0.123,0.656,0.3847031459471182,0.964,0.813,0.78,0.0,0.0964,0.4826796389439279
113,0.11,0.706,0.40528379703981354,0.933,0.878,0.058,1.0,0.0721,0.4828278209622517
114,0.755,0.464,0.5139583907892078,0.391,9.64e-05,0.105,1.0,0.0384,0.452535182644922
115,0.113,0.613,0.4332403722548399,0.551,0.0,0.266,1.0,0.198,0.46674372131619496
116,0.654,0.328,0.5622124248559928,0.571,1.15e-05,0.27,1.0,0.0395,0.790030313807177
117,0.886,0.581,0.519279575377749,0.304,2.79e-05,0.103,0.0,0.0274,0.46150654541143793
118,0.561,0.307,0.5027447340973672,0.265,0.000517,0.398,0.0,0.0497,0.3984614472726041
119,0.131,0.639,0.5129728233117281,0.594,0.0,0.119,1.0,0.0347,0.3388457044149774
120,0.858,0.556,0.5599828833644755,0.792,0.007,0.596,1.0,0.0715,0.41725516096800963
121,0.349,0.792,0.6108870162064197,0.635,5.92e-06,0.324,0.0,0.0863,0.5165371132449321
122,0.117,0.69,0.5722560624709265,0.78,0.0,0.0696,0.0,0.0489,0.4697920371217124
123,0.766,0.549,0.5000971230134454,0.437,0.000407,0.133,0.0,0.0263,0.39787295297126113
124,0.232,0.561,0.5316197278968611,0.709,0.0,0.0992,1.0,0.0484,0.4869091771240834
125,0.979,0.417,0.32253724006445816,0.134,9.61e-05,0.101,1.0,0.0321,0.35214821588849937
126,0.393,0.616,0.5563364923175054,0.757,0.00267,0.165,0.0,0.0337,0.41057426882758385
127,0.0852,0.558,0.5298134101629897,0.746,0.000302,0.258,0.0,0.0389,0.508459076360311
128,0.161,0.68,0.5957356520003194,0.524,0.0015,0.101,1.0,0.0306,0.423605818896171
129,0.145,0.566,0.5766096921863961,0.634,0.000716,0.0814,1.0,0.0443,0.6091974461887584
130,0.755,0.334,0.5868226939504897,0.387,3.94e-05,0.113,1.0,0.0332,0.5502167691239479
131,0.79,0.569,0.530514451973199,0.31,0.0,0.341,1.0,0.0371,0.4117089197107487
132,0.331,0.636,0.4998205291771578,0.758,1.01e-05,0.16,1.0,0.0427,0.4107817236532372
133,0.568,0.727,0.5265591161052097,0.486,0.0,0.0889,1.0,0.0325,0.4997459736828735
134,0.1,0.577,0.46618440357606317,0.553,0.0,0.21,0.0,0.0479,0.6180206269369506
135,0.3,0.611,0.5990778483929806,0.512,0.000851,0.219,0.0,0.0361,0.4233221561753797
136,0.579,0.516,0.3968699526476869,0.482,0.0,0.307,1.0,0.0421,0.7204948432657623
137,0.428,0.574,0.479543687050239,0.647,0.0,0.124,0.0,0.0618,0.6140366475300174
138,0.354,0.651,0.493809368941416,0.688,2.57e-06,0.0741,1.0,0.109,0.4022803095734051
139,0.616,0.587,0.410866678843157,0.0548,0.827,0.0999,0.0,0.0345,0.46531270639638267
140,0.174,0.607,0.4753013285714738,0.849,2.03e-05,0.0964,1.0,0.0444,0.3809886704262561
141,0.321,0.827,0.4661506658174803,0.49,0.000137,0.095,0.0,0.055,0.4784246981320598
142,0.427,0.84,0.5073467609593645,0.884,0.0,0.0885,1.0,0.334,0.4996147267523582
143,0.00892,0.464,0.5259000110471614,0.701,0.309,0.335,0.0,0.0411,0.35561990888922757
144,0.92,0.245,0.44460274561817603,0.00336,0.0234,0.119,0.0,0.0451,0.5078367118833511
145,0.257,0.671,0.55264543882965,0.373,8.01e-05,0.0481,1.0,0.0323,0.39254686785550985
146,0.361,0.501,0.49565586053416677,0.556,0.000133,0.115,1.0,0.0266,0.3472412741960067
147,0.0477,0.418,0.47013925296021397,0.965,3.88e-06,0.561,0.0,0.163,0.591707734254602
148,0.00949,0.653,0.5509073566187568,0.783,0.0,0.0791,1.0,0.0298,0.5080187640772917
149,0.532,0.424,0.5424839981814751,0.443,0.000389,0.673,1.0,0.0382,0.5574819217937645
150,0.698,0.641,0.4763912235265606,0.324,0.0,0.328,1.0,0.0299,0.46649392877102064
151,0.823,0.659,0.47684218385570354,0.273,0.0,0.121,1.0,0.0285,0.4664388897356433
152,0.521,0.342,0.5099268791405005,0.279,0.00053,0.157,1.0,0.0376,0.303840877914952
153,0.778,0.62,0.4840334840159577,0.553,0.00191,0.0916,0.0,0.0517,0.6307388778810818
154,0.188,0.728,0.4615896572173397,0.694,0.000876,0.149,1.0,0.0645,0.4317812325356907
155,0.925,0.2,0.43420406470834094,0.318,0.894,0.114,1.0,0.0449,0.5063294890684008
156,0.743,0.654,0.5321949056055959,0.408,0.0145,0.278,1.0,0.0695,0.4062600552083862
157,0.000223,0.658,0.5424311365422043,0.852,0.863,0.101,1.0,0.044,0.5928296838219106
158,0.594,0.897,0.4282472455359514,0.728,0.0,0.0735,0.0,0.167,0.5922835272400887
159,0.674,0.157,0.5556130549753022,0.378,0.914,0.136,1.0,0.0389,0.5994682382428154
160,0.11,0.66,0.4719230806910386,0.867,0.0,0.0368,0.0,0.116,0.3938805060204237
161,0.397,0.697,0.5195920200645117,0.438,0.0,0.293,1.0,0.0289,0.49939033683889644
162,0.589,0.557,0.54459498713641,0.58,0.000245,0.124,0.0,0.0429,0.33891767853816324
163,0.0562,0.451,0.4199156772894874,0.496,0.777,0.325,0.0,0.0424,0.6771240833883724
164,0.943,0.508,0.5076334429851412,0.0901,0.000875,0.18,1.0,0.0295,0.2972023234940473
165,0.0533,0.724,0.4819146847098623,0.618,0.704,0.0886,1.0,0.0534,0.4234661044217514
166,0.887,0.764,0.08691350074605975,0.376,1.92e-06,0.375,1.0,0.571,0.4129875188402852
167,0.601,0.591,0.48640935566822563,0.335,0.0,0.0976,0.0,0.0339,0.3660011177157953
168,0.0997,0.524,0.49239729908822616,0.885,0.0,0.0708,1.0,0.037,0.5078578807431116
169,0.832,0.386,0.46912451547069334,0.406,0.0597,0.171,1.0,0.0425,0.33284221578688883
170,0.125,0.615,0.44721584664912584,0.373,0.876,0.184,0.0,0.026,0.37244491862690304
171,0.0411,0.72,0.47419964889526156,0.819,0.0,0.0606,1.0,0.0362,0.5588155599586784
172,0.0573,0.807,0.47851902022072146,0.887,2.87e-06,0.124,1.0,0.0503,0.5675455977239241
173,0.776,0.601,0.438420008057536,0.556,0.0465,0.236,0.0,0.395,0.33871445748446205
174,0.0216,0.473,0.4874681035801509,0.871,0.0,0.0525,1.0,0.0456,0.6222586326610103
175,0.479,0.733,0.4393503824936773,0.859,0.0645,0.105,0.0,0.033,0.5290013378719368
176,0.797,0.426,0.5172867528398526,0.177,0.00615,0.113,1.0,0.0346,0.5002413250012702
177,0.072,0.813,0.5028720274171437,0.734,0.0,0.118,0.0,0.0577,0.45710765635319817
178,0.149,0.846,0.47264434160221724,0.628,0.0,0.0746,1.0,0.0567,0.4702535182644922
179,0.0532,0.761,0.4881076106484534,0.644,0.00146,0.0838,1.0,0.0409,0.47415282223238325
180,0.00202,0.732,0.4527660379959979,0.777,0.667,0.268,1.0,0.111,0.67766177242629
181,0.716,0.247,0.4988675386803263,0.442,0.0,0.0655,1.0,0.041,0.26652441192907583
182,0.0173,0.774,0.5754966208987455,0.909,0.121,0.0739,0.0,0.0365,0.5375916611627631
183,0.164,0.645,0.46823858903071036,0.984,0.00701,0.164,1.0,0.0508,0.613702179545801
184,0.0699,0.636,0.3742028629862624,0.808,0.0,0.153,1.0,0.0534,0.31758793544344527
185,0.0586,0.578,0.5421153725742092,0.639,0.0,0.0944,1.0,0.0374,0.4574378905654626
186,0.377,0.403,0.5018508913382034,0.724,0.0,0.0927,1.0,0.246,0.4112389710240647
187,0.174,0.188,0.5579945288451231,0.411,0.153,0.0843,1.0,0.0484,0.7933072532981084
188,0.0938,0.288,0.5146882862028659,0.754,0.0,0.238,0.0,0.0476,0.7370785280021677
189,0.0421,0.571,0.4536790713063532,0.763,0.0,0.394,1.0,0.05,0.4231866754729123
190,0.00112,0.581,0.5245508267174053,0.925,0.0,0.406,1.0,0.151,0.5926518653999221
191,0.0536,0.481,0.5476628125077592,0.49,0.123,0.0915,1.0,0.0271,0.6437026875984352
192,0.272,0.665,0.48338116061888003,0.488,0.000261,0.181,1.0,0.0981,0.6015639553591084
193,0.547,0.303,0.4822530319300746,0.68,0.929,0.872,1.0,0.0731,0.5020449118528679
194,0.0386,0.591,0.49371597936606926,0.864,0.0,0.139,1.0,0.155,0.542231875222273
195,0.00527,0.607,0.5216931974082231,0.678,0.0,0.332,0.0,0.0335,0.49098206574201086
196,0.00887,0.572,0.49404576975275627,0.811,5.65e-06,0.124,0.0,0.066,0.5332266422801402
197,0.0411,0.603,0.5000742817714716,0.834,0.00609,0.105,0.0,0.0417,0.38085742349574075
198,0.0976,0.699,0.4694049784687764,0.709,0.000124,0.0852,0.0,0.0889,0.6349599485173331
199,0.777,0.303,0.4894831866930429,0.393,0.000102,0.106,1.0,0.0458,0.7630527189283476
200,0.0584,0.617,0.502465089349831,0.567,0.0,0.0933,1.0,0.0828,0.3820809835898999
201,0.0232,0.603,0.4960941497343283,0.618,0.0,0.118,1.0,0.0319,0.4746651086385883
202,0.126,0.74,0.5072316555557475,0.7,0.0,0.208,0.0,0.165,0.38091669630307035
203,0.755,0.765,0.4138362356003822,0.524,0.0,0.239,0.0,0.101,0.48560094159088213
204,0.922,0.422,0.5374265411456673,0.264,0.0,0.132,1.0,0.0322,0.5077562702162611
205,0.00886,0.54,0.5165085161187832,0.557,0.000182,0.307,1.0,0.0259,0.3176810784263916
206,0.0719,0.683,0.5379768277799979,0.975,0.000384,0.325,1.0,0.068,0.43618858913783465
207,0.184,0.664,0.5116290756154362,0.792,0.000417,0.106,1.0,0.0283,0.5925629561889278
208,0.349,0.483,0.5626147342110506,0.781,0.0,0.126,1.0,0.0445,0.35471388169147655
209,0.987,0.428,0.6246992378670466,0.237,0.896,0.0849,0.0,0.0351,0.3382953140612034
210,0.91,0.635,0.4481226820365609,0.238,0.914,0.0857,0.0,0.0317,0.5080738031126691
211,0.249,0.453,0.5529910663478104,0.434,0.478,0.0894,0.0,0.0291,0.4573151111788515
212,0.0277,0.648,0.4723296895401239,0.707,2.79e-05,0.099,1.0,0.0268,0.5418000304831581
213,0.656,0.741,0.5277184008664269,0.354,0.702,0.384,1.0,0.0812,0.5081288421480465
214,0.0356,0.525,0.5143279330601356,0.785,0.0,0.103,0.0,0.0455,0.7202323494047317
215,0.936,0.257,0.4290973611855988,0.113,0.93,0.102,0.0,0.0386,0.569467730190181
216,0.0856,0.523,0.3784593268521643,0.617,0.857,0.139,0.0,0.0265,0.33854934037832984
217,0.5,0.58,0.5160286009082795,0.405,0.0,0.103,1.0,0.0994,0.7183059831665227
218,0.992,0.691,0.2970839801876213,0.00816,0.967,0.149,0.0,0.093,0.28598706159291437
219,0.476,0.722,0.4697023861825791,0.514,0.0114,0.105,0.0,0.272,0.4402784128435706
220,0.185,0.625,0.483020634849052,0.574,0.00405,0.159,1.0,0.0356,0.38988382529763416
221,0.798,0.549,0.47735404637140433,0.274,6.63e-06,0.103,1.0,0.0379,0.3669156124574506
222,0.539,0.673,0.47062694122277304,0.659,0.0,0.129,0.0,0.0439,0.37261850327693946
223,0.338,0.792,0.5601168325238781,0.959,0.0,0.275,0.0,0.0913,0.48694728107165236
224,0.637,0.115,0.3905815406227271,0.301,0.935,0.154,1.0,0.0449,0.32716896137106466
225,0.593,0.287,0.5746529516646013,0.654,7.3e-06,0.11,1.0,0.0374,0.3557003505563176
226,0.447,0.32,0.4266291617134885,0.437,0.0,0.279,0.0,0.0411,0.34531914172974987
227,0.16,0.702,0.4873866515038132,0.759,0.0,0.062,1.0,0.0381,0.5249834882893868
228,0.128,0.551,0.5135866083641183,0.596,0.0,0.0679,1.0,0.0544,0.7188352046605362
229,0.401,0.722,0.44403493651064174,0.592,1.31e-06,0.0927,1.0,0.0564,0.5923173974157055
230,0.175,0.729,0.5224046700391756,0.675,1.58e-06,0.55,1.0,0.0312,0.5079171535504412
231,0.574,0.649,0.5239348730332716,0.458,0.0,0.113,0.0,0.0446,0.7623795491879625
232,0.0919,0.605,0.5151811752936917,0.532,0.000576,0.0762,0.0,0.0337,0.4352486917644668
233,0.165,0.69,0.509463860672088,0.812,4.15e-05,0.0905,0.0,0.0327,0.4353333672035089
234,0.149,0.567,0.5092739667988639,0.588,0.00298,0.126,0.0,0.0315,0.3360810513302511
235,0.503,0.433,0.5270813935746816,0.501,0.0177,0.0945,1.0,0.0346,0.863943504547071
236,2.64e-05,0.38,0.4681395467483629,0.988,7.86e-05,0.368,1.0,0.0639,0.7879599993225964
237,0.0154,0.617,0.44516112640372696,0.514,0.0,0.118,1.0,0.0722,0.3432191908415045
238,0.0849,0.616,0.4822190588578035,0.699,0.000689,0.077,1.0,0.044,0.4231909092448644
239,0.0209,0.727,0.5135627742247681,0.714,0.0,0.153,1.0,0.0872,0.694351301461498
240,0.895,0.559,0.4350532855422746,0.354,0.864,0.113,0.0,0.108,0.33841809344781454
241,0.655,0.636,0.4967847393495024,0.522,0.0,0.124,1.0,0.127,0.3516062930786296
242,0.0145,0.559,0.5048317489023875,0.559,0.0,0.138,1.0,0.0358,0.30693999898389474
243,0.926,0.49,0.546029256084013,0.126,3.36e-06,0.0992,1.0,0.0327,0.42291994783992953
244,0.523,0.719,0.5320904215359592,0.922,0.000163,0.0867,1.0,0.0338,0.5635700858608952
245,0.0148,0.708,0.45739969664187075,0.872,0.802,0.0881,0.0,0.0463,0.529204558925638
246,0.163,0.709,0.503923261967504,0.48,0.0,0.16,1.0,0.305,0.7447882267269555
247,0.00137,0.593,0.46793015697798657,0.914,0.445,0.0714,1.0,0.0363,0.5419863164490507
248,0.000734,0.572,0.47736804744363837,0.961,0.021,0.207,1.0,0.0625,0.3259919727683788
249,0.458,0.744,0.5415345858594152,0.708,0.000486,0.207,0.0,0.0312,0.5081246083760944
250,0.49,0.526,0.5819579723592989,0.639,1.46e-05,0.099,1.0,0.0322,0.3262248302257447
251,0.00591,0.682,0.5465502000759641,0.97,0.171,0.0448,1.0,0.0459,0.5840657758810479
252,0.701,0.676,0.48245163289938464,0.634,1.63e-06,0.223,1.0,0.0385,0.3641213229690596
253,0.0198,0.648,0.45524365592939264,0.724,0.0,0.15,1.0,0.0263,0.529280766820776
254,0.695,0.445,0.5214007889395291,0.537,1.65e-05,0.0944,0.0,0.04,0.5197759487882945
255,0.112,0.933,0.5002363854392389,0.528,0.329,0.163,0.0,0.162,0.4656090704330301
256,0.414,0.384,0.4961386160225105,0.455,0.838,0.0933,0.0,0.0348,0.4234534031058951
257,0.181,0.686,0.480984449848298,0.538,3.13e-06,0.113,1.0,0.0345,0.4906264288980338
258,0.806,0.221,0.48510352657494216,0.34,0.989,0.104,0.0,0.0314,0.36268607427729516
259,0.0947,0.597,0.5014142120463019,0.624,8.62e-05,0.0946,1.0,0.0283,0.4426027536452776
260,0.0364,0.628,0.5005487228847798,0.797,0.0,0.104,0.0,0.0596,0.45271723483886267
261,0.19,0.417,0.5420706340787769,0.52,0.0,0.0783,1.0,0.0324,0.5247082931124998
262,0.0194,0.369,0.5494434673938362,0.467,0.46,0.109,1.0,0.0274,0.3999771376314586
263,0.00498,0.66,0.47651265700193624,0.648,1.11e-06,0.322,0.0,0.0481,0.5422615116259378
264,0.363,0.593,0.49517951968498863,0.74,2.22e-05,0.102,1.0,0.0339,0.49961896052431026
265,0.855,0.518,0.5310066096230956,0.208,5.15e-06,0.12,1.0,0.0363,0.7613846127792173
266,0.981,0.323,0.49509554597628913,0.0742,0.944,0.0735,1.0,0.0328,0.254174499144778
267,0.254,0.445,0.4829555372032164,0.532,0.0,0.109,1.0,0.0405,0.5452082169046046
268,0.818,0.45,0.474742970591268,0.329,0.00109,0.135,0.0,0.0441,0.30434046300530065
269,0.0128,0.479,0.8516840074302423,0.82,0.66,0.109,0.0,0.064,0.5864536232620365
270,0.372,0.676,0.4610267888745505,0.338,5.57e-06,0.468,1.0,0.0284,0.3896297989805077
271,0.184,0.693,0.4126244486992148,0.537,2.59e-05,0.2,1.0,0.0393,0.6054082202916222
272,0.184,0.693,0.4126244486992148,0.537,2.59e-05,0.2,1.0,0.0393,0.6054082202916222
273,0.78,0.348,0.6547713757930103,0.168,0.00199,0.504,1.0,0.0398,0.5597300547003335
274,0.714,0.632,0.4497432301444504,0.578,0.0,0.42,0.0,0.0905,0.5898660434554354
275,0.0631,0.681,0.4704590632573453,0.698,0.464,0.0535,0.0,0.0595,0.6607182170739555
276,0.000101,0.564,0.4777639554394557,0.778,0.00682,0.0661,1.0,0.0369,0.5081034395163339
277,0.136,0.746,0.4702462306874797,0.651,0.0,0.0952,0.0,0.199,0.7453682534843943
278,0.0187,0.767,0.46950784734850215,0.605,0.00251,0.359,1.0,0.041,0.47465664109468403
279,0.0302,0.703,0.4877935061730616,0.723,2.06e-06,0.126,0.0,0.0412,0.44441480804077965
280,0.108,0.523,0.4915242607892114,0.699,0.000607,0.205,0.0,0.0293,0.31746092228488204
281,0.118,0.585,0.49386632618292237,0.794,0.812,0.0962,1.0,0.0682,0.5716142525698996
282,0.0524,0.965,0.46738039063133496,0.303,0.00405,0.12,1.0,0.0561,0.4532168199292113
283,0.309,0.468,0.4751364166783876,0.67,0.4,0.108,1.0,0.0875,0.6244728953919625
284,0.841,0.364,0.5288988729428685,0.0459,0.44,0.0918,1.0,0.0316,0.7688445189588308
285,0.53,0.65,0.45230147840570867,0.286,0.933,0.111,1.0,0.0549,0.6605996714592965
286,0.159,0.437,0.5215143429989535,0.681,0.0,0.136,0.0,0.0354,0.618194211586987
287,0.342,0.52,0.45954423074755835,0.731,0.00101,0.311,0.0,0.0557,0.73637995563007
288,0.845,0.529,0.4936660969496165,0.174,0.0,0.0567,1.0,0.0373,0.5762671679452658
289,0.0811,0.571,0.5111331571655202,0.873,0.0,0.361,0.0,0.1,0.5914198377618588
290,0.365,0.331,0.5033272242202425,0.45,0.00464,0.22,1.0,0.034,0.5242637470575284
291,0.0189,0.276,0.39989889411752744,0.523,0.984,0.0567,1.0,0.0391,0.34589493471523647
292,0.815,0.76,0.5813055372214238,0.546,0.0,0.29,1.0,0.0395,0.4952200714660705
293,0.409,0.646,0.5349362658363197,0.796,0.0,0.107,1.0,0.366,0.35179681281647446
294,0.0631,0.49,0.4797490583497688,0.644,2.87e-06,0.384,0.0,0.349,0.8213094209893478
295,0.866,0.548,0.4769588964701017,0.444,0.0,0.134,1.0,0.0384,0.7193898287862622
296,0.961,0.639,0.4425265801544995,0.146,0.914,0.107,0.0,0.0432,0.5126166404172805
297,0.00436,0.402,0.6133931129634838,0.426,0.0597,0.0857,0.0,0.0255,0.3473979237582347
298,0.777,0.813,0.46248642174675014,0.415,0.0,0.131,1.0,0.0349,0.3891725516096801
299,0.73,0.731,0.4613157064365432,0.484,3.01e-06,0.326,1.0,0.0354,0.38968907178783724
300,0.894,0.68,0.4158943452379671,0.114,0.858,0.113,0.0,0.0472,0.46575301867940183
301,0.858,0.619,0.4704316754773432,0.0936,0.938,0.0825,0.0,0.0513,0.3262163626818405
302,0.949,0.574,0.45136632295119683,0.144,0.92,0.113,1.0,0.0341,0.3893588375755728
303,0.808,0.574,0.4318309289632931,0.184,0.938,0.137,1.0,0.0388,0.57627563548917
304,0.0472,0.471,0.4809673317081806,0.561,1.91e-06,0.122,0.0,0.03,0.42256431099595254
305,0.000225,0.0681,0.37711640706587257,0.00552,0.573,0.116,1.0,0.0611,0.3150773086758455
306,0.00182,0.54,0.5295847789784602,0.608,0.76,0.106,1.0,0.0508,0.5292638317329675
307,0.109,0.775,0.49571217740504947,0.613,2.33e-05,0.134,0.0,0.0542,0.42365662415959626
308,0.981,0.175,0.4307448500786819,0.00327,0.884,0.0987,1.0,0.048,0.2816686142017646
309,4.33e-05,0.412,0.5063716298787879,0.928,0.773,0.276,1.0,0.0493,0.7366255144032922
310,0.947,0.666,0.4289891319915158,0.144,0.497,0.0645,1.0,0.0369,0.3388584057308337
311,0.0784,0.498,0.456454584056984,0.689,0.0,0.188,0.0,0.0772,0.6088333418008772
312,0.239,0.6,0.4496561550329288,0.529,2.35e-05,0.099,1.0,0.0277,0.5714152652881506
313,0.99,0.637,0.3125124023486221,0.205,0.967,0.147,1.0,0.0411,0.4673491507053464
314,0.708,0.698,0.5343101866332245,0.508,0.00278,0.319,1.0,0.0454,0.5080484004809565
315,0.668,0.322,0.5658199051214163,0.515,5.01e-06,0.0907,0.0,0.0341,0.6346932208843503
316,0.221,0.698,0.44070541333670366,0.871,0.0,0.298,1.0,0.0469,0.41492235262239835
317,0.279,0.86,0.4610761053043422,0.907,0.693,0.0648,1.0,0.0407,0.5844510491286896
318,0.819,0.445,0.48395870435842925,0.28,1.29e-05,0.111,1.0,0.0275,0.4434579755796033
319,0.0813,0.552,0.4488026456484806,0.582,0.205,0.177,1.0,0.0404,0.446590966824163
320,0.0813,0.552,0.4488026456484806,0.582,0.205,0.177,1.0,0.0404,0.446590966824163
321,0.015,0.707,0.38818935487527595,0.591,0.0,0.27,1.0,0.0705,0.6349895849209978
322,0.181,0.675,0.4143197308369375,0.568,0.952,0.122,0.0,0.0393,0.6181391725516097
323,0.00292,0.679,0.5660910027952424,0.859,0.798,0.361,0.0,0.0556,0.5250978001320936
324,0.227,0.282,0.563648694714943,0.428,0.000158,0.0897,0.0,0.0311,0.3539772053718099
325,0.726,0.626,0.4724289289966703,0.35,0.0,0.0975,1.0,0.0299,0.30704160951074533
326,0.0293,0.67,0.4392443219023794,0.665,2.19e-05,0.101,1.0,0.104,0.6858287185219055
327,0.0169,0.658,0.5346327693334119,0.864,0.734,0.341,0.0,0.0367,0.5080738031126691
328,0.0031,0.497,0.48385025503504053,0.825,0.00496,0.0905,0.0,0.0821,0.3755863774153669
329,0.0348,0.781,0.4725010652813235,0.913,8.58e-05,0.294,1.0,0.0802,0.5081669460956155
330,2.5e-05,0.714,0.3904296052304388,0.891,0.104,0.4,0.0,0.199,0.7789928703280327
331,0.0333,0.698,0.3986183821607514,0.977,0.00201,0.0627,1.0,0.0822,0.6348710393063388
332,0.000922,0.615,0.45219738261924936,0.866,0.142,0.111,1.0,0.0505,0.6353325204491185
333,0.0164,0.886,0.47104497296614656,0.84,0.00622,0.329,1.0,0.0502,0.5209021321275551
334,0.157,0.844,0.47340457283935033,0.706,0.173,0.0752,1.0,0.152,0.6351801046588426
335,0.149,0.725,0.5336600037069781,0.77,2.17e-05,0.0641,1.0,0.0539,0.39377889549357314
336,2.16e-05,0.45,0.5147509357327285,0.996,0.0521,0.0772,1.0,0.129,0.3239724635472235
337,0.0104,0.678,0.43821995052636686,0.929,2.84e-05,0.308,1.0,0.0837,0.7197242967704788
338,0.901,0.352,0.4953880898167855,0.528,0.943,0.128,1.0,0.0391,0.4318997781503497
339,0.334,0.766,0.5039195434802246,0.664,0.0,0.115,0.0,0.177,0.46548629104641903
340,0.356,0.176,0.4025395306401922,0.194,0.762,0.0555,0.0,0.0375,0.26132110619993565
341,0.794,0.451,0.605502285908841,0.308,0.945,0.0891,1.0,0.0362,0.507675828549171
342,0.417,0.467,0.47329246814389103,0.214,0.835,0.0947,1.0,0.0335,0.5080484004809565
343,0.0143,0.585,0.5116914915033588,0.972,0.0,0.0707,0.0,0.0534,0.4657403173635455
344,0.308,0.635,0.5527309491385122,0.51,0.0127,0.162,1.0,0.0344,0.507993361445579
345,0.477,0.678,0.5058021241645361,0.449,0.0,0.536,0.0,0.0869,0.4235169096851767
346,0.857,0.658,0.5152297579294629,0.539,1.45e-06,0.0999,1.0,0.0433,0.3390743281003912
347,0.768,0.443,0.5913042752184654,0.447,0.0,0.2,0.0,0.0356,0.539361377838744
348,0.838,0.537,0.49935696613782454,0.35,0.0,0.108,1.0,0.0248,0.2837389286863452
349,0.313,0.489,0.5551137580040573,0.724,0.185,0.287,1.0,0.0352,0.4965875798066013
350,0.408,0.293,0.446002025904255,0.369,0.62,0.118,1.0,0.0425,0.49811173770936
351,0.00315,0.464,0.49656472179257083,0.749,0.00528,0.294,0.0,0.0291,0.6480507713932496
352,0.0189,0.623,0.5022728840584749,0.876,0.0134,0.0728,1.0,0.066,0.5268124777726972
353,0.0921,0.73,0.3926630563401561,0.907,0.114,0.23,1.0,0.0606,0.5121509255025487
354,0.00147,0.642,0.4955032380615987,0.813,0.761,0.363,0.0,0.0305,0.5079044522345848
355,0.742,0.681,0.41953829766584727,0.255,0.165,0.105,1.0,0.0479,0.5078494131992074
356,0.011,0.31,0.5286753476359247,0.7,0.00965,0.0828,1.0,0.047,0.797583362969737
357,0.279,0.77,0.4664587324993159,0.608,5.38e-05,0.138,0.0,0.0347,0.4998348828938678
358,0.313,0.771,0.4904027282014527,0.729,0.00452,0.236,1.0,0.0372,0.5251867093430879
359,0.0318,0.636,0.472811788461577,0.648,0.0,0.231,1.0,0.0587,0.45307710545479174
360,0.000739,0.546,0.49870790882099314,0.651,0.0,0.235,1.0,0.3,0.32971769208623347
361,0.593,0.569,0.4951669656144888,0.538,0.0,0.23,1.0,0.0323,0.4405239716167928
362,0.0111,0.508,0.4645390925103057,0.661,0.0,0.315,0.0,0.128,0.337020948703619
363,0.863,0.656,0.5160741706954024,0.563,0.0,0.286,0.0,0.44,0.5782274043590915
364,0.402,0.758,0.4626942899116069,0.666,3.48e-06,0.0832,1.0,0.0655,0.42366085793154834
365,0.351,0.822,0.47381824512839765,0.574,0.0,0.245,0.0,0.0461,0.49529627936120846
366,0.0149,0.666,0.48189255720932866,0.978,0.0444,0.222,0.0,0.0925,0.5926899693474911
367,0.089,0.654,0.46980140182861096,0.717,0.00148,0.0596,1.0,0.0416,0.6772468627749835
368,0.949,0.589,0.4507392104894845,0.256,8.61e-06,0.248,1.0,0.0369,0.3384053921319582
369,0.522,0.834,0.45848678126172593,0.662,9.07e-05,0.14,1.0,0.0407,0.49111331267252617
370,0.522,0.834,0.45848678126172593,0.662,9.07e-05,0.14,1.0,0.0407,0.49111331267252617
371,0.808,0.709,0.4814604705054206,0.679,4.61e-05,0.428,1.0,0.0588,0.4346093921996986
372,0.0451,0.807,0.5120414293876969,0.893,2.79e-05,0.366,0.0,0.0347,0.5335018374570272
373,0.0894,0.801,0.4729844569040851,0.68,0.288,0.337,1.0,0.0418,0.5291495198902606
374,0.0431,0.901,0.4741871579696617,0.797,2.78e-06,0.0646,0.0,0.0517,0.5292934681366323
375,0.635,0.624,0.4817929463316677,0.346,0.0,0.115,1.0,0.0631,0.6072880150383579
376,0.128,0.701,0.5248651304228495,0.961,1.2e-06,0.226,1.0,0.0866,0.6350276888685669
377,0.00314,0.696,0.5519154017072387,0.921,5.24e-05,0.0842,1.0,0.0363,0.5038230960727531
378,0.0558,0.643,0.45895564553164636,0.655,0.0,0.0731,1.0,0.0242,0.5508560686887162
379,0.431,0.796,0.4784529717490631,0.496,5.51e-06,0.0781,0.0,0.0388,0.41485884604311674
380,0.897,0.377,0.561342047962353,0.147,1.71e-05,0.122,1.0,0.0401,0.5874316245829734
381,0.24,0.806,0.5269193302396125,0.932,0.0,0.216,0.0,0.0684,0.4488687361343968
382,0.409,0.363,0.4735416843087872,0.273,1.79e-05,0.282,1.0,0.0314,0.46071483005639385
383,0.8,0.482,0.5195913444225502,0.212,1.51e-06,0.159,1.0,0.0353,0.3080026757438737
384,0.000754,0.587,0.47225115741226453,0.722,0.668,0.543,0.0,0.0709,0.5163677623668479
385,0.0532,0.629,0.4987386189933396,0.885,0.00252,0.105,1.0,0.0384,0.42287337634845634
386,0.0793,0.719,0.5206506875597108,0.844,0.0,0.0551,1.0,0.103,0.38506579281613573
387,0.209,0.732,0.548741898800968,0.944,0.0,0.401,1.0,0.09,0.5081373096919507
388,0.00638,0.725,0.5244721561672097,0.562,0.839,0.541,1.0,0.157,0.6774543176006367
389,0.939,0.508,0.48479529001181265,0.125,0.858,0.0969,1.0,0.0506,0.4660536164880015
390,0.0866,0.61,0.4855335831332741,0.909,1e-05,0.149,1.0,0.073,0.6520389845721349
391,0.0161,0.771,0.47049557315282087,0.706,0.000143,0.0911,1.0,0.256,0.46609172043557046
392,0.00489,0.794,0.5103735764861543,0.886,0.353,0.0911,1.0,0.112,0.5206989110738539
393,0.256,0.661,0.5709461527991366,0.52,0.0246,0.105,0.0,0.028,0.5380658436213992
394,0.0145,0.716,0.5006921522136425,0.972,3.22e-05,0.317,1.0,0.196,0.46582499280258766
395,0.713,0.657,0.5736759052621023,0.489,0.0,0.124,0.0,0.0306,0.4911175464444783
396,0.14,0.723,0.4719665005755598,0.911,0.0,0.235,1.0,0.0443,0.3427196057511558
397,0.0267,0.693,0.48705054077854015,0.846,0.337,0.404,0.0,0.0594,0.6138164913885078
398,0.015,0.548,0.5327400151250905,0.691,0.106,0.144,0.0,0.0369,0.5806406543717929
399,0.0661,0.624,0.5053095461784682,0.941,0.0,0.113,1.0,0.0527,0.4446307304103371
400,0.897,0.682,0.535489478462635,0.23,0.000373,0.121,1.0,0.0324,0.40230147843316566
401,0.076,0.545,0.5158918151894434,0.705,0.0024,0.445,0.0,0.0525,0.38078121560060285
402,0.697,0.553,0.48570329355752295,0.586,0.0,0.0813,1.0,0.0362,0.5363511659807956
403,0.299,0.725,0.4358315445860652,0.854,4.85e-06,0.191,1.0,0.0691,0.4062304188047215
404,0.000736,0.675,0.5032704873034994,0.831,0.04,0.0545,0.0,0.0413,0.5420159528527155
405,0.61,0.497,0.4894766869292231,0.414,0.00146,0.108,0.0,0.0392,0.7022769225558434
406,0.434,0.63,0.45463933324085803,0.636,0.00011,0.206,1.0,0.0237,0.44028688038747477
407,0.042,0.607,0.44045878206639366,0.744,0.000316,0.0738,0.0,0.042,0.38101830682992094
408,0.835,0.572,0.5294379051725038,0.155,0.000137,0.0906,1.0,0.0344,0.4653889142915206
409,0.983,0.669,0.4523514616170712,0.0809,0.41,0.114,1.0,0.0365,0.48415299158326136
410,0.174,0.4,0.4936130306691646,0.838,0.0,0.341,1.0,0.0526,0.7618460939219969
411,0.668,0.681,0.46966386387654424,0.417,0.861,0.287,1.0,0.0502,0.6519458415891886
412,0.347,0.582,0.49506414284237543,0.615,0.000182,0.103,0.0,0.247,0.7278150349709563
413,0.0118,0.814,0.4650843423283757,0.951,0.0,0.628,1.0,0.0715,0.44032498433504375
414,0.843,0.416,0.5097877526855661,0.41,0.0,0.107,1.0,0.0292,0.46678182526376394
415,0.251,0.727,0.5989145771785007,0.696,0.0,0.0726,0.0,0.0706,0.5591838981185117
416,0.017,0.627,0.5080298929103368,0.767,1.51e-06,0.657,0.0,0.0973,0.5417407576758285
417,0.0668,0.578,0.5188063900048068,0.826,0.00074,0.367,0.0,0.0796,0.49555453945028705
418,0.0187,0.675,0.49473955188582064,0.666,0.692,0.112,1.0,0.027,0.5104150790021846
419,0.15,0.762,0.5081937099706835,0.661,0.0,0.256,0.0,0.0687,0.5504284577215532
420,0.797,0.102,0.4339759447732794,0.0333,0.927,0.111,1.0,0.0476,0.379367135768599
421,0.93,0.672,0.41448186442683954,0.162,0.914,0.0924,0.0,0.0492,0.4655879015732696
422,0.175,0.735,0.5201727127788924,0.88,0.887,0.241,1.0,0.0667,0.5080060627614355
423,0.0377,0.713,0.5096520978671268,0.676,0.0,0.154,1.0,0.027,0.41934664431235075
424,0.0079,0.628,0.5029820187501008,0.833,1.48e-05,0.074,0.0,0.0282,0.5419355111856254
425,0.0766,0.581,0.438865920173525,0.339,0.0,0.111,0.0,0.0377,0.3175413639519721
426,0.0197,0.717,0.5153996834098429,0.92,0.0,0.397,0.0,0.0425,0.5501490287727142
427,0.979,0.0836,0.4410642808694798,0.00358,0.865,0.122,1.0,0.0394,0.355124557570831
428,0.933,0.303,0.5155784343861245,0.159,0.251,0.107,0.0,0.0305,0.44456299005910344
429,0.64,0.369,0.49191774581135816,0.424,0.0,0.184,1.0,0.0318,0.7603727412826635
430,0.792,0.44,0.4927616162406818,0.441,0.0,0.105,1.0,0.0748,0.5193398702772274
431,0.983,0.547,0.52490437588038,0.0562,3.91e-06,0.102,1.0,0.0444,0.3314662399024539
432,0.603,0.257,0.5539529785526565,0.583,0.000289,0.146,1.0,0.0429,0.6779412013751291
433,0.604,0.459,0.5005813660275891,0.575,0.0,0.0885,1.0,0.0573,0.4736786397737472
434,0.127,0.714,0.4978665102728157,0.8,0.0,0.359,0.0,0.0504,0.5673339091263189
435,0.497,0.595,0.5376765164868296,0.489,0.0,0.119,1.0,0.0271,0.5093862724178224
436,0.297,0.773,0.48636712761798306,0.579,0.00954,0.0607,1.0,0.0862,0.7199105827363714
437,0.0282,0.373,0.47001847593611634,0.87,0.318,0.593,1.0,0.0723,0.35852004267642124
438,0.0766,0.796,0.4619247179233881,0.518,0.0,0.444,0.0,0.0516,0.6349049094819555
439,0.722,0.724,0.49164697598228546,0.665,0.0,0.194,0.0,0.0687,0.47838236041253873
440,0.00991,0.353,0.5638203866962712,0.865,0.147,0.314,1.0,0.233,0.6945164185676302
441,0.105,0.697,0.5138702478034793,0.618,0.00131,0.141,0.0,0.0275,0.609654693559586
442,0.0584,0.598,0.4481069812497185,0.466,0.0401,0.431,0.0,0.214,0.3794348761198326
443,0.00322,0.811,0.4896934768838648,0.914,0.00051,0.321,0.0,0.206,0.550182898948331
444,0.119,0.552,0.5131647912610995,0.815,0.0,0.235,1.0,0.0428,0.3975300174431404
445,0.0591,0.673,0.4839200407692634,0.902,0.000262,0.0558,1.0,0.0346,0.42342800047418244
446,0.395,0.576,0.5329256733184558,0.714,0.0,0.115,1.0,0.0595,0.6138164913885078
447,0.0227,0.652,0.488778896975381,0.877,0.0,0.0789,1.0,0.0465,0.5016638723771782
448,0.0051,0.657,0.5095120183200637,0.842,2.77e-06,0.223,1.0,0.068,0.31751172754830737
449,0.0765,0.596,0.5110285236037422,0.552,0.334,0.104,0.0,0.097,0.41469372893698453
450,0.402,0.703,0.4785181513353185,0.461,9.75e-05,0.114,0.0,0.0341,0.4231274026655828
451,0.427,0.677,0.4872326866336807,0.55,0.0,0.0915,1.0,0.042,0.4231782079290081
452,0.0018,0.717,0.4529256796601062,0.671,2.54e-06,0.0921,0.0,0.0337,0.46594353841724667
453,0.0498,0.536,0.5502787025404761,0.782,0.00914,0.0773,0.0,0.0539,0.6356204169418618
454,0.914,0.557,0.46817750462940055,0.4,0.000897,0.107,1.0,0.0274,0.4242451184609392
455,0.0195,0.699,0.5003664086410535,0.701,7.83e-06,0.113,1.0,0.0292,0.3812638656031431
456,0.53,0.756,0.4680663835012786,0.789,0.000711,0.157,1.0,0.0324,0.5418677708343917
457,0.0514,0.773,0.4672063459207072,0.617,8e-06,0.11,0.0,0.0672,0.6563447306474284
458,0.937,0.523,0.4318471190231603,0.0774,0.886,0.107,0.0,0.0631,0.5724356043286084
459,0.594,0.704,0.5078165394925209,0.563,0.0,0.133,0.0,0.0297,0.3981312130603397
460,0.799,0.364,0.40528379703981354,0.316,0.917,0.171,1.0,0.146,0.4234576368778472
461,0.933,0.561,0.46215539432371666,0.315,0.734,0.125,0.0,0.0622,0.7111339734796526
462,0.0948,0.66,0.5193465781601967,0.926,0.0,0.248,0.0,0.0296,0.46570221341597656
463,0.425,0.472,0.5608038335194636,0.398,1.71e-05,0.117,1.0,0.0432,0.5257116970651493
464,0.47,0.697,0.5285148594413398,0.661,2.23e-05,0.298,1.0,0.0343,0.36639909227929346
465,0.111,0.335,0.48891103003413994,0.818,0.0,0.267,0.0,0.126,0.5911361750410675
466,0.0219,0.677,0.5851427193856957,0.848,0.000327,0.255,1.0,0.0313,0.5883080153770597
467,0.818,0.691,0.38894453834776366,0.306,0.00798,0.0992,1.0,0.0631,0.634917610797812
468,0.0668,0.693,0.4714247353065355,0.604,0.0,0.114,1.0,0.0427,0.31759216921539735
469,0.0839,0.919,0.4552366417585767,0.687,1.1e-05,0.052,0.0,0.0774,0.4275982658470084
470,0.43,0.59,0.5671719244291857,0.779,0.00119,0.102,0.0,0.057,0.7206260901962777
471,0.397,0.706,0.46475570945002187,0.876,0.0,0.0944,1.0,0.167,0.44040542600213384
472,0.0236,0.92,0.5515013719307658,0.654,0.0153,0.036,0.0,0.0401,0.49554607190638283
473,0.0478,0.786,0.47175381385894233,0.323,0.0,0.0878,1.0,0.367,0.748501244728954
474,0.459,0.607,0.4519020836552603,0.453,2.4e-05,0.0928,1.0,0.0373,0.32542888109874846
475,0.899,0.611,0.4536062162292982,0.426,0.888,0.0912,1.0,0.0444,0.5928169825060542
476,0.913,0.481,0.4573077068513085,0.295,0.000367,0.173,0.0,0.0491,0.4151171061321953
477,0.0397,0.751,0.5170947708145488,0.585,0.0,0.076,1.0,0.175,0.3813019695507121
478,0.0834,0.755,0.4815688126254234,0.529,2.77e-05,0.27,0.0,0.0986,0.47433064065437175
479,0.0138,0.795,0.42380876700296266,0.789,0.0,0.113,1.0,0.259,0.6349006757100036
480,0.122,0.501,0.48626772439888977,0.543,0.0,0.22,0.0,0.253,0.3927670239970194
481,0.915,0.617,0.5155950524398705,0.234,2.32e-05,0.117,0.0,0.035,0.4690807634337584
482,0.455,0.584,0.4552045731400347,0.375,0.0,0.106,0.0,0.0572,0.7275567748818778
483,0.279,0.449,0.5219258152670316,0.491,0.0,0.0654,0.0,0.029,0.5924020728547478
484,0.587,0.157,0.5783529111371779,0.0927,0.779,0.111,1.0,0.0379,0.6169875865806363
485,0.0593,0.822,0.6200039824337207,0.687,0.0,0.0609,1.0,0.0421,0.45076969974089315
486,0.064,0.686,0.4961565551314431,0.586,0.0,0.0743,1.0,0.0366,0.5164185676302732
487,0.92,0.374,0.5671734389746486,0.178,0.0235,0.0754,1.0,0.0389,0.40576047011803756
488,0.12,0.468,0.5568869218710066,0.91,0.000304,0.271,0.0,0.051,0.6936696641772088
489,0.358,0.354,0.5886321500733831,0.712,4.19e-05,0.274,0.0,0.0589,0.3952014428694813
490,0.771,0.523,0.5763020617207419,0.674,0.0,0.139,0.0,0.0328,0.48289556131348543
491,0.000439,0.321,0.5470243725572108,0.906,0.0,0.0862,1.0,0.141,0.8034683059831665
492,0.519,0.706,0.4620852647326752,0.56,0.0,0.114,1.0,0.0719,0.580365459194906
493,0.988,0.175,0.4975474480757325,0.122,0.967,0.0819,0.0,0.04,0.578362885061559
494,0.06,0.688,0.5132807065137563,0.701,0.0301,0.271,1.0,0.0298,0.46579535639892294
495,0.000173,0.603,0.4975265675600009,0.708,3.36e-06,0.158,0.0,0.0379,0.444740808481092
496,0.0277,0.678,0.5272033192547134,0.771,0.00253,0.149,1.0,0.0266,0.448678216396552
497,0.0158,0.309,0.5583641991405051,0.649,0.00591,0.367,1.0,0.035,0.7066800453860352
498,0.0336,0.631,0.4984312570394489,0.736,0.0124,0.3,0.0,0.0682,0.40259360869786104
499,0.993,0.474,0.12759961164178923,0.301,1.14e-05,0.545,1.0,0.0973,0.5545606191468103
500,0.992,0.0,0.0,0.305,0.0,0.589,0.0,0.0,0.0
501,0.922,0.823,0.34752154189035855,0.272,0.154,0.194,0.0,0.622,0.5936383342647632
502,0.54,0.761,0.48764321132473665,0.415,0.0,0.105,1.0,0.114,0.39769090077732056
503,0.299,0.695,0.46080710153688,0.54,0.0,0.367,1.0,0.0493,0.5162322816643804
504,0.675,0.583,0.5019871614970701,0.552,0.241,0.146,1.0,0.0348,0.35531507730867584
505,0.518,0.394,0.5151804811513001,0.565,1.68e-06,0.0853,1.0,0.126,0.3843121814086606
506,0.018,0.617,0.45886648845771894,0.38,0.0,0.112,1.0,0.0361,0.49518620129045365
507,0.86,0.51,0.4671877205266506,0.229,3.03e-05,0.118,1.0,0.0352,0.39504902707920536
508,0.046,0.595,0.527941313264948,0.83,0.0,0.361,0.0,0.0379,0.5923978390827956
509,0.189,0.547,0.3740826633056149,0.453,0.0329,0.119,1.0,0.0358,0.30913309285508644
510,0.83,0.677,0.4969734227328062,0.454,8.55e-05,0.274,0.0,0.0673,0.33889227590645055
511,0.112,0.46,0.4432517696107703,0.999,0.0,0.245,1.0,0.325,0.6177538993039678
512,0.241,0.575,0.4343886085132185,0.454,0.0,0.102,1.0,0.0283,0.3471311961252519
513,0.342,0.638,0.48625032261212797,0.293,0.000624,0.448,1.0,0.0478,0.6565860556486985
514,0.104,0.481,0.47790356140250445,0.645,1.02e-06,0.232,1.0,0.0466,0.7825746413995156
515,0.836,0.773,0.4621294594917318,0.437,2.42e-05,0.544,1.0,0.0963,0.4397237887178445
516,0.2,0.637,0.4468765900992828,0.853,0.0,0.311,1.0,0.0853,0.6862647970329725
517,0.897,0.732,0.4374843019700094,0.221,2.62e-05,0.11,1.0,0.056,0.44524462734339276
518,0.0947,0.34,0.5030381082450774,0.928,0.0,0.0353,0.0,0.0745,0.4001591898253993
519,0.959,0.326,0.471256767614159,0.0643,0.887,0.108,1.0,0.0467,0.2751062676759979
520,0.1,0.518,0.45450451134570136,0.605,3.47e-06,0.219,0.0,0.181,0.3371818320377991
521,0.00692,0.55,0.48303415837645747,0.591,0.0,0.11,1.0,0.0377,0.33311317719182376
522,0.0131,0.795,0.4068532429756977,0.624,0.0,0.102,1.0,0.292,0.40228454334535724
523,0.109,0.497,0.37864844350821447,0.759,0.0,0.112,1.0,0.19,0.7175227353553828
524,0.647,0.828,0.46377533367427826,0.349,1.57e-05,0.105,0.0,0.17,0.5507036528984403
525,0.541,0.86,0.386256162951647,0.422,0.00449,0.139,1.0,0.0296,0.4231993767887686
526,0.538,0.532,0.5327337813220612,0.623,7.28e-05,0.0925,1.0,0.0331,0.38077274805669864
527,0.0314,0.636,0.4882926738163862,0.864,0.0,0.102,1.0,0.0491,0.6774416162847804
528,0.222,0.771,0.42911500045007966,0.653,0.0,0.0943,1.0,0.0346,0.5928169825060542
529,0.0948,0.592,0.451430953294613,0.777,0.0,0.18,1.0,0.258,0.655976392487595
530,0.305,0.692,0.47430578320030126,0.431,1.39e-05,0.132,1.0,0.0335,0.5881767684465444
531,0.334,0.8,0.44223494907483296,0.526,0.00174,0.0571,1.0,0.0716,0.5498568985080187
532,0.0233,0.651,0.40936338998792277,0.589,0.0,0.111,1.0,0.0556,0.34533607681755824
533,0.976,0.356,0.3749549800935079,0.143,1.89e-05,0.111,1.0,0.0388,0.31974292536706805
534,0.324,0.901,0.40826752428594326,0.379,0.0,0.158,0.0,0.229,0.5375789598469068
535,0.141,0.765,0.4452644788305635,0.663,0.000297,0.0924,1.0,0.0652,0.6354510660637775
536,0.0848,0.684,0.4585486542645605,0.874,0.0189,0.129,0.0,0.0299,0.592884722857288
537,0.805,0.597,0.5050512513996694,0.266,0.0,0.128,1.0,0.028,0.5503099121068942
538,0.315,0.591,0.4132502575509396,0.694,0.0,0.472,1.0,0.0597,0.3641086216532033
539,0.847,0.485,0.475984909316731,0.139,0.0,0.11,1.0,0.0663,0.640662839336822
540,0.0311,0.672,0.43476615891717274,0.526,1.37e-06,0.28,1.0,0.0599,0.5249834882893868
541,0.69,0.588,0.4794659582755185,0.625,4.38e-06,0.0799,1.0,0.212,0.5157115277142712
542,0.362,0.638,0.43058294488013105,0.755,3.09e-06,0.329,0.0,0.0682,0.7195422445765381
543,0.827,0.647,0.44501504288260274,0.319,0.0,0.133,1.0,0.0367,0.5344840725499161
544,0.449,0.646,0.47649066488126524,0.576,0.0,0.342,1.0,0.071,0.6343079476367085
545,0.287,0.53,0.5405297049226081,0.748,0.0,0.414,0.0,0.331,0.5091491811885045
546,0.472,0.644,0.44888496810529976,0.595,0.0,0.125,0.0,0.0371,0.3495444461379532
547,0.537,0.613,0.5181615217612778,0.581,0.000345,0.25,0.0,0.0424,0.5505300682484038
548,0.457,0.565,0.4569491447720382,0.612,4.89e-05,0.0823,1.0,0.163,0.727683788040441
549,0.923,0.579,0.40887295736114937,0.0741,0.9,0.0846,1.0,0.0266,0.38134854104218524
550,0.864,0.562,0.5008915296466983,0.494,0.0259,0.153,0.0,0.0278,0.6101034733865095
551,0.927,0.661,0.44577813835081037,0.259,0.382,0.0603,1.0,0.0351,0.39758929025046996
552,0.78,0.627,0.4745890645676234,0.575,0.0,0.336,1.0,0.232,0.3325458517502413
553,0.0516,0.665,0.49891815786407445,0.635,0.0,0.367,0.0,0.0446,0.4147995732357872
554,0.00916,0.781,0.4319962233649932,0.666,0.0,0.1,1.0,0.0639,0.5504115226337448
555,0.92,0.586,0.3989511226787821,0.121,0.106,0.0832,1.0,0.0321,0.3895832274890345
556,0.12,0.709,0.4397089312416176,0.774,0.0,0.208,1.0,0.069,0.3980296025334891
557,0.125,0.661,0.4836988099209991,0.776,0.000152,0.119,1.0,0.0366,0.6181010686040407
558,0.607,0.795,0.47294490317725235,0.178,0.0,0.623,1.0,0.0574,0.39789835560297376
559,0.68,0.547,0.42810414229451754,0.377,0.945,0.0703,1.0,0.0362,0.33883723687107314
560,0.782,0.68,0.29301082112363996,0.406,0.00019,0.11,1.0,0.0414,0.5076334908296499
561,0.0263,0.589,0.49652348411049996,0.446,0.0,0.0869,1.0,0.0285,0.34709732594963505
562,0.979,0.357,0.4286498630211588,0.0675,0.913,0.06,1.0,0.0342,0.5505893410557333
563,0.872,0.503,0.5132153825821342,0.212,0.000293,0.12,0.0,0.0658,0.5016681061491304
564,0.22,0.694,0.4495098887663236,0.399,0.0,0.31,0.0,0.0422,0.42347033819370355
565,0.272,0.654,0.4590476907617005,0.535,0.0,0.0594,1.0,0.299,0.3970685363003607
566,0.0334,0.646,0.49572938146421297,0.736,0.0,0.0807,1.0,0.0396,0.3980761740249623
567,0.69,0.349,0.5225215101406313,0.206,0.0,0.154,1.0,0.0349,0.27200714660705516
568,0.408,0.591,0.4393503824936773,0.646,0.0,0.163,1.0,0.27,0.6800792562109435
569,0.697,0.612,0.4756403815208039,0.536,0.0,0.131,0.0,0.157,0.5599205744381784
570,0.38,0.629,0.4582361031323552,0.459,4.1e-06,0.205,1.0,0.0303,0.5845103219360192
571,0.731,0.726,0.4653256736952198,0.431,0.0,0.696,0.0,0.135,0.6097732391742451
572,0.227,0.657,0.46459398337040025,0.519,0.000422,0.107,1.0,0.0399,0.3772587173364494
573,0.584,0.442,0.500884710866282,0.612,5.7e-06,0.37,1.0,0.112,0.7659613202594455
574,0.0316,0.485,0.40382272670459574,0.681,0.0,0.135,1.0,0.0621,0.6259758844349608
575,0.00415,0.468,0.48907238092047534,0.89,1.21e-05,0.508,1.0,0.0701,0.5938500228623684
576,0.117,0.604,0.4360424376303562,0.671,0.0,0.483,0.0,0.0617,0.46716709851140575
577,0.051,0.766,0.4578736603765161,0.64,0.0,0.237,1.0,0.0345,0.4235634811766499
578,0.0775,0.788,0.45960863115618,0.664,2.8e-06,0.252,0.0,0.0427,0.40654371792917743
579,0.643,0.565,0.5083580866046216,0.467,0.0,0.103,0.0,0.0485,0.47629511084014964
580,0.04,0.462,0.47802038962195903,0.955,0.0,0.361,1.0,0.0897,0.4192746701891649
581,0.502,0.562,0.47077278189196203,0.329,0.0,0.562,0.0,0.162,0.6288167454148249
582,0.00522,0.745,0.498226540561872,0.593,5.06e-06,0.123,1.0,0.0524,0.46995292045589254
583,0.442,0.793,0.4855726987251088,0.615,0.0,0.0928,0.0,0.0616,0.469855543700994
584,0.216,0.754,0.5093027527973275,0.433,0.0,0.0936,1.0,0.0637,0.4655201612220359
585,0.131,0.723,0.45752819772799413,0.626,0.0,0.11,0.0,0.0447,0.47449575776050396
586,0.731,0.735,0.45390653412709225,0.593,0.178,0.135,1.0,0.0885,0.677699876373859
587,0.845,0.656,0.4638209748707629,0.436,0.0,0.221,1.0,0.0744,0.46249301427627904
588,0.789,0.524,0.4842894919063543,0.391,0.0,0.0869,1.0,0.041,0.6266363528594895
589,0.851,0.795,0.3535414981178566,0.385,5.98e-05,0.234,0.0,0.329,0.46569797964402443
590,0.81,0.642,0.5336004857259473,0.25,0.0,0.248,1.0,0.0555,0.5065877491574794
591,0.992,0.716,0.4024191018361878,0.186,0.906,0.372,1.0,0.0542,0.4871674372131619
592,0.768,0.561,0.5198249498364182,0.431,1.42e-05,0.106,1.0,0.0578,0.6091339396094768
593,0.214,0.699,0.4590613951873548,0.322,0.0,0.0993,1.0,0.0634,0.5964326237531541
594,0.601,0.484,0.5745304162105787,0.444,0.0,0.238,0.0,0.0636,0.6105522532134329
595,0.765,0.691,0.5093912379602346,0.389,0.0,0.0941,1.0,0.0367,0.4443428339175938
596,0.132,0.71,0.37980719679675046,0.596,0.000713,0.212,0.0,0.0575,0.6302773967383021
597,0.192,0.565,0.5824865077407595,0.738,0.842,0.0939,1.0,0.26,0.3880506020423716
598,0.697,0.794,0.448349651343531,0.528,0.00118,0.22,0.0,0.0403,0.40251316703077106
599,0.0356,0.793,0.5265383974185687,0.531,1.02e-05,0.0905,0.0,0.127,0.550182898948331
600,0.023,0.815,0.4229440239320814,0.848,0.000162,0.0265,0.0,0.115,0.44891530762587
601,0.372,0.429,0.4999569797361345,0.484,0.0791,0.091,0.0,0.0701,0.3544217514267811
602,0.371,0.614,0.4129817911148157,0.816,4.11e-05,0.106,0.0,0.036,0.6137318159494657
603,0.578,0.415,0.5000956003633843,0.45,2.82e-05,0.155,0.0,0.0599,0.3944605327778624
604,0.578,0.415,0.5000956003633843,0.45,2.82e-05,0.155,0.0,0.0599,0.3944605327778624
605,0.379,0.449,0.46481525238646126,0.612,7.28e-05,0.0795,1.0,0.179,0.7990397805212619
606,0.00772,0.76,0.3989044383182052,0.371,0.0,0.0785,1.0,0.0531,0.5843579061457433
607,0.306,0.65,0.48986459440642394,0.388,0.0,0.114,1.0,0.0332,0.40644634117427897
608,0.144,0.57,0.4483580128485376,0.746,7.31e-06,0.0706,1.0,0.104,0.6691942285220749
609,0.966,0.666,0.3890948563169898,0.115,0.972,0.0987,1.0,0.0333,0.26246845839895677
610,0.572,0.519,0.49150821276944723,0.383,0.0,0.124,1.0,0.0495,0.612055242256431
611,0.242,0.74,0.47163422565378554,0.415,0.000156,0.319,1.0,0.0707,0.5759157648732408
612,0.0261,0.55,0.5000004065469739,0.685,6.9e-05,0.251,1.0,0.0353,0.380942098934783
613,0.0605,0.963,0.46095907539536585,0.309,1.9e-05,0.108,0.0,0.315,0.5590272485562837
614,0.000104,0.236,0.4687329012942154,0.918,0.0178,0.294,1.0,0.0998,0.41685718640451147
615,0.047,0.548,0.4401744200808775,0.363,0.0,0.066,1.0,0.433,0.721464377042795
616,0.718,0.477,0.4880879455970957,0.288,0.0,0.385,1.0,0.0364,0.17554065267828414
617,0.418,0.706,0.45730968567175045,0.604,0.0,0.242,1.0,0.303,0.3472963132313841
618,0.64,0.591,0.48693257332920004,0.805,0.0,0.143,1.0,0.271,0.5784560280445054
619,0.986,0.689,0.3573868917299192,0.0204,0.923,0.297,1.0,0.0377,0.49947924604989075
620,0.828,0.607,0.4243774831006115,0.497,0.0,0.105,0.0,0.209,0.6264500668935968
621,0.452,0.809,0.4878509594460405,0.547,0.0,0.054,1.0,0.0614,0.40217446527460243
622,0.471,0.63,0.47308689246448243,0.382,0.0,0.176,0.0,0.0558,0.41366492235262237
623,0.94,0.746,0.45021924836966964,0.376,1.78e-06,0.0861,0.0,0.106,0.5086114921505868
624,0.947,0.566,0.47239284889988076,0.212,0.918,0.155,1.0,0.0505,0.5504750292130265
625,0.832,0.401,0.38388151120456127,0.344,0.0,0.202,0.0,0.0318,0.7175142678114785
626,0.0264,0.744,0.4660156450297941,0.732,0.0,0.352,1.0,0.0522,0.5126505105928973
627,0.0577,0.723,0.49087949546962606,0.509,0.0,0.0809,1.0,0.0663,0.5166514250876391
628,0.0466,0.71,0.4784164598125602,0.778,0.0,0.0763,0.0,0.0317,0.4277125776897153
629,0.658,0.649,0.45352421539225074,0.478,0.0,0.131,1.0,0.156,0.5921311114498129
630,0.753,0.468,0.42607543592659325,0.275,0.0,0.0943,1.0,0.145,0.6049001676573693
631,0.426,0.783,0.41156472712403747,0.62,1.33e-06,0.152,0.0,0.0662,0.43181086893935544
632,0.612,0.7,0.4859757920303911,0.454,0.0,0.379,1.0,0.172,0.4108113600569019
633,0.653,0.515,0.49608166579226776,0.593,0.162,0.25,1.0,0.0322,0.39995173499974596
634,0.116,0.623,0.4353240607519804,0.467,0.0595,0.11,0.0,0.0373,0.6264881708411657
635,0.41,0.626,0.4619102898220999,0.573,0.0,0.219,1.0,0.115,0.6350361564124709
636,0.335,0.563,0.4697986522046258,0.664,0.0,0.0849,1.0,0.154,0.7067350844214126
637,0.00127,0.81,0.4350532855422746,0.97,0.000462,0.331,0.0,0.141,0.5289547663804637
638,0.0874,0.818,0.46660179979005356,0.491,1.52e-06,0.0881,1.0,0.108,0.5163296584192789
639,0.0204,0.704,0.4846497405600254,0.785,0.0,0.153,1.0,0.0381,0.5295474944537587
640,0.099,0.798,0.485398687320858,0.722,0.0,0.242,1.0,0.0494,0.5208343917763214
641,0.87,0.559,0.5629388745815436,0.334,0.0,0.114,1.0,0.0376,0.5168546461413402
642,0.824,0.462,0.458257745440773,0.338,0.0,0.129,1.0,0.045,0.5920718386424834
643,0.0346,0.73,0.46598843983132143,0.4,0.00222,0.256,1.0,0.0613,0.3535580619485512
644,0.885,0.629,0.44466048718226103,0.171,0.969,0.101,1.0,0.0556,0.37261850327693946
645,0.274,0.733,0.4673543422671962,0.605,0.000287,0.0892,1.0,0.0606,0.6774204474250198
646,0.278,0.909,0.447031555539374,0.392,1.77e-06,0.106,0.0,0.0652,0.5379091940591711
647,0.181,0.8,0.4680302528458631,0.54,0.285,0.115,1.0,0.0417,0.5079806601297228
648,0.331,0.681,0.4705931970152957,0.396,0.0,0.168,0.0,0.0615,0.5163677623668479
649,0.337,0.543,0.46753566427306326,0.465,0.000543,0.142,1.0,0.0554,0.6059416755575878
650,0.125,0.782,0.47888701166375647,0.559,0.0,0.385,0.0,0.0767,0.5503564835983674
651,0.365,0.359,0.5096535339580104,0.361,0.0,0.111,0.0,0.0552,0.36367254314213615
652,0.904,0.611,0.4377521941763587,0.311,0.00409,0.111,1.0,0.0382,0.42376670223035107
653,0.891,0.496,0.4995251311978377,0.335,0.439,0.113,1.0,0.0347,0.3215973174820911
654,0.434,0.794,0.4561479597467304,0.596,8.92e-05,0.179,0.0,0.126,0.38939270775118967
655,0.0995,0.623,0.4774249144571472,0.683,0.0,0.372,1.0,0.0437,0.3811283849006757
656,0.96,0.725,0.4369852986132834,0.157,0.959,0.0742,1.0,0.0638,0.47413588714457483
657,0.893,0.347,0.4997289900549218,0.209,0.00287,0.138,1.0,0.0273,0.3508865518467713
658,0.236,0.459,0.4695601753866627,0.639,0.00922,0.248,1.0,0.0638,0.6601932293518942
659,0.768,0.724,0.4532140622707559,0.225,0.00596,0.111,0.0,0.0461,0.7193728936984538
660,0.611,0.546,0.34738969447669055,0.179,0.00211,0.107,0.0,0.23,0.4023649850124473
661,0.436,0.338,0.416916287146301,0.502,0.000109,0.219,0.0,0.109,0.7086572168876696
662,0.815,0.641,0.47728052103891794,0.28,0.0,0.0866,1.0,0.0312,0.5080738031126691
663,0.815,0.641,0.47728052103891794,0.28,0.0,0.0866,1.0,0.0312,0.5080738031126691
664,0.771,0.535,0.4755244922226505,0.359,0.0,0.111,1.0,0.0607,0.6526909854527596
665,0.0106,0.666,0.4863472518147882,0.704,1.11e-05,0.348,0.0,0.0366,0.592609527680401
666,0.487,0.658,0.4700523391140723,0.487,0.0,0.26,1.0,0.45,0.5725414486274111
667,0.652,0.637,0.44686182381257544,0.522,1.41e-05,0.1,1.0,0.0819,0.6353748581686396
668,0.687,0.492,0.5258005251541817,0.275,0.0,0.101,0.0,0.3,0.3920472827651611
669,0.0273,0.706,0.46928089852982646,0.544,0.0,0.087,1.0,0.0306,0.4908423512675913
670,0.505,0.478,0.48472504095767066,0.635,6.07e-05,0.0982,1.0,0.157,0.475676980135142
671,0.543,0.748,0.4253658889947003,0.529,0.0,0.401,1.0,0.423,0.6520643872038475
672,0.0387,0.668,0.46420082285149644,0.726,0.0,0.134,1.0,0.0468,0.5253052549577469
673,0.464,0.604,0.4491660104172812,0.58,0.0,0.16,1.0,0.31,0.40257667361005267
674,0.0604,0.607,0.4953151989668849,0.451,0.0,0.19,1.0,0.0286,0.39820318718352554
675,0.951,0.575,0.4120171245727844,0.193,0.0443,0.156,1.0,0.179,0.5020787820284848
676,0.00383,0.675,0.4909447308672872,0.695,2.95e-05,0.0637,0.0,0.0753,0.3896128638926993
677,0.0605,0.476,0.4005220955311257,0.816,0.0,0.107,1.0,0.139,0.771685379938695
678,0.677,0.807,0.4844093837603616,0.629,0.000223,0.108,1.0,0.141,0.7196650239631492
679,0.0416,0.621,0.40045763995742223,0.838,0.0,0.347,0.0,0.0909,0.4365145895781469
680,0.845,0.677,0.42622511507508865,0.29,0.0,0.0976,0.0,0.176,0.40158597097325943
681,0.611,0.63,0.5219424657245382,0.5,4.04e-05,0.114,0.0,0.0611,0.613350776473776
682,0.481,0.58,0.5242313199033242,0.694,1.18e-06,0.109,0.0,0.221,0.5916738640789853
683,0.144,0.666,0.47725250267737507,0.628,0.0,0.189,1.0,0.0623,0.3513692018493116
684,0.616,0.543,0.4449360820577062,0.471,6.77e-05,0.161,1.0,0.0438,0.3891725516096801
685,0.171,0.958,0.4365387083448775,0.376,0.0,0.13,1.0,0.0523,0.4570949550373418
686,0.223,0.955,0.4353297207127884,0.369,0.0,0.14,1.0,0.0502,0.45716269538857557
687,0.658,0.652,0.4243714304637489,0.483,0.0,0.393,0.0,0.291,0.321711629324798
688,0.967,0.65,0.5423770825056149,0.232,0.372,0.126,1.0,0.0339,0.4660070449965283
689,0.572,0.261,0.5157735897822002,0.277,1.4e-06,0.0859,0.0,0.031,0.7581711798675675
690,0.572,0.261,0.5157735897822002,0.277,1.4e-06,0.0859,0.0,0.031,0.7581711798675675
691,0.147,0.674,0.4621601966183566,0.544,0.0,0.0734,1.0,0.0409,0.6313612423580416
692,0.0263,0.621,0.4522565824798912,0.798,0.0894,0.185,1.0,0.0513,0.46994445291198833
693,0.697,0.739,0.5423665046224784,0.28,0.0133,0.362,1.0,0.0929,0.6050568172195973
694,0.756,0.716,0.4927122379148885,0.471,0.0,0.0888,0.0,0.0374,0.317579467899541
695,0.0106,0.524,0.4970517825899363,0.664,0.0,0.126,1.0,0.0405,0.5499542752629172
696,0.529,0.616,0.4947104407905194,0.45,1.58e-06,0.0926,1.0,0.114,0.5243568900404748
697,0.463,0.521,0.48127518398629143,0.347,0.0,0.091,1.0,0.164,0.5249707869735304
698,0.903,0.722,0.44935102594109444,0.195,5.28e-06,0.11,1.0,0.111,0.49080848109197445
699,0.198,0.695,0.4651626255647905,0.575,0.0,0.0614,0.0,0.116,0.694038002337042
700,0.892,0.51,0.4765627879640011,0.303,0.0,0.127,1.0,0.0562,0.8389176785381632
701,0.0099,0.544,0.37613852081567334,0.546,0.00027,0.392,1.0,0.0923,0.6848549509729207
702,0.807,0.669,0.47221232873029395,0.552,0.000874,0.321,1.0,0.0587,0.4238090399498721
703,0.0196,0.708,0.40114990531865,0.723,0.0,0.201,1.0,0.0545,0.600958525969957
704,0.391,0.542,0.4998281551213739,0.654,3.75e-05,0.186,1.0,0.0376,0.3726058019610831
705,0.0811,0.474,0.4572750528512126,0.68,0.0,0.171,0.0,0.0733,0.728196074446646
706,0.000291,0.591,0.37117435548543365,0.703,6.18e-06,0.309,1.0,0.0684,0.5166514250876391
707,0.934,0.415,0.37673438262717185,0.456,0.0,0.49,1.0,0.106,0.7682263882538231
708,0.399,0.576,0.3261248569635915,0.636,0.0513,0.23,1.0,0.0755,0.33126725262070483
709,0.949,0.926,0.3917343135960478,0.159,0.885,0.0867,1.0,0.1,0.5252332808345611
710,0.645,0.723,0.4889167370780354,0.56,7.42e-06,0.228,0.0,0.035,0.6139900760385442
711,0.0036,0.484,0.4847175124803951,0.643,0.0,0.243,1.0,0.0416,0.6942115869870785
712,0.763,0.735,0.39267187616295085,0.312,0.806,0.112,0.0,0.188,0.2561601381903165
713,0.074,0.628,0.4149967921129274,0.538,0.0,0.0795,1.0,0.0349,0.6055818049416586
714,0.718,0.443,0.44401025097840874,0.535,0.0,0.144,1.0,0.167,0.4070729394231909
715,0.427,0.506,0.46710201633870674,0.381,0.00238,0.139,0.0,0.266,0.3899727345086284
716,0.109,0.651,0.43312223484351353,0.728,5.53e-05,0.148,0.0,0.033,0.5631043709461633
717,0.982,0.533,0.35084817478205377,0.331,0.648,0.829,0.0,0.587,0.2943614625141831
718,0.0166,0.639,0.46914936278720965,0.404,0.0,0.343,0.0,0.037,0.5844891530762587
719,0.0151,0.642,0.46914936278720965,0.392,0.0,0.352,0.0,0.0372,0.5845357245677318
720,0.0841,0.601,0.44026011017885636,0.587,4.59e-06,0.152,0.0,0.161,0.7453851885722027
721,0.649,0.959,0.38880762862918905,0.317,0.00103,0.113,0.0,0.197,0.5039077715117952
722,0.442,0.759,0.47701239842256893,0.672,8.56e-05,0.0799,0.0,0.119,0.33877796406374366
723,0.0643,0.371,0.49645265548678363,0.565,0.00319,0.35,1.0,0.0427,0.48004623278971703
724,0.951,0.626,0.37070754428437236,0.201,0.945,0.0905,0.0,0.0369,0.5548188792358888
725,0.0188,0.646,0.45744814354261787,0.396,1.01e-05,0.0713,1.0,0.06,0.5478458568307677
726,0.153,0.686,0.4784147209452496,0.677,0.0,0.0906,1.0,0.162,0.4868329692289454
727,0.837,0.534,0.4582941374006386,0.209,8.36e-05,0.111,0.0,0.034,0.6168478721062168
728,0.934,0.351,0.48884334559021236,0.296,0.0,0.095,0.0,0.0333,0.48808616572676927
729,0.432,0.752,0.4634526289865448,0.494,0.0,0.0869,1.0,0.0559,0.49916594692543476
730,0.0434,0.807,0.47239284889988076,0.836,0.396,0.113,0.0,0.0359,0.5082939592541788
731,0.0538,0.487,0.5801220255443678,0.729,4.07e-06,0.44,1.0,0.271,0.3854764686954902
732,0.597,0.641,0.49749176076554713,0.533,2.35e-06,0.143,1.0,0.0516,0.6646810276211282
733,0.00156,0.665,0.40874379116308224,0.678,0.0,0.474,0.0,0.0315,0.5587986248708698
734,0.437,0.623,0.44296143204391125,0.609,0.0,0.0888,0.0,0.0345,0.44512608172873375
735,0.000674,0.608,0.4356599225884046,0.792,0.653,0.252,1.0,0.0355,0.6820775965723382
736,0.0488,0.742,0.4898289259273654,0.679,0.0,0.0754,1.0,0.0259,0.42355077986079354
737,0.0204,0.617,0.5444993064657382,0.592,1.05e-06,0.147,1.0,0.0289,0.4994580771901302
738,0.808,0.734,0.47098492966795624,0.206,0.237,0.152,1.0,0.04,0.5337600975461058
739,0.847,0.677,0.44208079224765684,0.605,9e-06,0.0892,1.0,0.0513,0.3812342291994784
740,0.856,0.705,0.45277315910260674,0.281,0.0,0.117,1.0,0.0863,0.3593710308387949
741,0.0426,0.544,0.4177781723911169,0.855,0.157,0.167,1.0,0.093,0.7254525902216802
742,0.199,0.754,0.5046896910968521,0.486,1.98e-05,0.115,1.0,0.143,0.4315145049027079
743,0.571,0.594,0.43985543369493785,0.494,2.48e-05,0.206,1.0,0.0722,0.7626378092770411
744,0.627,0.735,0.45136632295119683,0.501,0.0013,0.104,0.0,0.167,0.3896382665244119
745,0.515,0.386,0.4831110521449231,0.516,0.0,0.0972,1.0,0.285,0.4022083354502193
746,0.568,0.565,0.4750867331459234,0.707,0.0,0.374,1.0,0.0357,0.3385874443258988
747,0.732,0.585,0.426543176373785,0.172,0.918,0.0971,0.0,0.0668,0.3384434960795271
748,0.0362,0.64,0.47457304288878643,0.655,0.0,0.456,0.0,0.0414,0.5206142356348117
749,0.00473,0.731,0.4298236962531672,0.675,0.0,0.141,0.0,0.0434,0.5289632339243678
750,0.241,0.643,0.48705054077854015,0.521,0.0,0.0896,1.0,0.0516,0.6772510965469356
751,0.124,0.742,0.46160796851726205,0.639,0.0,0.114,0.0,0.183,0.4872140087046351
752,0.201,0.821,0.44592354104670107,0.517,3.74e-06,0.203,0.0,0.0497,0.4872521126522041
753,0.465,0.579,0.44730738830788064,0.454,0.0,0.0997,1.0,0.0427,0.3342520618469407
754,0.0992,0.658,0.45460312336818043,0.74,0.0,0.186,1.0,0.0331,0.4277210452336195
755,0.917,0.549,0.44197214369865323,0.06,0.94,0.339,1.0,0.0329,0.27331538214025636
756,0.627,0.689,0.5269451678428663,0.346,0.000193,0.104,1.0,0.0709,0.3176387407068706
757,0.0949,0.651,0.45871745809541853,0.696,0.903,0.387,1.0,0.0314,0.5515334722010534
758,0.744,0.569,0.48662115908128456,0.291,0.0,0.137,1.0,0.043,0.6420896204846821
759,0.937,0.421,0.5078325143678852,0.182,1.19e-05,0.639,1.0,0.0612,0.3142347880573761
760,0.956,0.647,0.4630738996995485,0.114,0.903,0.113,1.0,0.0539,0.30895527443309795
761,0.149,0.765,0.45359002179663355,0.442,0.0,0.0674,1.0,0.0421,0.5292172602414943
762,0.301,0.778,0.4664400216250828,0.313,0.0,0.667,1.0,0.421,0.2918593032904876
763,0.475,0.788,0.46215539432371666,0.545,0.0138,0.134,1.0,0.0487,0.507832478111399
764,0.602,0.481,0.4694160032348649,0.51,0.0,0.145,0.0,0.279,0.38366864807194023
765,0.417,0.458,0.5044289303533827,0.521,0.0,0.368,0.0,0.0943,0.38030703314196684
766,0.372,0.734,0.4324991675089447,0.579,1.17e-06,0.0646,1.0,0.0958,0.4319675185015834
767,0.906,0.528,0.4316156799735469,0.0887,0.913,0.0891,1.0,0.0392,0.508031465393148
768,0.213,0.418,0.5173141604260132,0.724,0.0,0.112,1.0,0.0964,0.33244000745143865
769,0.172,0.634,0.4304535382902357,0.526,0.0373,0.128,0.0,0.036,0.609654693559586
770,0.243,0.742,0.4618641113286721,0.46,0.0,0.102,1.0,0.0635,0.4194524886111534
771,0.922,0.795,0.47845644865057047,0.228,0.919,0.109,1.0,0.0367,0.550496198072787
772,0.556,0.536,0.4866806793222973,0.757,0.807,0.0751,1.0,0.0513,0.7200799336144558
773,0.0847,0.656,0.4983050712085446,0.741,0.0,0.111,0.0,0.18,0.6559679249436908
774,0.364,0.713,0.4498333661552185,0.345,0.00252,0.393,0.0,0.0374,0.45571051160900267
775,0.0633,0.515,0.4258812473835869,0.527,0.0,0.214,0.0,0.0385,0.677348473301834
776,0.883,0.569,0.5388468418157011,0.108,0.0,0.112,1.0,0.035,0.46749733272367017
777,0.468,0.737,0.4643733616142842,0.802,0.0,0.0931,1.0,0.0878,0.6097266676827718
778,0.893,0.566,0.4714882456179239,0.0848,0.919,0.101,1.0,0.0352,0.5335865128960694
779,0.956,0.724,0.4270167274766523,0.0769,0.751,0.0981,1.0,0.0639,0.6094514725058848
780,0.16,0.698,0.45799686297327624,0.53,0.0,0.1,0.0,0.086,0.39810157665667495
781,0.0262,0.403,0.42343785383375465,0.888,0.0,0.201,1.0,0.12,0.3596462260156819
782,0.0506,0.639,0.40561682056818826,0.52,0.897,0.0995,1.0,0.0934,0.6773357719859777
783,0.742,0.704,0.4715444769857937,0.264,0.131,0.173,1.0,0.0434,0.592605293908449
784,0.791,0.58,0.4982134484479359,0.474,2.48e-05,0.141,0.0,0.2,0.5076631272333146
785,0.00663,0.717,0.46327720623997015,0.712,0.0,0.0756,1.0,0.0765,0.4107563210215245
786,0.318,0.666,0.4767104529077322,0.593,0.0,0.414,1.0,0.0373,0.5927831123304375
787,0.645,0.665,0.46333824422601455,0.507,0.0,0.627,1.0,0.257,0.37690308049247234
788,0.103,0.744,0.46487193976522456,0.407,0.0,0.128,1.0,0.0657,0.4233941302985656
789,0.137,0.741,0.4449382166361917,0.622,0.0,0.106,1.0,0.0395,0.5758522582939593
790,0.124,0.585,0.5028727759078637,0.52,7.01e-05,0.131,0.0,0.0712,0.676560991718742
791,0.654,0.521,0.5060937302691819,0.254,0.0,0.427,1.0,0.407,0.4896357262612407
792,0.225,0.862,0.4426770704146381,0.539,0.0,0.111,1.0,0.0788,0.5505173669325475
793,0.32,0.64,0.43921005844938765,0.593,0.0,0.104,1.0,0.0431,0.6565733543328423
794,0.736,0.448,0.488778896975381,0.119,0.0,0.145,1.0,0.0403,0.5952302325187556
795,0.835,0.832,0.3924703713611366,0.181,0.0304,0.117,1.0,0.0603,0.44891530762587
796,0.902,0.71,0.35230394384288877,0.415,0.00236,0.149,1.0,0.0908,0.3895747599451303
797,0.566,0.438,0.5174374376644,0.315,0.0,0.606,0.0,0.044,0.6605996714592965
798,0.355,0.706,0.42084605096830474,0.824,0.000133,0.111,1.0,0.0694,0.40212366001117716
799,0.551,0.667,0.42810414229451754,0.338,0.174,0.109,1.0,0.083,0.3385451066063777
800,0.296,0.822,0.4625046327596676,0.448,3.28e-06,0.0683,1.0,0.0465,0.4445883926908161
801,0.802,0.593,0.36716841582132664,0.575,0.892,0.101,1.0,0.076,0.3390362241528222
802,0.888,0.371,0.43730546267325376,0.0605,0.828,0.0732,0.0,0.168,1.0
803,0.454,0.55,0.5012419344358743,0.534,9.04e-06,0.0722,1.0,0.0284,0.33871445748446205
804,0.473,0.585,0.4762150725403087,0.512,1.56e-06,0.131,0.0,0.527,0.5160798658741046
805,0.685,0.732,0.5125705767453694,0.421,4.07e-05,0.224,0.0,0.0876,0.5374477129163915
806,0.817,0.658,0.4609813272076153,0.431,8.28e-06,0.21,1.0,0.0437,0.3810521770055378
807,0.595,0.589,0.47826597927073955,0.364,0.0,0.334,0.0,0.0419,0.44450795102372603
808,0.597,0.68,0.4409046384495343,0.423,0.0,0.371,1.0,0.0321,0.3600484343511321
809,0.817,0.753,0.4938639533611606,0.41,0.00219,0.104,0.0,0.132,0.39373655777405203
810,0.979,0.492,0.49954804938377206,0.0511,0.915,0.0948,1.0,0.0315,0.5425959796101543
811,0.95,0.419,0.4781536809068736,0.408,0.0,0.35,0.0,0.25,0.26600365797896663
812,0.0193,0.596,0.47773863907574143,0.794,1.4e-06,0.0997,1.0,0.0338,0.41067587935443445
813,0.615,0.434,0.45678545017415395,0.299,0.00121,0.0682,1.0,0.0288,0.46530847262443054
814,0.0899,0.679,0.45602734248110344,0.525,3.53e-05,0.09,1.0,0.0594,0.45246744229368824
815,0.764,0.535,0.4836541909664669,0.578,0.195,0.0967,1.0,0.0689,0.4724381445917797
816,0.0394,0.646,0.37507781393451123,0.789,0.0,0.238,1.0,0.0387,0.7530991210689427
817,0.083,0.506,0.4015861309306512,0.836,0.0,0.0942,1.0,0.155,0.6546512218665854
818,0.744,0.772,0.42571084258897884,0.469,0.0,0.109,1.0,0.0384,0.4998264153499636
819,0.124,0.693,0.45292771230539053,0.575,0.946,0.102,1.0,0.0727,0.5505300682484038
820,0.233,0.521,0.46419608020142733,0.523,0.0,0.403,1.0,0.0362,0.6145574014801267
821,0.104,0.688,0.5263096697772442,0.704,0.0,0.0672,1.0,0.0303,0.5587266507476841
822,0.391,0.449,0.4365578088017985,0.842,0.868,0.282,1.0,0.0311,0.3812384629714305
823,0.00939,0.622,0.40958618931532187,0.79,0.0,0.116,1.0,0.0973,0.6352012735186032
824,0.435,0.776,0.48014440358753085,0.353,0.0,0.302,0.0,0.0687,0.5844087114091686
825,0.112,0.653,0.45245138216106406,0.524,0.0,0.203,0.0,0.0502,0.35550983081847276
826,0.573,0.394,0.4662340603713646,0.398,0.0,0.313,1.0,0.219,0.3320886043794137
827,0.42,0.703,0.4429236177965066,0.408,0.0,0.176,0.0,0.139,0.4573574488983725
828,0.0044,0.585,0.47649066488126524,0.952,1.41e-05,0.117,1.0,0.311,0.6358151704516587
829,0.0101,0.674,0.48749935722542137,0.596,1.06e-06,0.104,0.0,0.0622,0.465994343680672
830,0.777,0.579,0.47999636890828223,0.402,0.0,0.316,1.0,0.0392,0.6438169994411421
831,0.991,0.681,0.41357649159509213,0.0663,0.972,0.106,1.0,0.0419,0.3385620416941862
832,0.232,0.378,0.4338766130427951,0.587,0.0,0.455,1.0,0.163,0.7682263882538231
833,0.732,0.441,0.46650269461576155,0.202,2.6e-05,0.126,1.0,0.0381,0.3301114328777795
834,0.617,0.422,0.4057023455178663,0.44,0.0,0.0837,1.0,0.0544,0.5458771528730376
835,0.66,0.411,0.40549728210771807,0.547,0.0,0.078,1.0,0.0706,0.5437856695286964
836,0.578,0.707,0.4498261156729142,0.474,0.0,0.11,1.0,0.0672,0.4656768107842639
837,0.874,0.652,0.5085989215750422,0.256,0.0,0.163,0.0,0.0799,0.5055716438889736
838,0.887,0.382,0.4180766218092775,0.18,0.816,0.0969,0.0,0.0485,0.6492362275398398
839,0.134,0.32,0.49080053383385436,0.5,0.0,0.108,1.0,0.0994,0.38680163931649986
840,0.237,0.754,0.4776609195112018,0.706,3.46e-05,0.097,1.0,0.0923,0.3469279750715507
841,0.0279,0.572,0.4317696234762216,0.881,3.07e-05,0.342,1.0,0.142,0.6781740588324949
842,0.0156,0.544,0.4795082818637475,0.704,0.0,0.164,0.0,0.0435,0.3388245355552168
843,0.0582,0.483,0.4662331235904642,0.531,0.906,0.111,0.0,0.0604,0.5247421632881166
844,0.0339,0.712,0.4360029863844479,0.569,0.000494,0.373,1.0,0.146,0.5120577825196023
845,0.196,0.563,0.47349599327733016,0.756,0.0,0.245,0.0,0.0579,0.42342800047418244
846,0.0829,0.691,0.4708584025791809,0.465,1.58e-06,0.126,0.0,0.0502,0.406526782841369
847,0.0914,0.719,0.4252106024524176,0.495,3.15e-06,0.104,0.0,0.18,0.3597986418059578
848,0.396,0.622,0.4724740179091107,0.723,0.0,0.61,0.0,0.0509,0.5925502548730714
849,0.175,0.706,0.38663029918405645,0.91,2e-06,0.11,1.0,0.146,0.5334849023692187
850,0.207,0.654,0.36115628401001865,0.944,2.01e-06,0.126,1.0,0.223,0.6236684787210621
851,0.956,0.409,0.51682011861736,0.24,0.000433,0.744,1.0,0.0344,0.35942183610222017
852,0.274,0.712,0.2948648893549217,0.442,0.0,0.0943,0.0,0.679,0.6073388203017832
853,0.216,0.753,0.49031626089684033,0.558,0.0,0.939,0.0,0.0425,0.5082854917102745
854,0.98,0.644,0.38598380283971,0.122,0.936,0.0971,1.0,0.0287,0.31323985164863083
855,0.651,0.682,0.4393360241542299,0.449,0.000575,0.094,1.0,0.0318,0.3491380040305509
856,0.00956,0.64,0.40745184899548237,0.526,0.0,0.0955,1.0,0.0408,0.6351801046588426
857,0.835,0.74,0.4198721301135644,0.199,2.05e-06,0.116,0.0,0.0366,0.31758793544344527
858,0.0943,0.769,0.44438549726149357,0.663,1.12e-06,0.133,0.0,0.0395,0.40206438720384763
859,0.932,0.456,0.4716931247310243,0.221,0.00527,0.0963,1.0,0.0307,0.5630789683144507
860,0.113,0.566,0.47521357362007066,0.366,0.181,0.155,1.0,0.028,0.5502210028959
861,0.9,0.505,0.553013091144329,0.122,0.0,0.0893,1.0,0.0527,0.4344146386899016
862,0.556,0.588,0.5073183564077883,0.291,1.04e-05,0.306,1.0,0.145,0.6690291114159427
863,0.96,0.386,0.3604863319537186,0.187,0.0,0.136,1.0,0.0435,0.6345916103574997
864,0.571,0.757,0.42574805881283284,0.355,0.0,0.321,1.0,0.0892,0.5578756625853105
865,0.985,0.557,0.41853143088842937,0.033,0.913,0.112,0.0,0.0981,0.7497925451743468
866,0.978,0.367,0.4854569893090783,0.111,3.97e-05,0.0897,1.0,0.0972,0.3498873816660739
867,0.816,0.626,0.5028323524982405,0.453,1.91e-06,0.0904,1.0,0.0306,0.5502125353519958
868,0.812,0.561,0.37730223965105303,0.364,8.94e-06,0.268,1.0,0.0286,0.5838837236871073
869,0.105,0.607,0.4545286667359276,0.872,0.0,0.333,0.0,0.105,0.677462785144541
870,0.904,0.766,0.45567494905787664,0.265,0.0492,0.0899,1.0,0.0315,0.5760597131196125
871,0.16,0.685,0.47842428448630625,0.783,0.0,0.182,1.0,0.0779,0.4281782926044471
872,0.952,0.347,0.4860031828733036,0.227,1.55e-06,0.11,1.0,0.0333,0.7165150976307811
873,0.0232,0.802,0.4464943463086375,0.495,0.0,0.109,0.0,0.19,0.48684143677284963
874,0.98,0.616,0.3855882254693457,0.122,0.942,0.155,1.0,0.0284,0.372521126522041
875,0.282,0.783,0.4968290179925585,0.435,0.0,0.0833,1.0,0.0588,0.4529035208047554
876,0.016,0.675,0.5378379193795264,0.53,0.0,0.111,1.0,0.0385,0.5291833900658774
877,0.785,0.667,0.46144888077430624,0.373,0.0,0.0906,1.0,0.05,0.5256143203102508
878,0.358,0.591,0.432686797659384,0.488,0.0,0.357,1.0,0.16,0.4652915375366221
879,0.595,0.535,0.45487349760962514,0.398,0.0,0.249,0.0,0.0564,0.8533421395789937
880,0.163,0.665,0.4702919262971854,0.582,0.0,0.108,0.0,0.0324,0.5801410692814442
881,0.334,0.383,0.4708319924750122,0.711,3.35e-06,0.225,0.0,0.0453,0.6517891920269606
882,0.913,0.561,0.5036195545840028,0.0848,2.62e-05,0.112,1.0,0.0404,0.43238666192484204
883,0.173,0.358,0.5109466206448317,0.435,0.00106,0.0986,1.0,0.0717,0.6600789175091872
884,0.926,0.584,0.4544481348677525,0.106,0.928,0.095,1.0,0.0289,0.3132906569120561
885,0.0766,0.751,0.4984635572441234,0.946,0.878,0.22,1.0,0.393,0.6267125607546274
886,0.924,0.552,0.46245095236535194,0.139,0.913,0.321,0.0,0.0301,0.5505597046520686
887,0.783,0.678,0.5326489779641386,0.385,0.00112,0.0982,0.0,0.0389,0.3901886568781859
888,0.0123,0.877,0.43462411136395906,0.883,0.00145,0.0921,1.0,0.0649,0.5377229080932784
889,0.911,0.557,0.3431113693009298,0.0697,0.976,0.217,1.0,0.0483,0.45423292519771713
890,0.377,0.576,0.4522973974679767,0.657,0.68,0.153,1.0,0.0338,0.5078155430235906
891,0.578,0.683,0.4923166728111603,0.76,0.000139,0.14,0.0,0.0475,0.6522549069416925
892,0.222,0.631,0.5143642134700084,0.951,0.0,0.0815,0.0,0.0613,0.5591881318904638
893,0.0377,0.822,0.44995657512056075,0.658,2.15e-05,0.329,1.0,0.0865,0.6051160900269267
894,0.199,0.825,0.438420008057536,0.613,2.98e-05,0.0699,1.0,0.0616,0.5929185930329048
895,0.193,0.625,0.5357155040082495,0.77,0.0,0.149,1.0,0.0299,0.4023184135209741
896,0.0546,0.453,0.5063386586173539,0.87,0.0,0.405,1.0,0.034,0.6903038154752832
897,0.138,0.683,0.5192843138516365,0.684,0.0,0.16,1.0,0.0307,0.37264813968060423
898,1.03e-05,0.436,0.5185516041047347,0.934,0.14,0.321,1.0,0.0507,0.3873096919507527
899,0.0141,0.572,0.49844510076671744,0.955,0.0,0.315,1.0,0.0626,0.5503099121068942
900,0.245,0.669,0.5153705658838739,0.768,3.88e-05,0.133,1.0,0.0592,0.6769504987383359
901,0.00198,0.564,0.5093775726515344,0.922,5.03e-06,0.231,1.0,0.0368,0.5925671899608799
902,0.0545,0.687,0.48754458217196395,0.873,0.0,0.318,1.0,0.0335,0.5504919643008349
903,0.603,0.611,0.5451476765834431,0.493,1.92e-05,0.159,0.0,0.0289,0.40642093854256633
904,0.144,0.658,0.5120506281592583,0.94,0.0,0.101,1.0,0.0339,0.5207200799336145
905,0.0871,0.63,0.5175517283725828,0.538,0.0,0.0952,1.0,0.0318,0.4149604565699673
906,0.674,0.439,0.4948755971011558,0.129,0.96,0.114,0.0,0.0328,0.4727175735406188
907,0.0693,0.356,0.40721401455113493,0.691,0.885,0.31,0.0,0.0391,0.3173931819336483
908,0.0464,0.72,0.3812465340214535,0.484,0.741,0.227,1.0,0.0755,0.6770605768090908
909,0.0127,0.585,0.5323905551231611,0.45,0.675,0.0921,1.0,0.0574,0.5909244864434622
910,0.0897,0.406,0.4183192605420496,0.671,0.964,0.121,0.0,0.0387,0.40196277667699704
911,0.995,0.323,0.4133707293490265,0.0194,0.934,0.0653,1.0,0.0453,0.29030127521211196
912,0.000132,0.48,0.47463889973938667,0.934,0.375,0.103,1.0,0.0575,0.6560356652949245
913,0.586,0.169,0.39278942829902785,0.241,0.942,0.0665,1.0,0.0357,0.5309488729699063
914,0.786,0.164,0.3710787511023661,0.227,0.823,0.375,1.0,0.0333,0.7201349726498331
915,0.964,0.0901,0.4077858442689122,0.0985,0.975,0.159,0.0,0.046,0.2407830784602618
916,0.966,0.272,0.4064052087594523,0.122,0.914,0.089,0.0,0.0376,0.25545309827431456
917,0.847,0.225,0.4135441562154212,0.0619,0.687,0.15,0.0,0.0329,0.24455113549763755
918,0.0202,0.557,0.41067326969361084,0.652,0.336,0.1,1.0,0.0417,0.5083955697810293
919,0.799,0.22,0.39178752715813636,0.17,0.792,0.0792,1.0,0.0343,0.538806753713018
920,0.109,0.436,0.45101399713958545,0.634,0.858,0.108,1.0,0.0335,0.3386805873088452
921,0.0524,0.814,0.528385586956396,0.785,0.00111,0.111,0.0,0.0396,0.5080907382004776
922,0.325,0.148,0.4417916273402238,0.484,0.704,0.152,0.0,0.0435,0.5988712763975681
923,0.372,0.365,0.4081606070137287,0.442,0.453,0.115,1.0,0.0363,0.33894308116987587
924,9.29e-05,0.278,0.3761011054704171,0.354,0.502,0.17,0.0,0.0357,0.6769081610188149
925,0.744,0.685,0.5111737113294024,0.535,0.0,0.081,1.0,0.0433,0.5331250317532896
926,0.184,0.68,0.5342626397107355,0.707,0.0,0.296,0.0,0.0336,0.5415841081136006
927,0.0035,0.431,0.4132334103240085,0.9,0.822,0.383,1.0,0.0537,0.6565521854730816
928,0.0211,0.474,0.4224548202843563,0.9,0.962,0.0967,0.0,0.0424,0.5501109248251452
929,0.00946,0.654,0.5178613482550567,0.756,0.013,0.0685,1.0,0.0326,0.42332638994733185
930,0.895,0.225,0.4671374213478081,0.156,0.713,0.161,0.0,0.0363,0.4175769276363698
931,0.0186,0.552,0.5529051412432611,0.678,4.18e-06,0.11,1.0,0.0277,0.3316059543768734
932,5.82e-06,0.428,0.5204895022477518,0.931,1.5e-06,0.0746,0.0,0.05,0.397906823146878
933,0.602,0.451,0.44550608944202486,0.469,0.881,0.312,0.0,0.0431,0.5926391640840658
934,0.426,0.694,0.5610383085108026,0.498,0.00514,0.144,0.0,0.028,0.5079171535504412
935,0.0686,0.613,0.5256430445159226,0.857,7.93e-05,0.256,1.0,0.0271,0.6264881708411657
936,0.726,0.276,0.3989016085339838,0.177,0.723,0.148,1.0,0.0336,0.42405459872309437
937,0.932,0.15,0.3763400907498866,0.194,0.0185,0.162,0.0,0.0381,0.3973733678809125
938,0.115,0.615,0.5451187863258982,0.738,0.0,0.0554,1.0,0.0291,0.5077308675845484
939,0.192,0.487,0.4258644548110593,0.851,0.88,0.135,1.0,0.0569,0.613977374722688
940,0.0301,0.443,0.48295046356925453,0.582,0.0,0.127,1.0,0.0482,0.6248581686396044
941,0.969,0.222,0.49743373294796456,0.0684,0.0202,0.112,1.0,0.049,0.7393816999441142
942,0.252,0.832,0.4447224831635692,0.408,1.5e-05,0.133,1.0,0.0457,0.5629688902436959
943,0.854,0.824,0.46780031168136715,0.3,0.0,0.174,0.0,0.0565,0.47785313891852527
944,0.0151,0.674,0.46676155032199707,0.807,3.9e-06,0.584,1.0,0.224,0.5929651645243781
945,0.0133,0.585,0.4729197276341295,0.85,0.208,0.0729,0.0,0.035,0.48802689291943974
946,0.316,0.738,0.5212670947448093,0.454,0.815,0.163,0.0,0.0384,0.5081373096919507
947,0.241,0.174,0.5514613563436401,0.568,0.557,0.0945,1.0,0.0537,0.759957831631357
948,0.00368,0.798,0.4488401648268989,0.482,0.0,0.122,0.0,0.206,0.3895578248573219
949,0.0765,0.774,0.4998914367159637,0.641,0.0,0.0867,1.0,0.0799,0.47950007620789514
950,0.114,0.529,0.4586340594087057,0.967,0.0,0.61,0.0,0.0508,0.5932657623329777
951,0.0951,0.505,0.48869156523324064,0.572,0.0,0.0958,0.0,0.135,0.5086919338176769
952,0.00146,0.514,0.48872421808067257,0.73,9.54e-05,0.0897,1.0,0.0598,0.7239961726701553
953,0.206,0.59,0.4750769721039305,0.469,0.0,0.109,0.0,0.0526,0.6344603634269843
954,0.188,0.713,0.489571720206051,0.805,0.00218,0.105,0.0,0.154,0.6264881708411657
955,0.133,0.599,0.46120464478895395,0.793,0.0,0.0714,1.0,0.0452,0.38081931954817183
956,0.622,0.776,0.48433393761676347,0.626,0.899,0.086,1.0,0.0396,0.5168250097376755
957,0.435,0.593,0.45351712696656366,0.529,1.43e-06,0.129,0.0,0.0313,0.3806796050737523
958,0.083,0.358,0.5238150899996543,0.896,0.0014,0.372,0.0,0.159,0.3183457806228725
959,0.00627,0.584,0.5137953588421587,0.783,8.76e-06,0.0504,0.0,0.0402,0.6010770715846162
960,0.516,0.607,0.4697986522046258,0.586,0.00431,0.336,0.0,0.0406,0.6173855611441346
961,0.776,0.662,0.5396351734711096,0.156,0.918,0.0773,0.0,0.047,0.5505216007044996
962,0.0149,0.555,0.48513607044938656,0.585,0.86,0.0707,1.0,0.0272,0.5504072888617927
963,0.95,0.662,0.44782515719315175,0.206,0.797,0.102,0.0,0.0473,0.5247082931124998
964,0.00168,0.507,0.511994012114426,0.975,0.0,0.397,1.0,0.154,0.4149519890260631
965,0.15,0.64,0.5114281899002728,0.501,0.0,0.16,1.0,0.0624,0.4827812494707785
966,0.524,0.56,0.4804306247214081,0.598,0.698,0.172,0.0,0.0388,0.35136496807735945
967,0.259,0.822,0.5458021141567548,0.969,0.000153,0.39,0.0,0.0582,0.541952446273434
968,0.829,0.615,0.39294065215674423,0.294,0.857,0.112,0.0,0.0275,0.34704228691425765
969,0.996,0.313,0.34801502365216663,0.0211,0.967,0.0879,0.0,0.0602,0.2884468830970888
970,0.739,0.807,0.3844312728566681,0.229,0.901,0.0663,1.0,0.0647,0.5925883588206405
971,0.137,0.77,0.5049529921502174,0.51,0.000106,0.0346,0.0,0.192,0.7962327897170147
972,0.033,0.558,0.4984620192840197,0.816,0.00757,0.271,0.0,0.0405,0.34934969262815624
973,0.454,0.746,0.4642975428560363,0.611,0.000922,0.133,0.0,0.101,0.6349260783417162
974,0.207,0.774,0.4548353306234352,0.554,0.0,0.132,1.0,0.0383,0.41928737150502127
975,0.907,0.482,0.5509224146147429,0.224,0.00074,0.103,0.0,0.04,0.6366576910701282
976,0.00385,0.697,0.49997069471368993,0.861,0.0417,0.115,1.0,0.0415,0.5925079171535504
977,0.245,0.834,0.4201382085835621,0.6,0.0,0.0694,1.0,0.0313,0.533260512455757
978,0.00805,0.431,0.5570588869653323,0.938,0.0,0.138,0.0,0.0542,0.6666581991227624
979,0.781,0.54,0.47175381385894233,0.409,0.0,0.104,1.0,0.0284,0.40295771308574235
980,0.376,0.73,0.4317244971863252,0.468,5.01e-06,0.35,1.0,0.0759,0.3892614608206743
981,0.45,0.59,0.6051557947928599,0.875,1.16e-05,0.164,1.0,0.171,0.4103160087385053
982,0.159,0.782,0.5174579748249561,0.827,0.0,0.226,0.0,0.0627,0.44044776372165484
983,0.236,0.741,0.5098186002199436,0.655,1.97e-05,0.0716,1.0,0.0646,0.4529881962437975
984,0.0617,0.552,0.5270116808585836,0.645,0.0,0.0814,1.0,0.0321,0.39367728496672255
985,0.0201,0.772,0.4575430182709137,0.75,0.0,0.074,0.0,0.0455,0.4829082626293417
986,0.25,0.508,0.4619689561525291,0.411,0.00981,0.162,0.0,0.0386,0.29634286778776947
987,0.0064,0.349,0.5289990406786615,0.575,0.242,0.122,1.0,0.0546,0.41167504953513184
988,0.0621,0.696,0.4812760383236303,0.838,8.42e-05,0.0967,0.0,0.0361,0.5926306965401615
989,0.0843,0.802,0.5483967774440295,0.756,0.00765,0.0521,0.0,0.0349,0.5576512726718488
990,0.0117,0.801,0.49078683251988275,0.948,0.457,0.025,0.0,0.0386,0.5863308438754254
991,0.22,0.656,0.4872376289380129,0.817,0.0,0.304,0.0,0.0435,0.5522870836085285
992,0.00726,0.416,0.48952786556658223,0.721,0.0,0.077,0.0,0.0947,0.8132821893681518
993,0.896,0.614,0.47233239687096873,0.318,0.00239,0.0795,1.0,0.0478,0.5078790496028722
994,0.00012,0.295,0.49521090063899065,0.925,0.000377,0.444,0.0,0.136,0.6228725295940659
995,0.723,0.619,0.49885142928495263,0.332,0.0,0.131,0.0,0.0339,0.5080865044285254
996,0.0614,0.415,0.4951771658702926,0.505,6.49e-06,0.138,1.0,0.0374,0.5569569340717031
997,0.0885,0.748,0.46482281184082175,0.666,0.719,0.349,1.0,0.0594,0.5293696760317702
998,0.254,0.594,0.49640126604677937,0.769,0.000189,0.0941,1.0,0.0413,0.38540449457230436
999,0.127,0.707,0.42359361836972687,0.955,0.0,0.202,0.0,0.222,0.5334086944740808
1000,0.0501,0.684,0.3761629175095662,0.865,0.68,0.421,1.0,0.129,0.4657657199952582
1001,0.00552,0.496,0.5329891722905762,0.682,2.94e-05,0.0589,1.0,0.0294,0.7072939423190909
1002,0.145,0.367,0.5109052974751704,0.665,0.0,0.113,1.0,0.0465,0.6304636827041948
1003,0.161,0.631,0.5652569462093968,0.863,5.85e-05,0.0846,0.0,0.0297,0.5334298633338413
1004,0.224,0.817,0.47302759549929485,0.578,0.00103,0.251,0.0,0.0824,0.6095869532083523
1005,0.0933,0.645,0.5113507509808879,0.862,0.0,0.193,0.0,0.0845,0.5078282443394468
1006,0.232,0.345,0.4449520907161941,0.612,0.0,0.194,0.0,0.0608,0.7611178851462345
1007,0.0358,0.717,0.46343071144724,0.55,0.00196,0.126,0.0,0.0521,0.41057426882758385
1008,0.247,0.695,0.45699078629790457,0.745,0.000118,0.102,0.0,0.0687,0.5752849328523768
1009,0.186,0.7,0.5473929202219834,0.935,0.0,0.323,1.0,0.385,0.7285982827820963
1010,0.182,0.782,0.4713366873075264,0.589,0.0,0.0531,0.0,0.0351,0.5715465122186659
1011,0.167,0.73,0.5055990881691037,0.729,1.39e-06,0.349,0.0,0.0884,0.47846280207962877
1012,0.907,0.402,0.5171036892643128,0.151,0.0,0.0941,0.0,0.04,0.6099637589120899
1013,0.962,0.63,0.491935354328632,0.103,1.14e-06,0.0915,1.0,0.0499,0.4809988314789412
1014,0.0832,0.34,0.5257322154310624,0.707,0.0,0.192,1.0,0.0507,0.5928593202255754
1015,0.223,0.789,0.45904671183013845,0.72,0.0,0.129,0.0,0.218,0.5166514250876391
1016,0.108,0.579,0.4861467021557395,0.849,0.0,0.0909,0.0,0.0303,0.4234661044217514
1017,0.024,0.362,0.4458460798134676,0.961,9.35e-06,0.159,1.0,0.0857,0.6944190418127318
1018,0.0049,0.596,0.5559740929323218,0.921,0.00019,0.536,0.0,0.074,0.5925968263645447
1019,0.493,0.398,0.4789017487589047,0.571,0.0,0.106,0.0,0.0397,0.6473818354248166
1020,0.0622,0.561,0.48803713324967113,0.547,0.874,0.149,0.0,0.0825,0.4233009873156192
1021,0.871,0.112,0.6228236630433255,0.274,0.576,0.0554,1.0,0.033,0.3669791190367322
1022,0.00443,0.67,0.5474100152425572,0.904,0.813,0.129,0.0,0.0359,0.5715803823942827
1023,0.096,0.615,0.5094257557519719,0.658,0.000911,0.205,1.0,0.0343,0.6354595336076817
1024,0.12,0.617,0.48433729151905935,0.517,0.0,0.13,1.0,0.0568,0.40435909160188993
1025,0.715,0.757,0.417479176461244,0.113,0.912,0.389,1.0,0.0834,0.45704414977391655
1026,0.0691,0.654,0.4888580265270466,0.752,1.79e-06,0.0771,0.0,0.0316,0.4149392877102068
1027,0.164,0.495,0.5035099920211916,0.619,2.13e-06,0.118,1.0,0.0317,0.5926772680316347
1028,0.937,0.518,0.4315739860835821,0.0628,0.908,0.0755,1.0,0.0292,0.4656344730647428
1029,0.964,0.56,0.425153988459368,0.132,0.923,0.0685,1.0,0.0286,0.3601585124218869
1030,0.767,0.442,0.5391540008580931,0.592,0.0,0.572,1.0,0.0333,0.39853765516774203
1031,0.451,0.434,0.5015131139522224,0.637,0.0,0.112,0.0,0.0613,0.600640993073549
1032,0.0563,0.83,0.4892400819695053,0.583,0.0005,0.109,1.0,0.0412,0.5673254415824146
1033,0.163,0.76,0.49437174145092544,0.538,7.76e-06,0.1,1.0,0.0345,0.567346610442175
1034,0.232,0.654,0.48128714430226993,0.802,1.8e-06,0.0882,0.0,0.0251,0.4703000897559654
1035,6.72e-05,0.466,0.5256495549896654,0.919,0.038,0.449,0.0,0.0516,0.77047028738844
1036,0.945,0.581,0.41959938520469686,0.118,0.0,0.124,0.0,0.0521,0.4510321936019238
1037,0.0556,0.562,0.4922487881485409,0.732,1.24e-05,0.2,1.0,0.0375,0.6009839286016697
1038,0.673,0.653,0.47758141517141284,0.664,0.022,0.123,0.0,0.105,0.6776787075140984
1039,0.0918,0.683,0.4748807401660007,0.415,6.34e-06,0.149,0.0,0.0841,0.34296093075242595
1040,0.766,0.54,0.4630748547820347,0.384,0.00021,0.116,1.0,0.0457,0.7624091855916273
1041,0.135,0.526,0.49525639231225016,0.803,0.0,0.119,1.0,0.127,0.6684575522024081
1042,0.517,0.608,0.5383765863073013,0.65,0.000689,0.115,1.0,0.0469,0.6719250114311842
1043,0.223,0.854,0.5279753336291644,0.611,0.0,0.119,0.0,0.0864,0.4234788057376077
1044,0.0508,0.511,0.4222906087677929,0.751,0.0251,0.316,1.0,0.0409,0.7607918847059222
1045,0.573,0.699,0.449474599271235,0.537,0.152,0.131,1.0,0.0339,0.6265135734728784
1046,0.0134,0.541,0.5092775653262169,0.803,0.0,0.101,1.0,0.033,0.6181307050077054
1047,0.0134,0.541,0.5092775653262169,0.803,0.0,0.101,1.0,0.033,0.6181307050077054
1048,0.0219,0.53,0.4911338466939441,0.928,0.0,0.318,1.0,0.0613,0.6183042896577419
1049,0.000219,0.495,0.44672147744643254,0.856,0.0,0.103,0.0,0.0311,0.6690375789598468
1050,0.0846,0.717,0.4892888945633478,0.455,0.0,0.11,1.0,0.0276,0.5411268607427729
1051,0.217,0.855,0.4090139913104185,0.463,1.77e-05,0.347,1.0,0.0367,0.4357863808023844
1052,0.000289,0.683,0.5102527165717285,0.852,0.517,0.174,1.0,0.0328,0.4446391979542414
1053,0.617,0.583,0.4143184434182632,0.747,0.00761,0.0675,0.0,0.0562,0.5442090467239072
1054,0.0273,0.527,0.5190878903972527,0.728,9.32e-06,0.11,0.0,0.0349,0.5505258344764518
1055,0.497,0.552,0.5795829606972269,0.769,0.0,0.112,0.0,0.0465,0.3681561076394181
1056,0.0911,0.785,0.4769729314652742,0.84,0.000316,0.077,0.0,0.0576,0.529441650154956
1057,0.00152,0.939,0.44686815238468136,0.682,0.0,0.0552,1.0,0.306,0.5504834967569306
1058,0.948,0.425,0.5207835457618026,0.119,3.54e-06,0.0885,1.0,0.0353,0.5933631390878762
1059,0.72,0.55,0.5079232510490015,0.285,0.516,0.0986,1.0,0.0343,0.380903994987214
1060,0.345,0.689,0.4776591725790664,0.868,0.000409,0.204,0.0,0.0415,0.4021532964148419
1061,0.0746,0.738,0.49509554597628913,0.988,1.31e-05,0.46,0.0,0.327,0.6351292993954173
1062,0.436,0.627,0.5635934880736357,0.655,3.33e-06,0.122,1.0,0.0515,0.6601974631238463
1063,0.315,0.555,0.5123708467362675,0.772,0.0,0.105,1.0,0.0523,0.3680036918491422
1064,0.000247,0.617,0.4984727847005517,0.922,0.388,0.363,1.0,0.0744,0.5591076902233738
1065,0.393,0.382,0.6717727800202948,0.447,0.847,0.0848,1.0,0.028,0.48472031702484375
1066,0.561,0.825,0.468094170873814,0.275,0.0,0.203,0.0,0.0547,0.5503141458788463
1067,0.044,0.846,0.46771957005269926,0.554,0.000367,0.0797,0.0,0.0559,0.4825145218377957
1068,0.000949,0.597,0.4643591482785603,0.713,2.64e-05,0.11,0.0,0.0329,0.495355552168538
1069,0.051,0.452,0.48224793641983466,0.84,0.0,0.0534,0.0,0.0525,0.38063303358227907
1070,0.0417,0.607,0.5271775224722219,0.891,0.00521,0.314,0.0,0.0387,0.5081034395163339
1071,0.325,0.427,0.4308740260901589,0.694,0.000552,0.114,1.0,0.0645,0.7245211603922166
1072,0.62,0.485,0.47502194440584833,0.484,0.0,0.114,1.0,0.0617,0.6768827583871022
1073,0.385,0.7,0.48138706413166354,0.613,0.0,0.0887,1.0,0.0408,0.3729275686294433
1074,0.31,0.42,0.555836700315175,0.691,0.0427,0.109,1.0,0.0501,0.48826398414875777
1075,0.451,0.775,0.48384184510166883,0.759,0.0,0.108,1.0,0.0873,0.5336838896509678
1076,0.146,0.718,0.5543876005633148,0.658,0.0,0.202,0.0,0.0664,0.45768344933868477
1077,0.822,0.566,0.46820619863361923,0.375,0.826,0.239,0.0,0.0382,0.5675286626361158
1078,0.97,0.281,0.5051915192623215,0.056,3.63e-06,0.0954,1.0,0.038,0.36711883351115177
1079,0.29,0.73,0.5110940164039381,0.355,0.0072,0.11,1.0,0.0345,0.5757506477671087
1080,0.0657,0.739,0.44421084699114544,0.525,0.0885,0.112,1.0,0.141,0.35840573083371435
1081,0.322,0.316,0.4757853484596355,0.651,4.66e-05,0.102,1.0,0.0457,0.4215905434469678
1082,0.000636,0.552,0.5060548305955348,0.965,0.0924,0.119,0.0,0.102,0.4369760707209267
1083,0.995,0.627,0.25131883881250494,0.0215,0.92,0.141,0.0,0.0969,0.471900455553862
1084,0.995,0.627,0.25131883881250494,0.0215,0.92,0.141,0.0,0.0969,0.471900455553862
1085,0.992,0.417,0.4879666254174819,0.0529,0.0,0.129,0.0,0.0411,0.3040695016003658
1086,0.819,0.478,0.5214121478998344,0.293,0.00135,0.0811,1.0,0.0286,0.30518298362377005
1087,0.775,0.726,0.4676369309603319,0.466,0.834,0.153,0.0,0.163,0.7248386932886247
1088,0.181,0.684,0.4636212003792832,0.978,0.000151,0.135,0.0,0.136,0.40634473064742843
1089,0.57,0.479,0.5265487570905121,0.549,0.0235,0.127,0.0,0.373,0.7662492167521889
1090,0.156,0.696,0.35628298556417515,0.859,0.0,0.0249,1.0,0.23,0.5712713170417788
1091,0.0686,0.615,0.49304167500362595,0.911,0.00188,0.0908,0.0,0.0278,0.45724737082761774
1092,0.104,0.813,0.44625419469614425,0.295,0.0,0.095,1.0,0.0482,0.4234152991583261
1093,0.171,0.804,0.4388282533196657,0.593,0.063,0.115,1.0,0.045,0.4828193534183475
1094,0.358,0.57,0.4860944525119908,0.689,0.0,0.0819,1.0,0.147,0.4237455333705905
1095,0.591,0.794,0.5124555677423595,0.448,0.0,0.109,0.0,0.0539,0.5082854917102745
1096,0.0831,0.752,0.3793118227296526,0.883,9.93e-05,0.206,1.0,0.26,0.6477586411285542
1097,0.354,0.585,0.5326402457058323,0.594,5.36e-05,0.0921,1.0,0.332,0.7790690782231706
1098,0.00414,0.732,0.41713281805975355,0.994,0.38,0.0851,1.0,0.351,0.7875916611627631
1099,0.0287,0.747,0.4411309345822463,0.801,2.97e-05,0.441,1.0,0.334,0.7073659164422768
1100,0.34,0.806,0.445247435512373,0.658,0.772,0.0777,0.0,0.0505,0.5038103947568968
1101,0.339,0.688,0.4476426026537432,0.708,0.909,0.584,1.0,0.246,0.5246532540771224
1102,0.27,0.745,0.48296991164335856,0.437,0.0,0.336,1.0,0.0533,0.46557520025741334
1103,0.0144,0.661,0.5511202703239153,0.828,0.3,0.228,0.0,0.0316,0.5250004233771952
1104,0.434,0.638,0.36230221022724196,0.576,0.0344,0.128,1.0,0.0357,0.7496739995596876
1105,0.372,0.775,0.49809942567169907,0.539,8.11e-06,0.225,1.0,0.0881,0.6137529848092262
1106,0.869,0.568,0.5076639733313351,0.455,0.000861,0.112,0.0,0.174,0.6558959508205049
1107,0.64,0.235,0.5151624324132671,0.592,0.0223,0.112,0.0,0.0779,0.33250351403072026
1108,0.57,0.688,0.46865815755827467,0.407,0.000918,0.0958,1.0,0.0725,0.3305856153364155
1109,0.0304,0.763,0.546467694218963,0.85,1.21e-06,0.371,1.0,0.0417,0.38747057528493284
1110,0.804,0.549,0.48539285597690607,0.461,0.634,0.17,1.0,0.0406,0.5080907382004776
1111,0.17,0.461,0.5103528435683065,0.593,0.0,0.307,1.0,0.0356,0.5680451828142729
1112,0.204,0.585,0.5024928503168766,0.696,0.0,0.344,0.0,0.0307,0.4403546207387085
1113,0.0145,0.567,0.5366816128604981,0.3,0.0,0.0687,0.0,0.0291,0.6004293044759437
1114,0.642,0.504,0.46985913323886064,0.38,0.857,0.0697,0.0,0.037,0.5246109163576013
1115,0.016,0.623,0.5031793683760553,0.891,0.0,0.329,0.0,0.0653,0.4233221561753797
1116,0.22,0.639,0.46825154339066644,0.704,0.0872,0.0849,1.0,0.0659,0.6900328540703483
1117,0.484,0.643,0.4797042093577124,0.178,0.0108,0.122,0.0,0.0588,0.3600484343511321
1118,0.308,0.696,0.523076023082254,0.543,0.0,0.0939,1.0,0.0489,0.4571161238971024
1119,0.203,0.555,0.5210080852166437,0.619,0.0,0.265,1.0,0.0296,0.5760851157513251
1120,0.894,0.522,0.478529446484925,0.128,0.026,0.0941,1.0,0.0357,0.46565564192450337
1121,0.623,0.628,0.47508495845441745,0.264,0.0,0.146,1.0,0.0405,0.39480770207793525
1122,0.281,0.652,0.516288040612285,0.295,1.03e-05,0.0809,1.0,0.0477,0.3178080915849548
1123,0.119,0.705,0.5753007627153996,0.709,1.69e-05,0.286,0.0,0.0489,0.46792494369083304
1124,0.536,0.796,0.4858670133372829,0.794,0.29,0.0896,0.0,0.0386,0.5760258429439956
1125,0.992,0.484,0.5189665316706127,0.0156,0.888,0.121,1.0,0.0615,0.49243848329353584
1126,0.989,0.448,0.5064009320784617,0.0416,0.869,0.0994,0.0,0.04,0.540381716879202
1127,0.744,0.128,0.5557576742499828,0.132,0.942,0.107,1.0,0.0353,0.3612000203221053
1128,0.988,0.407,0.548713637594759,0.122,0.942,0.113,1.0,0.0427,0.44659520059611507
1129,0.995,0.479,0.28743370280423464,0.175,0.842,0.0898,1.0,0.0663,0.6821707395552846
1130,0.995,0.7,0.20254008328651119,0.141,0.908,0.118,0.0,0.067,0.4497324256126268
1131,0.0788,0.83,0.42923607195954916,0.832,0.0,0.0594,1.0,0.0788,0.5163846974546563
1132,0.843,0.853,0.5002774565844819,0.515,0.0652,0.127,1.0,0.0418,0.4445375874273908
1133,0.13,0.574,0.5549544216812077,0.628,0.0,0.271,0.0,0.036,0.6482709275347592
1134,0.962,0.35,0.41338885719347984,0.00493,0.315,0.101,1.0,0.0418,0.5370158681772764
1135,0.941,0.612,0.4207136414224706,0.00578,7.85e-05,0.169,1.0,0.0437,0.521058781689783
1136,0.225,0.492,0.5333708903490177,0.59,2.79e-05,0.0973,0.0,0.0239,0.38534945553692695
1137,0.989,0.486,0.4793734992268899,0.0938,0.919,0.0742,0.0,0.0548,0.27439499398804384
1138,0.0548,0.604,0.4507917335689544,0.636,0.0,0.161,0.0,0.0362,0.5930498399634202
1139,0.726,0.506,0.4927624125429373,0.456,3.74e-05,0.11,1.0,0.0479,0.6333722840352927
1140,0.346,0.518,0.4738781496442397,0.683,0.0,0.311,1.0,0.0364,0.6010728378126641
1141,0.0177,0.728,0.5172764738088595,0.947,0.00254,0.0987,0.0,0.0828,0.5329218106995884
1142,0.0249,0.573,0.47243163468256233,0.755,1.08e-05,0.209,1.0,0.246,0.6550449626581313
1143,0.102,0.709,0.4741871579696617,0.568,0.0,0.153,1.0,0.0393,0.5081923487273281
1144,0.0826,0.672,0.4503906886698841,0.759,0.00225,0.19,1.0,0.0266,0.4657360835915934
1145,0.00618,0.75,0.4632371376578468,0.825,0.00048,0.122,1.0,0.0286,0.4867525275618554
1146,0.0232,0.461,0.5322536876031814,0.834,1.14e-05,0.14,1.0,0.0989,0.5715888499381869
1147,0.709,0.715,0.5222359009935142,0.218,0.925,0.082,0.0,0.0396,0.465681044556216
1148,0.657,0.414,0.4930440598048724,0.181,0.896,0.102,0.0,0.0309,0.5802215109485342
1149,0.895,0.087,0.49438199150431994,0.299,0.88,0.271,1.0,0.0392,0.29141052346356416
1150,0.772,0.0641,0.5265137905630981,0.23,0.97,0.105,1.0,0.0361,0.2824349269250961
1151,0.0529,0.574,0.49589976014652626,0.852,0.0,0.161,1.0,0.0397,0.5209148334434114
1152,0.9,0.257,0.44332184815114095,0.109,0.867,0.0762,1.0,0.0597,0.31761757184711
1153,0.0884,0.693,0.45728099042788806,0.481,0.000102,0.144,1.0,0.0534,0.5077689715321174
1154,0.191,0.667,0.4926755927309434,0.507,0.0,0.0967,0.0,0.066,0.7027595725583837
1155,0.796,0.729,0.3807602576531155,0.396,0.0,0.104,1.0,0.0359,0.4118655692729767
1156,0.456,0.388,0.5202662666087723,0.532,0.0,0.167,1.0,0.0414,0.7605632610205083
1157,0.064,0.816,0.5375603527900501,0.747,1.07e-05,0.0806,0.0,0.206,0.3472497417399109
1158,0.911,0.544,0.5374216952279767,0.467,3.01e-06,0.446,1.0,0.032,0.45592643397856014
1159,0.393,0.639,0.624268485429075,0.531,7.61e-06,0.285,0.0,0.0407,0.4109891784788904
1160,0.0696,0.742,0.5094336650516147,0.879,7.17e-06,0.0981,0.0,0.0328,0.5670968178970007
1161,0.195,0.621,0.4642880630353545,0.705,4.19e-06,0.292,0.0,0.222,0.36002303171941946
1162,0.242,0.829,0.5412407531397201,0.665,1.75e-05,0.123,1.0,0.0868,0.5167022303510643
1163,0.438,0.784,0.514378862889159,0.753,0.0,0.167,0.0,0.213,0.49517773374654944
1164,0.563,0.597,0.4771570290374094,0.595,2.06e-06,0.291,1.0,0.226,0.7189368151873867
1165,0.00683,0.633,0.5046623011646059,0.682,0.201,0.102,1.0,0.0295,0.5546579959017087
1166,0.181,0.635,0.4449520907161941,0.764,7.63e-06,0.372,0.0,0.173,0.5927915798743416
1167,0.941,0.624,0.5003595678953401,0.115,3.47e-05,0.11,1.0,0.0446,0.5088909210994258
1168,0.481,0.74,0.4097742710054546,0.377,0.00437,0.18,0.0,0.0446,0.5508010296533388
1169,0.00487,0.641,0.4756854764935259,0.773,0.804,0.1,1.0,0.058,0.5420540568002845
1170,0.518,0.698,0.45058772583691753,0.604,0.0,0.07,1.0,0.0494,0.5025148605395519
1171,0.0449,0.708,0.49293591379830404,0.562,0.0,0.216,1.0,0.0725,0.533298616403326
1172,0.72,0.584,0.45453470502516913,0.261,1.1e-06,0.126,1.0,0.0486,0.7627097834002269
1173,0.0169,0.594,0.4625937415854062,0.64,0.0,0.135,1.0,0.033,0.3931946349641823
1174,0.0298,0.728,0.4613659008250839,0.78,0.00758,0.126,0.0,0.09,0.5164820742095547
1175,0.175,0.771,0.5856123680651053,0.711,0.0,0.264,1.0,0.0673,0.5375831936188589
1176,0.0599,0.592,0.5075549101578134,0.788,2.54e-06,0.125,0.0,0.201,0.38082355332012396
1177,0.0131,0.749,0.4858977444345909,0.535,3.65e-05,0.0982,1.0,0.0336,0.5209317685312198
1178,0.017,0.645,0.45378020501539207,0.945,0.00122,0.318,0.0,0.0862,0.5081754136395197
1179,0.216,0.771,0.48726563250386246,0.659,0.0,0.102,1.0,0.0674,0.3895408897695134
1180,0.141,0.78,0.4719954407519882,0.68,1.2e-05,0.138,1.0,0.0305,0.4996951684194482
1181,0.141,0.78,0.4719954407519882,0.68,1.2e-05,0.138,1.0,0.0305,0.4996951684194482
1182,0.262,0.574,0.5652937201446582,0.911,0.0,0.366,0.0,0.0888,0.5736506968788633
1183,0.303,0.371,0.49947240715924046,0.729,0.000112,0.071,1.0,0.0371,0.47389879591525685
1184,0.0336,0.655,0.5388690582356319,0.782,0.228,0.175,0.0,0.0355,0.4582846449558841
1185,0.735,0.695,0.44129363016183776,0.333,0.826,0.0893,1.0,0.0305,0.32602584294399567
1186,0.23,0.617,0.4954507655991667,0.574,0.0105,0.0983,1.0,0.0276,0.38852901827295977
1187,0.0303,0.572,0.49497696749809883,0.759,0.0,0.56,0.0,0.0583,0.39384663584480684
1188,0.00129,0.823,0.49453960358964943,0.815,0.0494,0.599,1.0,0.134,0.5334086944740808
1189,0.883,0.906,0.465152252835229,0.365,0.0,0.0554,1.0,0.0721,0.5337643313180578
1190,0.103,0.721,0.43353019212556787,0.777,0.0,0.0482,1.0,0.0418,0.6562812240681467
1191,0.949,0.502,0.4687633426394533,0.0687,0.92,0.0986,1.0,0.0317,0.5079256210943454
1192,0.142,0.521,0.37465323571683173,0.27,0.0,0.334,1.0,0.34,0.4366881742281834
1193,0.0632,0.371,0.42629930505768,0.821,0.00429,0.136,0.0,0.0944,0.382754153330285
1194,0.937,0.644,0.42758389403056074,0.182,0.825,0.0864,0.0,0.0457,0.34699571542278446
1195,0.961,0.205,0.1845224572974693,0.739,0.937,0.339,1.0,0.0546,0.33865095090518044
1196,0.706,0.412,0.5102212354019651,0.494,0.0,0.0772,1.0,0.0536,0.7194448678216396
1197,0.2,0.834,0.5022075127468177,0.738,0.0,0.0797,0.0,0.199,0.3809971379701603
1198,0.0962,0.793,0.522559332484311,0.887,6.39e-05,0.623,1.0,0.0954,0.42340683161442194
1199,0.0735,0.609,0.5676976366248403,0.674,0.06,0.345,0.0,0.0548,0.3810775796372504
1200,0.0265,0.512,0.5140688520951393,0.695,0.00815,0.146,1.0,0.0271,0.6179486528137648
1201,0.000278,0.417,0.49684455151325535,0.934,0.0015,0.132,0.0,0.119,0.5379684668665007
1202,0.184,0.679,0.590516321471442,0.534,1.47e-06,0.318,0.0,0.0762,0.6723610899422513
1203,0.475,0.507,0.547503436399293,0.585,0.0,0.317,1.0,0.0288,0.5619951226947112
1204,0.149,0.63,0.5170659540318323,0.747,4.77e-05,0.0931,1.0,0.0483,0.3471015597215871
1205,0.857,0.559,0.5481400095681219,0.318,1.88e-06,0.11,0.0,0.0317,0.3397263289810158
1206,0.0395,0.534,0.49031626089684033,0.851,0.000527,0.152,0.0,0.0569,0.6352605463259327
1207,0.00988,0.637,0.5591201328025499,0.985,0.00857,0.0649,0.0,0.184,0.6143668817422817
1208,0.748,0.472,0.41709231948850856,0.373,0.00346,0.317,0.0,0.029,0.34719893647648564
1209,0.851,0.437,0.45879983379380573,0.243,1.62e-06,0.112,1.0,0.0281,0.6103574997036358
1210,0.101,0.895,0.4249176842185658,0.283,0.000157,0.1,1.0,0.101,0.3980719402530102
1211,0.899,0.492,0.4413994590223673,0.116,1.93e-06,0.0889,0.0,0.0379,0.47328066521024914
1212,0.801,0.435,0.4223568034255374,0.196,0.194,0.36,1.0,0.0297,0.6127538146285287
1213,0.00507,0.788,0.4899756032065865,0.824,0.00752,0.183,0.0,0.0761,0.4741316533726227
1214,0.0384,0.72,0.46728641091432865,0.791,0.0,0.157,1.0,0.124,0.43214533692357193
1215,0.962,0.444,0.4506392670021764,0.0629,0.0069,0.097,0.0,0.035,0.5983378211316025
1216,0.857,0.605,0.4671364897353907,0.251,5.43e-05,0.113,1.0,0.0437,0.5909710579349354
1217,0.228,0.536,0.48984108651151503,0.775,0.000143,0.0947,1.0,0.0394,0.6409634371454216
1218,0.0376,0.596,0.5118778878149115,0.543,2.35e-06,0.0834,0.0,0.028,0.4234576368778472
1219,0.0534,0.66,0.5513824079590757,0.539,0.0,0.222,0.0,0.324,0.46282748226049547
1220,0.0748,0.784,0.4212734829104472,0.572,0.843,0.139,1.0,0.0573,0.40720842012565833
1221,0.0743,0.844,0.4522188195304233,0.818,1.28e-05,0.112,1.0,0.2,0.5423207844332673
1222,0.386,0.642,0.49801000077389546,0.489,0.0,0.11,1.0,0.0335,0.49472048637572186
1223,0.0167,0.572,0.4806597554738665,0.904,0.00252,0.31,1.0,0.042,0.635429897204017
1224,0.0012,0.583,0.5380486514171001,0.785,0.0127,0.124,0.0,0.0337,0.3894096428389981
1225,0.098,0.501,0.5036590387080606,0.505,0.0,0.112,1.0,0.0284,0.6347101559721586
1226,0.967,0.692,0.48562345180079736,0.107,0.0,0.302,1.0,0.0463,0.5249834882893868
1227,0.673,0.633,0.4750654355746724,0.549,0.0,0.0677,1.0,0.219,0.652000880624566
1228,0.922,0.391,0.5388054031181939,0.175,2.47e-06,0.0896,1.0,0.0353,0.3336423986858372
1229,0.869,0.636,0.42248666309889304,0.0581,0.925,0.125,1.0,0.0402,0.3052380226591475
1230,0.94,0.593,0.39776716814054125,0.162,0.849,0.0823,1.0,0.0391,0.7196396213314366
1231,0.0283,0.616,0.5147175256415606,0.869,0.0,0.064,1.0,0.0327,0.5417788616233975
1232,0.0262,0.701,0.45897425460307306,0.875,7.32e-06,0.137,1.0,0.0757,0.47408084810919743
1233,0.45,0.852,0.49283804355412264,0.783,0.0,0.134,1.0,0.361,0.6014750461481143
1234,0.699,0.527,0.42708698701543857,0.308,0.0021,0.162,1.0,0.0359,0.29585598401327706
1235,0.974,0.866,0.4561908022844954,0.211,0.0,0.0987,0.0,0.0404,0.42885992988873645
1236,0.995,0.459,0.4947796694845952,0.063,0.803,0.108,1.0,0.0366,0.5576047011803756
1237,0.0448,0.462,0.3599860981684595,0.955,0.0,0.131,1.0,0.368,0.4126064793645955
1238,0.671,0.605,0.4155995408619515,0.663,0.0108,0.159,1.0,0.168,0.7763086589103964
1239,0.184,0.711,0.49155474768206586,0.412,0.0,0.0546,1.0,0.0445,0.5504453928093617
1240,0.0135,0.714,0.34301377074735817,0.523,0.00167,0.117,0.0,0.0545,0.43389388473979235
1241,0.0664,0.786,0.4770527325658245,0.643,1.26e-06,0.0985,1.0,0.0877,0.5294755203305729
1242,0.467,0.515,0.49184008560597525,0.273,0.881,0.414,1.0,0.033,0.4787379972565157
1243,0.000521,0.436,0.5394677617921664,0.938,0.00907,0.344,1.0,0.0917,0.6350361564124709
1244,0.0194,0.42,0.5482443525049328,0.641,0.00012,0.166,0.0,0.0474,0.3185024301851005
1245,0.455,0.732,0.44385346441615026,0.34,0.0,0.212,1.0,0.376,0.61398160849464
1246,0.0736,0.608,0.4762793896751041,0.798,0.0,0.156,0.0,0.0432,0.393499466544734
1247,0.0338,0.439,0.5242293497500334,0.736,0.0,0.333,0.0,0.0365,0.6183593286931193
1248,0.0535,0.659,0.4995999853656703,0.672,3.37e-05,0.0941,0.0,0.0975,0.4658842656099172
1249,0.959,0.286,0.45822724863386544,0.292,0.868,0.079,0.0,0.028,0.2861013734356212
1250,0.0961,0.705,0.5353011913745949,0.579,7.59e-06,0.102,0.0,0.035,0.6266702230351064
1251,0.961,0.522,0.42207835981423325,0.216,0.878,0.149,0.0,0.0612,0.8470676895459703
1252,0.995,0.603,0.2620437935124258,0.0573,0.941,0.111,0.0,0.0549,0.26679960710596284
1253,0.995,0.603,0.2620437935124258,0.0573,0.941,0.111,0.0,0.0549,0.26679960710596284
1254,0.00106,0.656,0.5326209083289521,0.871,0.0233,0.0828,1.0,0.071,0.5080399329370523
1255,0.0172,0.625,0.49310923088854586,0.814,0.0,0.158,1.0,0.0657,0.6138588291080289
1256,0.00558,0.702,0.5085989215750422,0.77,0.000802,0.211,1.0,0.128,0.4997290385950651
1257,0.00016,0.5,0.50345033523074,0.824,0.00161,0.0916,0.0,0.0388,0.508581855746922
1258,0.236,0.563,0.46861384882341217,0.532,9.75e-06,0.122,1.0,0.0416,0.61390116682755
1259,0.000965,0.361,0.528777568603437,0.929,0.184,0.131,0.0,0.129,0.6345450388660265
1260,0.767,0.691,0.4769562647741963,0.388,0.00337,0.0996,0.0,0.0537,0.495355552168538
1261,0.16,0.876,0.496449541435636,0.565,0.0284,0.114,0.0,0.0333,0.47391149723111314
1262,0.172,0.731,0.49346482899688016,0.804,0.00028,0.0685,0.0,0.0473,0.4546351335331673
1263,0.431,0.393,0.5363856134718539,0.444,0.0,0.175,1.0,0.0289,0.41712391403749427
1264,0.000329,0.543,0.47359094462552287,0.928,0.567,0.0328,1.0,0.0755,0.5084844789920235
1265,0.761,0.605,0.4573818962104581,0.554,0.0,0.0903,0.0,0.0948,0.3110001862859659
1266,0.435,0.711,0.44008538658638985,0.586,6.48e-06,0.15,0.0,0.0514,0.5252332808345611
1267,0.394,0.707,0.5040533557007563,0.393,0.0,0.102,1.0,0.0368,0.5505935748276855
1268,0.759,0.663,0.461269359455307,0.595,0.000404,0.109,1.0,0.0346,0.5250808650442853
1269,0.238,0.7,0.4601841782730107,0.82,0.318,0.658,0.0,0.0329,0.4657064471879287
1270,0.191,0.678,0.4752968976338867,0.819,0.0,0.159,1.0,0.0313,0.38105641077748986
1271,0.174,0.782,0.4616831197101796,0.52,0.0,0.0747,0.0,0.171,0.48247218411827464
1272,0.11,0.737,0.4830662722657464,0.86,1.94e-06,0.0574,0.0,0.0593,0.39792799200663853
1273,9.54e-06,0.451,0.49213851526008634,0.987,0.102,0.0568,1.0,0.106,0.5831216447357279
1274,0.0425,0.639,0.5007725389477562,0.348,0.736,0.387,1.0,0.0343,0.6139900760385442
1275,0.354,0.534,0.4682265590618375,0.504,0.0,0.0739,1.0,0.102,0.366145065962167
1276,0.934,0.5,0.4090924385987087,0.13,0.879,0.334,0.0,0.0463,0.271016443970262
1277,0.993,0.368,0.5277184008664269,0.00363,0.922,0.137,1.0,0.035,0.2936671239140375
1278,0.219,0.58,0.48895423554774897,0.658,0.0,0.0577,1.0,0.0389,0.3174651560568341
1279,0.07,0.556,0.5364301085462873,0.714,0.0,0.261,0.0,0.158,0.6186091212382936
1280,0.944,0.134,0.46825709494461165,0.0243,0.868,0.111,1.0,0.0367,0.3039932937052279
1281,0.00528,0.597,0.5450858451958278,0.82,0.128,0.158,1.0,0.0284,0.5375662585310504
1282,0.431,0.544,0.5399509942461851,0.757,0.114,0.101,1.0,0.0769,0.5207158461616623
1283,0.297,0.683,0.47405505256442604,0.631,0.0235,0.182,0.0,0.104,0.4564598892445257
1284,0.643,0.599,0.5121355154353924,0.465,1.57e-06,0.149,1.0,0.0314,0.48188792358888377
1285,0.0372,0.719,0.5168386721873128,0.671,8.21e-06,0.12,1.0,0.0336,0.5505046656166911
1286,0.00483,0.636,0.5026630643720233,0.718,6.51e-06,0.292,0.0,0.0313,0.6093625632948907
1287,0.605,0.432,0.4805456593728521,0.444,0.0,0.104,1.0,0.125,0.3505139799149859
1288,0.951,0.18,0.4144895810597129,0.226,0.982,0.0998,0.0,0.042,0.3983090314823282
1289,0.238,0.75,0.43666001444982294,0.493,0.0,0.0933,0.0,0.0624,0.8810902809531067
1290,0.000118,0.473,0.4351587033302122,0.896,0.779,0.364,0.0,0.0714,0.7363291503666446
1291,0.232,0.573,0.48455933422023034,0.462,1.14e-06,0.126,1.0,0.199,0.7285305424308625
1292,0.00658,0.345,0.5876264038787782,0.849,0.875,0.36,0.0,0.0735,0.46575301867940183
1293,0.824,0.473,0.42378811531202687,0.2,0.898,0.101,1.0,0.0306,0.317575234127589
1294,0.0654,0.664,0.5301684235713204,0.705,0.0,0.115,0.0,0.0382,0.5165921522803095
1295,0.00146,0.6,0.5585489870245914,0.39,0.00238,0.11,1.0,0.029,0.4823832749072804
1296,0.244,0.427,0.640534431508712,0.262,0.879,0.227,1.0,0.0429,0.5079806601297228
1297,0.206,0.768,0.4535576281119609,0.933,0.915,0.0833,0.0,0.0385,0.529204558925638
1298,0.872,0.477,0.4481226820365609,0.0629,0.903,0.132,0.0,0.0382,0.5081373096919507
1299,0.618,0.611,0.46726127845805254,0.529,0.224,0.21,1.0,0.0243,0.4488306321868279
1300,0.515,0.736,0.505682245750501,0.74,0.0,0.0468,1.0,0.0786,0.5933250351403071
1301,0.441,0.696,0.4604891448323536,0.678,0.0,0.069,0.0,0.0391,0.6223560094159087
1302,0.181,0.377,0.5198242751576116,0.723,0.0,0.0815,1.0,0.046,0.35622533827837893
1303,0.813,0.635,0.534384875263421,0.274,0.0,0.162,1.0,0.033,0.39384663584480684
1304,0.00493,0.797,0.45411854725063217,0.514,4.47e-06,0.247,0.0,0.19,0.46144727260410845
1305,0.0487,0.769,0.504253868640308,0.596,0.00803,0.204,0.0,0.0524,0.44468153567376245
1306,0.000162,0.407,0.5369333379395131,0.993,0.61,0.358,1.0,0.0485,0.6480169012176328
1307,0.408,0.454,0.5511431058288969,0.913,0.000271,0.248,1.0,0.107,0.5829395925417873
1308,0.768,0.719,0.41115045688858043,0.181,0.94,0.103,0.0,0.0693,0.34727091059967147
1309,0.697,0.292,0.5455204797759867,0.359,1.85e-05,0.108,1.0,0.0328,0.7507917153550441
1310,8.32e-05,0.547,0.46724731431062483,0.643,0.917,0.0681,1.0,0.0323,0.5333832918423682
1311,0.0485,0.696,0.5079812960740697,0.734,0.0,0.183,1.0,0.0298,0.4571923317922403
1312,0.0366,0.765,0.5027926679365855,0.614,0.000269,0.0639,0.0,0.0888,0.4147953394638351
1313,0.0695,0.668,0.5013862670672391,0.87,0.000453,0.408,1.0,0.0309,0.5418931734661043
1314,0.99,0.469,0.5376928453807466,0.0699,1.19e-06,0.0729,1.0,0.0471,0.588752561432031
1315,0.146,0.522,0.4920209686865862,0.765,0.0,0.0866,1.0,0.193,0.7623541465562499
1316,0.888,0.636,0.5196230965729325,0.288,0.184,0.109,1.0,0.0583,0.5930244373317075
1317,0.00269,0.581,0.5151346612277115,0.656,2.78e-06,0.101,0.0,0.0294,0.45738708530203726
1318,0.489,0.516,0.5020420891174915,0.323,4.82e-06,0.189,1.0,0.0716,0.6768150180358684
1319,0.501,0.626,0.4934783074360112,0.652,2.68e-06,0.118,1.0,0.0351,0.5842901657945097
1320,0.851,0.562,0.46966386387654424,0.294,0.946,0.122,1.0,0.0291,0.5712416806381141
1321,0.438,0.692,0.429517832521888,0.729,0.656,0.0939,1.0,0.0554,0.4234407017900388
1322,0.00164,0.504,0.5520561323899473,0.918,2.12e-05,0.78,1.0,0.0517,0.3896382665244119
1323,0.18,0.594,0.46779381670527287,0.601,0.000539,0.106,1.0,0.0391,0.6587029416247523
1324,0.223,0.655,0.4853678621437221,0.689,0.524,0.245,0.0,0.0413,0.33435790614574334
1325,0.102,0.726,0.49002500620998646,0.738,2.17e-05,0.0882,0.0,0.0602,0.49071110433707593
1326,0.725,0.768,0.4602424961761471,0.27,0.931,0.11,1.0,0.0743,0.6776660061982421
1327,0.874,0.615,0.4903340429610219,0.281,0.537,0.108,1.0,0.0273,0.5587689884672052
1328,0.935,0.494,0.5187330524186997,0.267,5.58e-05,0.128,1.0,0.0308,0.4873791258107673
1329,0.12,0.641,0.5451476765834431,0.561,0.0021,0.358,1.0,0.0355,0.47391996477501735
1330,0.217,0.781,0.5376928453807466,0.608,3.63e-05,0.158,1.0,0.0408,0.42768294128605056
1331,0.00567,0.916,0.4128857104002528,0.702,0.271,0.13,1.0,0.0362,0.5337346949143931
1332,0.273,0.666,0.43235398035585026,0.958,0.931,0.0993,1.0,0.0455,0.516490541753459
1333,0.00173,0.613,0.43444893870269863,0.975,0.0294,0.101,1.0,0.0871,0.5252883198699385
1334,0.0772,0.709,0.4720099089169081,0.725,0.0,0.158,0.0,0.0759,0.5925925925925926
1335,0.00382,0.7,0.42709293982427377,0.975,0.427,0.328,0.0,0.0356,0.5335018374570272
1336,0.0214,0.558,0.5318787459622585,0.991,0.0,0.106,0.0,0.0604,0.6520178157123744
1337,0.365,0.863,0.46022305918933615,0.387,0.00238,0.06,0.0,0.256,0.4234322342461346
1338,0.145,0.88,0.3957400129892237,0.712,0.936,0.162,1.0,0.0795,0.5587859235550137
1339,0.0807,0.641,0.42702744698773665,0.555,0.0,0.279,0.0,0.184,0.4826881064878321
1340,0.0338,0.663,0.5048465394852895,0.861,0.0,0.082,0.0,0.109,0.5078959846906805
1341,0.283,0.754,0.4532607242376536,0.632,0.0,0.106,1.0,0.0329,0.5713856288844857
1342,0.000176,0.573,0.4935393429079995,0.879,0.00304,0.349,0.0,0.19,0.5839895679859101
1343,0.601,0.761,0.5029767827473632,0.539,0.0,0.133,1.0,0.0388,0.4485766058697014
1344,0.231,0.767,0.5024358226795851,0.696,0.0,0.228,1.0,0.162,0.4869091771240834
1345,0.0952,0.765,0.40887295736114937,0.955,0.000995,0.342,1.0,0.283,0.7620747176074107
1346,0.00841,0.594,0.4584828520254185,0.462,0.0,0.13,0.0,0.141,0.3336423986858372
1347,0.491,0.822,0.43802744173053876,0.381,0.00557,0.284,1.0,0.131,0.4572770072312825
1348,0.0678,0.588,0.5316391842004844,0.521,0.149,0.123,1.0,0.0329,0.35992142119256887
1349,0.00103,0.615,0.45363354069280315,0.759,2.98e-05,0.571,1.0,0.118,0.5925756575047841
1350,0.235,0.834,0.43788931877031034,0.663,0.0,0.372,1.0,0.133,0.5159951904350624
1351,0.14,0.722,0.4667522124871919,0.65,0.000232,0.357,1.0,0.0455,0.541567173025792
1352,0.0276,0.787,0.504471184082067,0.73,0.00157,0.0828,0.0,0.35,0.6766626022455926
1353,0.476,0.61,0.48836958527130503,0.546,0.0,0.329,1.0,0.0521,0.5917458382021711
1354,0.098,0.723,0.48489726460524896,0.525,0.000598,0.273,0.0,0.09,0.677229927687175
1355,0.0721,0.754,0.4698353100511632,0.534,0.00615,0.218,0.0,0.123,0.6314501515690358
1356,0.956,0.39,0.47572967516399234,0.131,0.944,0.0908,0.0,0.0307,0.32048383545868686
1357,0.816,0.593,0.35354523406366134,0.275,0.0115,0.108,0.0,0.0638,0.4861216955409913
1358,0.305,0.672,0.4904996464382583,0.748,0.0,0.0811,0.0,0.0589,0.6942708597944081
1359,0.101,0.72,0.48709424134112744,0.741,1.41e-05,0.289,0.0,0.0287,0.5076123219698894
1360,0.0442,0.751,0.5289990406786615,0.727,0.0338,0.1,0.0,0.0304,0.5079764263577706
1361,0.447,0.741,0.46314169667725347,0.52,1.97e-06,0.222,1.0,0.0656,0.4360700435231757
1362,0.768,0.629,0.48682938507112894,0.328,2.5e-05,0.103,1.0,0.029,0.3173339091263188
1363,0.854,0.316,0.5238368154243793,0.237,8.3e-06,0.117,1.0,0.0353,0.39449016918152724
1364,0.0481,0.47,0.5256222092553258,0.757,0.235,0.0809,1.0,0.0367,0.58887110704669
1365,0.801,0.682,0.41046776829351006,0.141,0.886,0.112,0.0,0.0616,0.3941599349692628
1366,0.0157,0.609,0.5141317397015861,0.692,0.0,0.0864,1.0,0.0259,0.49517773374654944
1367,0.0444,0.573,0.5369151100278464,0.715,0.0,0.0898,0.0,0.0256,0.4305703737573879
1368,0.00437,0.949,0.5225281462732463,0.79,0.0,0.0816,1.0,0.0756,0.49535978594049007
1369,0.0158,0.43,0.41386980416671393,0.626,0.0,0.38,0.0,0.0491,0.4221155311690291
1370,0.68,0.623,0.42225014326230914,0.387,0.613,0.141,0.0,0.0419,0.6352647800978848
1371,0.364,0.696,0.48798220534968606,0.517,0.0,0.197,0.0,0.0366,0.4754144862741113
1372,0.0118,0.593,0.5258564527892684,0.658,0.0204,0.137,0.0,0.0364,0.5717836034479838
1373,0.0846,0.4,0.4876867535738587,0.915,0.0,0.0503,1.0,0.28,0.37645430066554897
1374,0.0381,0.837,0.5369126794858712,0.839,0.000193,0.301,1.0,0.0468,0.45311944317431285
1375,0.0408,0.694,0.5416792386295488,0.959,0.0825,0.0763,1.0,0.06,0.5292003251536859
1376,0.304,0.509,0.5570852031381728,0.617,7.8e-05,0.164,0.0,0.0249,0.3642102321800539
1377,0.67,0.587,0.5572059882843736,0.415,1.61e-06,0.142,0.0,0.027,0.36438381683009025
1378,0.00314,0.647,0.5010096766180636,0.585,0.0,0.165,1.0,0.0512,0.5585784687293603
1379,0.446,0.603,0.46510981207848867,0.784,8.32e-06,0.119,1.0,0.062,0.7283823604125387
1380,0.0955,0.682,0.46040664639988127,0.677,0.365,0.0557,1.0,0.046,0.48671018984233433
1381,0.684,0.555,0.5068106116849482,0.404,0.000211,0.125,0.0,0.0249,0.37706396382665247
1382,0.389,0.625,0.4535292783650593,0.328,9.27e-05,0.109,0.0,0.0341,0.3893334349438602
1383,0.442,0.541,0.4762556040980095,0.676,0.0,0.159,0.0,0.153,0.38119612525190943
1384,0.479,0.552,0.6123429210736444,0.598,0.0,0.0806,0.0,0.0362,0.5755855306609764
1385,0.985,0.673,0.522431231950244,0.119,0.73,0.114,1.0,0.0656,0.5244373317075649
1386,0.993,0.679,0.41710877324455753,0.13,0.729,0.106,1.0,0.0852,0.5225744720486376
1387,0.689,0.439,0.5737365360506215,0.378,0.208,0.168,1.0,0.033,0.46936442615454954
1388,0.475,0.31,0.48475849665760684,0.0558,0.0447,0.127,0.0,0.0285,0.33837998950024556
1389,0.674,0.28,0.36925664015369075,0.478,5.85e-05,0.483,0.0,0.037,0.4727006384528104
1390,0.48,0.881,0.5051715938043166,0.441,9.08e-06,0.119,0.0,0.0646,0.5843198021981744
1391,0.927,0.311,0.4882198199923278,0.0173,0.964,0.0727,0.0,0.0348,0.4063786008230452
1392,0.97,0.347,0.5109045849150102,0.0213,0.926,0.0803,0.0,0.0356,0.4068697183694897
1393,0.698,0.301,0.6087591602228648,0.308,0.924,0.345,0.0,0.0481,0.5079129197784891
1394,0.903,0.359,0.38605270084459753,0.0535,0.91,0.102,1.0,0.0753,0.7620027434842249
1395,0.623,0.471,0.45821937756541886,0.143,0.869,0.0982,1.0,0.039,0.2653812935020068
1396,0.715,0.74,0.4451803101486971,0.333,0.923,0.131,0.0,0.307,0.6522295043099798
1397,0.0398,0.604,0.5035532295688259,0.56,0.000322,0.485,1.0,0.0786,0.6179782892174296
1398,0.102,0.688,0.47997914685991017,0.5,0.0,0.355,1.0,0.138,0.541524835306271
1399,0.0402,0.713,0.5547584369661198,0.746,0.0,0.601,1.0,0.259,0.5716481227455164
1400,0.52,0.781,0.45873903670027905,0.396,2.67e-05,0.134,1.0,0.0467,0.44461379532252876
1401,0.127,0.719,0.5038295302568598,0.651,0.0,0.0762,1.0,0.0274,0.4443597690054023
1402,0.00189,0.703,0.4843825624586118,0.831,0.118,0.207,0.0,0.0637,0.5588621314501515
1403,0.899,0.902,0.3105456861162603,0.43,0.0,0.0964,1.0,0.0567,0.39815661569205235
1404,0.00531,0.708,0.46482281184082175,0.899,0.246,0.11,1.0,0.181,0.42309776626191803
1405,0.0297,0.461,0.5869121906636994,0.545,0.0471,0.0928,1.0,0.046,0.4444190418127318
1406,0.0207,0.591,0.5137323415204973,0.534,0.0535,0.256,1.0,0.0424,0.44430472997002485
1407,0.0422,0.799,0.6299490035708648,0.858,0.783,0.0625,1.0,0.0588,0.4444444444444444
1408,0.928,0.646,0.5161148965598996,0.11,0.852,0.0971,0.0,0.0354,0.5927492421548205
1409,9e-05,0.581,0.5071959418194965,0.913,0.831,0.543,1.0,0.0547,0.5927238395231079
1410,0.00126,0.487,0.563490764374392,0.704,0.0652,0.0686,1.0,0.0514,0.5163127233314704
1411,0.758,0.711,0.43187486967723676,0.592,0.0,0.156,0.0,0.23,0.5281588172534674
1412,0.0289,0.725,0.5811763121879316,0.918,5.13e-06,0.602,1.0,0.0447,0.457141526528815
1413,0.115,0.568,0.5257406743755846,0.956,0.0,0.199,0.0,0.0416,0.6521786990465546
1414,0.424,0.799,0.5291717972281358,0.828,0.0,0.145,0.0,0.0782,0.44471540584937935
1415,0.697,0.708,0.455461946576023,0.494,0.000115,0.34,0.0,0.0365,0.6050949211671662
1416,0.19,0.505,0.46707499156057763,0.71,0.00025,0.329,1.0,0.0321,0.3807769818286508
1417,0.0183,0.544,0.4926365485952746,0.55,0.0,0.193,1.0,0.0592,0.634523870006266
1418,0.0176,0.532,0.4926182185359025,0.543,0.0,0.217,1.0,0.0568,0.6352266761503158
1419,0.0073,0.678,0.5200238584691617,0.685,0.0,0.252,1.0,0.0827,0.550657081406967
1420,0.017,0.448,0.45783322967007445,0.673,0.000156,0.176,0.0,0.34,0.7668504123693881
1421,0.137,0.463,0.43180432752229514,0.755,0.0,0.0745,1.0,0.0727,0.33653406492912663
1422,0.228,0.653,0.510677119361477,0.816,0.0,0.0967,1.0,0.167,0.7539712780910769
1423,0.0145,0.646,0.4352074218883448,0.708,0.781,0.35,0.0,0.065,0.5419693813612423
1424,0.00928,0.528,0.5415818335090248,0.782,2.21e-05,0.179,0.0,0.0314,0.5093693373300141
1425,0.0312,0.615,0.5585883671993854,0.545,0.624,0.109,1.0,0.0272,0.4909905332859151
1426,3.2e-05,0.465,0.5478561317338215,0.988,0.0114,0.13,0.0,0.106,0.5631636437534928
1427,0.188,0.244,0.6027655814509005,0.108,0.909,0.0509,1.0,0.0451,0.5026461074700672
1428,0.972,0.539,0.3390795752374596,0.3,0.95,0.0737,0.0,0.0476,0.5080822706565733
1429,0.238,0.34,0.5832203001578393,0.96,4.32e-06,0.0378,1.0,0.0802,0.63523514369422
1430,0.343,0.507,0.4678188673324559,0.864,2.57e-05,0.0891,0.0,0.168,0.6353833257125437
1431,0.577,0.448,0.4559026442292957,0.606,0.0,0.217,1.0,0.0609,0.5129214719978323
1432,0.702,0.391,0.41994304385676773,0.396,0.405,0.315,0.0,0.189,0.4196176057172856
1433,0.00189,0.73,0.42650136158340346,0.757,0.833,0.157,1.0,0.0989,0.433445104912869
1434,0.473,0.602,0.47715790519614143,0.694,0.0,0.184,0.0,0.406,0.43164575183322323
1435,0.0321,0.662,0.4771114623035775,0.681,0.139,0.508,0.0,0.0315,0.4149265863943505
1436,0.184,0.716,0.5344681652508636,0.974,0.00147,0.333,0.0,0.17,0.34302020355975543
1437,0.369,0.684,0.5646325698677144,0.52,3.99e-05,0.724,1.0,0.0339,0.3937196226862436
1438,0.127,0.8,0.5906143132250694,0.881,0.00011,0.0976,1.0,0.0502,0.4572389032837135
1439,0.00234,0.355,0.4944198322822553,0.919,0.000313,0.262,1.0,0.356,0.677073278124947
1440,1.66e-06,0.801,0.48416447590373757,0.918,0.75,0.322,0.0,0.0489,0.5419693813612423
1441,0.0333,0.422,0.4523249418185147,0.809,3.64e-05,0.203,1.0,0.246,0.36865992650171886
1442,0.13,0.647,0.46711040242942814,0.608,0.0,0.0584,1.0,0.42,0.5334298633338413
1443,0.957,0.614,0.5762046438740995,0.0595,5.58e-06,0.105,1.0,0.107,0.31896814509983235
1444,0.828,0.257,0.49862880353106,0.381,0.00121,0.135,1.0,0.0368,0.31197395383495063
1445,0.0812,0.71,0.430680806063378,0.894,0.877,0.28,1.0,0.208,0.3918736981151247
1446,0.383,0.472,0.4979490712880761,0.518,0.127,0.289,1.0,0.051,0.6257726633812596
1447,0.111,0.586,0.531689383307572,0.525,0.0,0.134,0.0,0.0615,0.5657547121881826
1448,0.0826,0.598,0.49891815786407445,0.705,1.8e-05,0.133,1.0,0.0333,0.40228454334535724
1449,0.792,0.424,0.49629765937715353,0.356,0.0,0.148,1.0,0.0777,0.5309573405138105
1450,0.929,0.251,0.567965637082867,0.219,0.933,0.0824,1.0,0.0323,0.3810267743738251
1451,0.926,0.272,0.4242091361594382,0.346,0.931,0.0772,0.0,0.0317,0.3377406899354773
1452,0.901,0.735,0.4186844241124421,0.15,0.924,0.137,0.0,0.0829,0.35158512421886906
1453,0.00189,0.761,0.4875865068415981,0.602,0.000121,0.16,1.0,0.0651,0.4402445426679537
1454,0.319,0.814,0.5121828916395454,0.909,0.0,0.345,1.0,0.0753,0.4233941302985656
1455,0.633,0.59,0.5701549347107129,0.859,0.0,0.286,0.0,0.0416,0.6349218445697641
1456,0.613,0.486,0.5720342257111279,0.382,8.56e-05,0.149,1.0,0.0286,0.5331080966654812
1457,0.842,0.655,0.4976579929740037,0.473,0.0323,0.167,1.0,0.0267,0.3935799082118241
1458,0.0576,0.733,0.5820381914666126,0.933,0.0691,0.0615,1.0,0.105,0.5630577994546901
1459,0.306,0.752,0.5734579336044954,0.67,0.000528,0.729,0.0,0.0465,0.4686616200104997
1460,0.356,0.778,0.40843177314491186,0.743,0.0,0.259,0.0,0.0288,0.516333892191231
1461,0.102,0.622,0.5249050298914284,0.779,0.000934,0.145,1.0,0.037,0.4234322342461346
1462,0.0968,0.841,0.47772903529018196,0.541,0.0,0.0982,0.0,0.143,0.614057816389778
1463,0.629,0.664,0.5711832651166882,0.384,0.0,0.146,0.0,0.0751,0.6348329353587697
1464,0.00942,0.735,0.598681643657125,0.938,7.91e-05,0.057,1.0,0.0571,0.46994445291198833
1465,0.00772,0.708,0.4531521638715721,0.782,0.0,0.107,1.0,0.0674,0.5080399329370523
1466,0.731,0.409,0.4355582192095495,0.338,0.0,0.25,1.0,0.0432,0.7791960913817338
1467,0.209,0.504,0.5852873706030142,0.815,0.0513,0.0838,1.0,0.332,0.8212078104624972
1468,0.784,0.826,0.4708848084123125,0.624,1.73e-06,0.112,1.0,0.25,0.49086352012735185
1469,0.277,0.182,0.3995229826236635,0.27,0.962,0.128,0.0,0.057,0.2937856695286965
1470,0.686,0.657,0.43287536156775097,0.821,0.0,0.0736,1.0,0.232,0.71930515334722
1471,0.0158,0.825,0.34731402803885003,0.613,0.391,0.159,1.0,0.0941,0.49557147453809547
1472,0.0253,0.473,0.444696832508924,0.621,0.000366,0.19,0.0,0.0291,0.7327939507866348
1473,0.566,0.713,0.48202612767651787,0.26,0.883,0.294,0.0,0.0474,0.5080356991651002
1474,0.89,0.641,0.4321267223648966,0.161,1.02e-06,0.104,1.0,0.0413,0.3857643651882335
1475,0.953,0.599,0.4010410156958488,0.109,0.94,0.116,1.0,0.0396,0.5670587139494319
1476,0.23,0.688,0.5076770560181014,0.582,0.000157,0.0663,0.0,0.0542,0.36192822909786787
1477,0.978,0.264,0.46706753566215964,0.0689,0.952,0.0822,1.0,0.0372,0.3103608867211976
1478,0.08,0.497,0.49210413964366984,0.478,0.0,0.49,1.0,0.0627,0.3615302545343697
1479,0.799,0.558,0.4921529029044631,0.136,0.0,0.1,0.0,0.0337,0.33979830310420156
1480,0.0512,0.604,0.49222482211584073,0.894,0.000315,0.234,1.0,0.113,0.5417703940794932
1481,0.137,0.68,0.4909745210829599,0.644,5.48e-05,0.112,0.0,0.157,0.4740935494250537
1482,0.186,0.548,0.5391342209092822,0.532,0.000263,0.217,1.0,0.0323,0.3599976290877068
1483,0.000422,0.636,0.4123145525273415,0.892,0.0954,0.156,1.0,0.0386,0.5292341953293027
1484,0.939,0.0,0.3740464213858563,0.0537,0.331,0.0475,1.0,0.0,0.0
1485,0.635,0.247,0.5352109574346477,0.556,0.000436,0.146,1.0,0.0376,0.7147580822706566
1486,0.0191,0.559,0.4687190624427431,0.793,0.0,0.394,0.0,0.028,0.38965096784026826
1487,0.193,0.665,0.4484687623854282,0.707,0.0,0.219,1.0,0.03,0.6136937120018967
1488,0.028,0.849,0.5409724723782174,0.723,0.12,0.235,0.0,0.046,0.4870150214228861
1489,0.164,0.827,0.4852186527036304,0.518,0.375,0.61,0.0,0.343,0.34178817592169214
1490,0.177,0.61,0.5032615270404923,0.86,0.0,0.155,0.0,0.127,0.41912225439888906
1491,0.0123,0.793,0.4744457036649432,0.793,0.0,0.0951,0.0,0.083,0.5247760334637335
1492,0.98,0.175,0.5374725701921905,0.0281,0.0,0.288,0.0,0.0635,0.25528798116818235
1493,0.193,0.856,0.47193484138323427,0.632,0.0,0.0688,0.0,0.074,0.474220562583617
1494,0.019,0.689,0.4604687667432674,0.695,0.0,0.123,1.0,0.0429,0.3177445850056732
1495,0.0286,0.86,0.48539285597690607,0.805,0.00812,0.487,0.0,0.108,0.6353240529052143
1496,0.222,0.621,0.479363126721964,0.747,0.000194,0.147,1.0,0.0337,0.5250512286406205
1497,0.217,0.754,0.46561273253571667,0.631,2.47e-05,0.398,0.0,0.0499,0.4740935494250537
1498,0.598,0.721,0.4361337025454799,0.772,0.000204,0.19,0.0,0.19,0.32569560873173126
1499,0.00173,0.42,0.5253354544911004,0.901,0.0,0.366,1.0,0.0955,0.6179825229893817
1500,0.978,0.304,0.41582165075132727,0.034,0.986,0.0681,1.0,0.0503,0.31768954597029586
1501,0.0084,0.46,0.48914811194517793,0.962,0.00199,0.186,1.0,0.112,0.5929270605768091
1502,0.265,0.74,0.4658410777675217,0.64,7.7e-05,0.125,1.0,0.0399,0.4996655320157835
1503,0.675,0.678,0.48686323800712117,0.357,0.00569,0.124,0.0,0.128,0.47969059594574
1504,0.00168,0.623,0.4841443301443833,0.622,0.181,0.343,1.0,0.0412,0.5299243001574963
1505,0.548,0.593,0.4590682469688694,0.527,3.92e-06,0.462,1.0,0.179,0.39367728496672255
1506,0.237,0.615,0.4506918222353533,0.743,0.00431,0.148,1.0,0.041,0.6868024860708902
1507,0.198,0.846,0.467830927374969,0.419,1.15e-05,0.0415,0.0,0.0499,0.5080187640772917
1508,0.921,0.563,0.45152631326090376,0.133,0.904,0.143,1.0,0.0328,0.2624218869074836
1509,0.00307,0.575,0.49837971729226105,0.881,5.97e-05,0.509,1.0,0.109,0.45706531863367705
1510,0.0916,0.828,0.550814189255044,0.609,1.21e-06,0.291,1.0,0.0694,0.46455062744500325
1511,0.887,0.616,0.38191830323577425,0.274,0.755,0.363,1.0,0.0979,0.5083320632017477
1512,0.161,0.812,0.4996778583773618,0.968,0.0,0.0661,1.0,0.0421,0.5507840945655302
1513,0.0303,0.668,0.4318482753945825,0.82,0.0,0.329,1.0,0.0828,0.5501320936849057
1514,0.161,0.812,0.4996778583773618,0.968,0.0,0.0661,1.0,0.0421,0.5507840945655302
1515,0.519,0.362,0.4944332321217473,0.534,1.02e-06,0.332,1.0,0.0468,0.40111602228657556
1516,0.931,0.321,0.5424252619701875,0.332,7.26e-05,0.0845,1.0,0.0334,0.359455706277837
1517,0.397,0.392,0.5362331411485708,0.476,0.000163,0.309,1.0,0.0249,0.33036545919490595
1518,0.0316,0.206,0.4204336192585796,0.871,6.55e-05,0.0596,1.0,0.419,0.7434503547900896
1519,0.0237,0.627,0.5258740075149113,0.847,0.0,0.212,1.0,0.0352,0.5335272400887399
1520,0.925,0.255,0.5601025990521609,0.161,0.0155,0.147,0.0,0.0327,0.3133287608596251
1521,0.00252,0.609,0.487577465176261,0.726,0.0,0.0745,0.0,0.108,0.3385620416941862
1522,0.000478,0.612,0.5014489477848354,0.89,0.0,0.0672,0.0,0.047,0.5037722908093278
1523,0.0528,0.135,0.515604745523556,0.0277,0.957,0.269,1.0,0.0662,0.3509712272858134
1524,0.583,0.663,0.4384433321442396,0.666,3.85e-06,0.222,1.0,0.125,0.6773315382140256
1525,0.251,0.654,0.4841879761485641,0.525,0.0,0.0954,1.0,0.0367,0.5755812968890243
1526,0.0644,0.828,0.5301430910530711,0.492,0.00428,0.128,1.0,0.0276,0.5086919338176769
1527,0.161,0.653,0.49179363195472003,0.422,0.0,0.207,1.0,0.101,0.3104413283882877
1528,0.887,0.644,0.443618001929432,0.193,0.946,0.0939,0.0,0.0551,0.39816508323595656
1529,0.979,0.667,0.4884358309889303,0.0809,0.869,0.0949,0.0,0.0354,0.5419820826770987
1530,0.127,0.656,0.5269219141839296,0.927,0.0354,0.0811,1.0,0.122,0.4826076648207421
1531,0.0469,0.665,0.518697050625077,0.886,6.24e-05,0.0525,0.0,0.0514,0.5421853037307999
1532,0.222,0.705,0.5376928453807466,0.598,0.00303,0.131,0.0,0.0336,0.4444825483920134
1533,0.0818,0.78,0.4954507655991667,0.332,0.541,0.0809,1.0,0.163,0.5931006452268455
1534,0.00928,0.368,0.5306988693722317,0.754,0.0,0.256,1.0,0.0502,0.7192374129959863
1535,0.343,0.759,0.46643721480900724,0.903,0.0,0.121,0.0,0.0785,0.6554937424850547
1536,0.35,0.883,0.44798341571146016,0.415,0.0,0.063,0.0,0.174,0.3259411675049535
1537,0.361,0.466,0.47017674885936933,0.551,9.32e-05,0.333,1.0,0.131,0.3759335467154397
1538,0.941,0.689,0.3574379701780781,0.283,0.0,0.116,1.0,0.0387,0.6784238513776695
1539,0.626,0.668,0.4686083093860349,0.897,0.229,0.0932,1.0,0.0418,0.5159062812240681
1540,0.108,0.821,0.41714800243466144,0.382,0.866,0.0952,1.0,0.103,0.4446773019018104
1541,0.258,0.557,0.304547197929796,0.675,0.0227,0.671,1.0,0.0339,0.5080949719724297
1542,0.798,0.772,0.47783028315524256,0.51,0.865,0.266,1.0,0.0596,0.3598706159291436
1543,0.0296,0.569,0.4943622792920317,0.422,0.0,0.0613,1.0,0.0302,0.3258310894341987
1544,0.175,0.833,0.4942668385373523,0.917,1.92e-06,0.109,1.0,0.0597,0.465719148503785
1545,0.912,0.666,0.40802686189685056,0.146,0.966,0.144,0.0,0.422,0.7375738793205642
1546,0.964,0.112,0.5760019814333077,0.123,0.696,0.103,0.0,0.0433,0.392119256888347
1547,0.0709,0.592,0.493639961981736,0.65,8.42e-05,0.0832,1.0,0.0344,0.6606462429507697
1548,0.0971,0.348,0.4957434561644569,0.442,5.31e-05,0.112,0.0,0.0637,0.8392479127504275
1549,0.00379,0.751,0.49081101053354415,0.783,0.0,0.036,1.0,0.0859,0.5079467899541059
1550,0.256,0.492,0.5082965552617114,0.594,0.0,0.0759,0.0,0.0377,0.52400548696845
1551,0.0501,0.733,0.5093969914322902,0.716,0.0853,0.27,0.0,0.0295,0.5461269454182119
1552,0.00556,0.339,0.576710202205732,0.75,0.827,0.271,1.0,0.0414,0.5292130264695423
1553,0.0767,0.707,0.4556229740835964,0.642,0.0,0.196,1.0,0.0393,0.3811495537604362
1554,0.000116,0.754,0.4026128518005274,0.866,0.0756,0.48,0.0,0.0445,0.5165498145607885
1555,0.00288,0.755,0.47443055882868723,0.723,0.532,0.137,1.0,0.0329,0.46565140815255124
1556,0.0632,0.634,0.4850576203407462,0.645,0.0,0.28,0.0,0.238,0.6770902132127554
1557,0.000319,0.517,0.410789079561962,0.924,0.673,0.0961,1.0,0.084,0.8465172991921962
1558,0.0691,0.538,0.48844400760901197,0.47,0.0,0.122,0.0,0.058,0.43434689833866785
1559,0.0649,0.404,0.5562620257761717,0.753,0.0,0.281,0.0,0.0656,0.6356881572930955
1560,0.897,0.687,0.4336297347595872,0.17,0.885,0.115,1.0,0.0304,0.5080949719724297
1561,0.476,0.562,0.4503049910206396,0.46,0.0,0.107,1.0,0.259,0.7453767210282986
1562,0.0624,0.545,0.4920633591795125,0.861,0.0,0.131,0.0,0.034,0.44461802909448084
1563,0.469,0.418,0.4495046996130059,0.445,0.0,0.123,1.0,0.227,0.7438144591779708
1564,0.549,0.632,0.46289328872866453,0.686,0.0,0.2,0.0,0.243,0.38082355332012396
1565,0.411,0.574,0.48429452410353657,0.593,1.55e-06,0.0966,0.0,0.0463,0.542231875222273
1566,0.558,0.505,0.5486084629430192,0.42,0.0499,0.218,0.0,0.0266,0.4653804467476164
1567,0.0932,0.344,0.4823260501082287,0.873,0.0,0.153,1.0,0.221,0.7199148165083236
1568,0.755,0.522,0.49243640046874493,0.0534,0.883,0.0933,1.0,0.0368,0.5077308675845484
1569,0.159,0.54,0.5386094779401995,0.752,0.0,0.363,1.0,0.0267,0.35577655845145556
1570,0.0348,0.734,0.49003553278697054,0.639,0.0,0.102,1.0,0.0316,0.513183965858863
1571,0.148,0.214,0.5801593298426919,0.611,0.85,0.0854,1.0,0.0425,0.5004022083354502
1572,0.0347,0.669,0.5144479067388952,0.577,0.00175,0.373,0.0,0.0406,0.528616064624295
1573,0.0573,0.818,0.5126566041283267,0.598,1.32e-06,0.634,0.0,0.113,0.4701688428254501
1574,0.11,0.767,0.4233014378647857,0.617,0.00609,0.0971,1.0,0.0341,0.46579535639892294
1575,0.653,0.479,0.4935195286974716,0.509,2.45e-06,0.21,0.0,0.0488,0.6086766922386492
1576,0.717,0.361,0.6292218199919559,0.63,5.34e-06,0.306,0.0,0.0668,0.4953005131331606
1577,0.888,0.487,0.34640523658885547,0.0533,0.873,0.122,1.0,0.0767,0.29710918051110097
1578,0.00512,0.682,0.3922140865451891,0.746,0.401,0.196,1.0,0.192,0.5503691849142238
1579,0.416,0.686,0.49971983331952874,0.472,0.0908,0.0971,0.0,0.0897,0.42382597503768055
1580,0.00543,0.611,0.502842833602462,0.797,0.00137,0.26,0.0,0.0533,0.508226218902945
1581,0.044,0.769,0.49492668307441234,0.987,0.228,0.0791,1.0,0.23,0.5397635861741943
1582,0.0104,0.588,0.5172134149259455,0.67,3.33e-06,0.338,1.0,0.0473,0.5002582600890786
1583,0.562,0.598,0.4976093005981532,0.553,0.157,0.257,0.0,0.0397,0.5210714830056393
1584,0.0102,0.605,0.45126984278910376,0.619,0.0,0.164,1.0,0.148,0.7028823519449948
1585,0.176,0.58,0.5038079494660388,0.935,0.0,0.514,0.0,0.293,0.5468890243695913
1586,0.000441,0.578,0.4931275059124718,0.73,0.454,0.296,1.0,0.0395,0.5080060627614355
1587,0.849,0.394,0.44206667202392524,0.327,0.0,0.125,1.0,0.114,0.3952564819048587
1588,0.929,0.477,0.5182569159037747,0.0489,0.0,0.0686,1.0,0.0611,0.8471015597215871
1589,0.467,0.407,0.4479415078575879,0.433,0.936,0.0663,0.0,0.0376,0.5077181662686922
1590,0.0781,0.673,0.4963467444156593,0.904,0.000144,0.12,0.0,0.117,0.6347905976392487
1591,0.077,0.58,0.49972975309302603,0.616,0.000552,0.134,1.0,0.0527,0.7203254923876781
1592,0.0715,0.785,0.4956597720556506,0.528,0.0,0.132,0.0,0.0665,0.5037087842300463
1593,0.224,0.77,0.4630624382739421,0.555,1.78e-06,0.0754,1.0,0.0754,0.4235253772290809
1594,0.767,0.688,0.4778922228720901,0.406,2.81e-06,0.126,1.0,0.0428,0.5160332943826313
1595,0.814,0.426,0.5137393446462886,0.307,0.0,0.108,1.0,0.052,0.7343731477247709
1596,0.586,0.63,0.4931290949483276,0.438,4.25e-06,0.104,1.0,0.0525,0.6182365493065082
1597,0.0174,0.333,0.09852007849185473,0.78,0.9,0.878,0.0,0.0701,0.33994225135057327
1598,0.063,0.794,0.48588113374887665,0.669,6.19e-05,0.0997,0.0,0.144,0.4867144236142864
1599,0.371,0.666,0.49329903249434603,0.72,0.0,0.0793,1.0,0.0269,0.4232501820521939
1600,0.787,0.368,0.3964553997946667,0.0741,0.87,0.0983,1.0,0.031,0.3226091889786448
1601,0.237,0.728,0.465370883643762,0.783,0.0,0.434,0.0,0.266,0.32604701180375617
1602,0.227,0.82,0.44171871176014776,0.543,3.31e-06,0.107,1.0,0.206,0.41032447628240953
1603,0.751,0.511,0.43635658004198485,0.304,0.0,0.127,1.0,0.198,0.30982319768328
1604,0.141,0.503,0.5206238343883598,0.829,0.000147,0.143,0.0,0.0592,0.6354891700113464
1605,0.00277,0.566,0.571228577959237,0.834,0.008,0.0625,0.0,0.0298,0.5220071466070552
1606,0.00498,0.752,0.5209008810112215,0.796,0.000245,0.471,1.0,0.0503,0.44451218479567817
1607,0.989,0.252,0.3895389881845286,0.0875,0.873,0.108,0.0,0.0403,0.5748361530254534
1608,0.917,0.342,0.30059105001532993,0.238,0.754,0.568,1.0,0.0335,0.3507637724601602
1609,0.688,0.789,0.4376383936886996,0.297,0.567,0.109,1.0,0.0885,0.6479533946383512
1610,0.0824,0.548,0.5289990406786615,0.329,0.7,0.125,0.0,0.0304,0.38088282612745344
1611,0.786,0.702,0.46022305918933615,0.154,0.858,0.112,1.0,0.0527,0.5586927805720673
1612,0.975,0.0802,0.4687439715309627,0.00761,0.9,0.112,1.0,0.0497,0.731070805602127
1613,0.949,0.163,0.43223173871628906,0.012,0.0438,0.107,0.0,0.0415,0.5538324103710477
1614,0.368,0.334,0.5284623948320393,0.567,2.78e-05,0.0953,1.0,0.0414,0.4680223204457315
1615,0.948,0.481,0.5170453675014413,0.293,7.11e-05,0.11,1.0,0.0294,0.3512548900066047
1616,0.107,0.71,0.5094164079038768,0.831,0.00131,0.159,0.0,0.0392,0.444427509356636
1617,0.884,0.64,0.46037654836019914,0.288,0.848,0.144,0.0,0.0413,0.32181747362360075
1618,0.0158,0.424,0.5647135664313332,0.615,0.000389,0.0844,0.0,0.0325,0.3299590170875036
1619,0.0643,0.488,0.4987677883080135,0.547,1.12e-05,0.109,0.0,0.112,0.40269521922471163
1620,0.707,0.639,0.483527002144571,0.579,0.0,0.119,0.0,0.063,0.5041787329167301
1621,0.0417,0.723,0.5070595747048836,0.848,0.0,0.198,0.0,0.0366,0.45733204626665985
1622,0.0698,0.659,0.47563772848745933,0.571,0.0,0.107,0.0,0.0371,0.5205380277396738
1623,0.847,0.734,0.36793988204351047,0.57,2.14e-05,0.112,0.0,0.133,0.5501913664922352
1624,0.753,0.479,0.4924427834785181,0.231,0.0,0.37,1.0,0.0481,0.4752620704838354
1625,0.747,0.599,0.49122952825268174,0.427,0.105,0.0984,1.0,0.0242,0.3124566038374909
1626,0.0323,0.62,0.5107862568051367,0.864,0.0,0.117,0.0,0.114,0.4151594438517163
1627,0.0191,0.55,0.4909785463709466,0.648,0.0,0.0999,1.0,0.0309,0.6645201442869481
1628,0.271,0.498,0.5221122034767496,0.61,0.0,0.223,1.0,0.0363,0.3383545868685329
1629,0.265,0.495,0.45400146927453333,0.673,0.048,0.213,0.0,0.0394,0.6779327338312249
1630,0.477,0.478,0.4685196528200606,0.672,0.000775,0.16,1.0,0.1,0.5566055309996781
1631,0.97,0.339,0.5235442672353101,0.294,0.528,0.0745,0.0,0.037,0.46377161340581546
1632,0.514,0.681,0.5094444498428241,0.549,0.00185,0.113,0.0,0.0606,0.8468009619129875
1633,0.964,0.414,0.38038350422810896,0.485,0.879,0.0897,0.0,0.0492,0.8257675828549171
1634,0.0842,0.837,0.46803488542798877,0.717,0.0,0.149,0.0,0.0822,0.40214059509898553
1635,0.38,0.645,0.4362913241944528,0.71,0.00127,0.0916,1.0,0.07,0.7026325593998205
1636,0.00953,0.441,0.42413156550357267,0.561,0.00432,0.553,0.0,0.0357,0.5433834611932462
1637,0.787,0.428,0.5268915502553622,0.357,0.00296,0.0809,1.0,0.0281,0.6167547291232706
1638,2.2e-05,0.679,0.6332005384930364,0.796,0.838,0.0769,0.0,0.0396,0.5503649511422717
1639,0.934,0.447,0.5630838810176453,0.449,0.961,0.0697,1.0,0.0376,0.3914884248674829
1640,0.298,0.765,0.48831149592459555,0.948,0.0,0.0784,0.0,0.199,0.7283696590966824
1641,0.663,0.585,0.4727649926514752,0.335,0.888,0.0987,0.0,0.0313,0.5078282443394468
1642,0.608,0.768,0.4466496747770621,0.339,0.000956,0.261,1.0,0.777,0.32273620213720805
1643,0.686,0.702,0.4483193372979746,0.616,0.0,0.145,1.0,0.326,0.34074243424952155
1644,0.0452,0.649,0.5158441205018498,0.73,0.0,0.497,0.0,0.0318,0.40211942623922503
1645,0.511,0.631,0.49213851526008634,0.512,0.0,0.0827,0.0,0.0572,0.4488941387661095
1646,0.295,0.639,0.4865285288927126,0.446,0.0,0.181,1.0,0.0378,0.3217836034479839
1647,0.000262,0.594,0.436581400399503,0.928,0.475,0.18,0.0,0.0649,0.5080018289894833
1648,0.00158,0.701,0.40082441670391367,0.9,0.946,0.626,1.0,0.129,0.4620527019932598
1649,0.281,0.662,0.44154772222287164,0.525,0.0,0.199,0.0,0.0341,0.5670587139494319
1650,0.192,0.292,0.5045526954667459,0.678,0.0,0.146,1.0,0.0724,0.37018408440447764
1651,0.289,0.554,0.4794918719786596,0.515,0.00112,0.128,1.0,0.0259,0.7069975782824434
1652,0.0204,0.761,0.4468512756472858,0.742,3.92e-06,0.109,1.0,0.0368,0.5843113346542702
1653,0.0434,0.537,0.4042915836612715,0.922,0.609,0.284,1.0,0.0432,0.6985723720977493
1654,0.0135,0.626,0.5057410927798389,0.729,0.0,0.133,0.0,0.102,0.6763958746126099
1655,0.139,0.711,0.491722323918389,0.634,0.0,0.103,1.0,0.0668,0.3812088265677658
1656,0.885,0.415,0.5808576762638289,0.338,0.348,0.116,0.0,0.0535,0.5986511202560585
1657,0.226,0.674,0.49665805166170873,0.729,0.0,0.14,1.0,0.0493,0.5248903453064404
1658,0.882,0.331,0.5469192468356465,0.308,0.0493,0.104,1.0,0.033,0.5495944046469882
1659,0.0281,0.468,0.49828813642029335,0.627,7.97e-06,0.11,1.0,0.0476,0.7605632610205083
1660,0.0758,0.693,0.545655310213677,0.728,0.000833,0.103,0.0,0.034,0.48687530694846654
1661,0.0191,0.498,0.44559327945925387,0.66,0.277,0.344,1.0,0.0845,0.443364832596657
1662,0.365,0.701,0.45571092204312036,0.496,2.87e-06,0.259,1.0,0.0299,0.5243780589002354
1663,0.111,0.554,0.45488856106967823,0.978,0.0,0.0731,1.0,0.131,0.5719614218699723
1664,0.61,0.573,0.4738298701112562,0.784,3.89e-05,0.278,0.0,0.0293,0.45720926688004876
1665,0.547,0.395,0.5221966737563366,0.338,0.0,0.0959,1.0,0.0507,0.6247226879371369
1666,0.139,0.703,0.4377243092366676,0.656,0.0,0.0947,0.0,0.078,0.35125065623465257
1667,0.212,0.447,0.460337703980221,0.553,0.0,0.165,1.0,0.0322,0.6345450388660265
1668,0.0341,0.634,0.49228712648560147,0.861,6.67e-06,0.0744,0.0,0.0387,0.5926772680316347
1669,0.32,0.641,0.459593021268202,0.37,0.0,0.206,0.0,0.0565,0.34311758031465395
1670,0.227,0.83,0.5330893508359753,0.546,0.0,0.112,1.0,0.295,0.7746659553929788
1671,0.717,0.604,0.47998861921130453,0.609,0.0,0.179,1.0,0.0676,0.47430100425070704
1672,0.919,0.692,0.458633077994121,0.248,1.28e-05,0.102,0.0,0.0283,0.4238471438974411
1673,0.487,0.704,0.5107213537834672,0.241,0.0887,0.14,1.0,0.032,0.45722196819590505
1674,0.238,0.61,0.45110960085738183,0.719,0.0,0.143,1.0,0.239,0.47305627529678734
1675,0.179,0.45,0.508695734002754,0.483,0.0,0.127,1.0,0.0572,0.5008763907940863
1676,0.795,0.644,0.5159298227181974,0.0904,0.93,0.107,1.0,0.04,0.5505893410557333
1677,0.0455,0.766,0.4112869150617344,0.8,0.0,0.672,1.0,0.321,0.470482141949906
1678,0.942,0.454,0.4466454501071604,0.0834,0.883,0.101,1.0,0.0343,0.6262934173313688
1679,0.0183,0.469,0.4412510610731455,0.777,0.0,0.111,0.0,0.0742,0.5925883588206405
1680,0.335,0.61,0.47861977956408874,0.515,0.0,0.113,0.0,0.111,0.5373672712493014
1681,0.839,0.567,0.5185516041047347,0.267,1.46e-06,0.089,1.0,0.0299,0.46576148622330604
1682,0.565,0.635,0.46245286982621003,0.762,3.13e-05,0.0953,1.0,0.0621,0.6648165083235956
1683,0.0175,0.669,0.48572574201910856,0.574,0.00294,0.146,0.0,0.0286,0.508107673288286
1684,0.721,0.69,0.506258034160644,0.541,4.64e-05,0.112,1.0,0.042,0.5504919643008349
1685,0.471,0.69,0.4977707798361677,0.352,0.0,0.0955,1.0,0.0286,0.5421090958356619
1686,0.79,0.552,0.49793827128565793,0.347,2.15e-06,0.111,1.0,0.0303,0.4818413520974106
1687,0.748,0.719,0.41063772064684523,0.36,2.18e-06,0.0812,1.0,0.398,0.3394807702077935
1688,0.478,0.797,0.5580260341109198,0.78,0.896,0.379,0.0,0.184,0.5249750207454825
1689,0.0324,0.517,0.5044815605184509,0.677,3.37e-05,0.189,0.0,0.0746,0.7365831766837712
1690,0.0306,0.679,0.5419899560762289,0.582,0.000932,0.108,1.0,0.0615,0.6349599485173331
1691,0.0166,0.766,0.46678862702345314,0.881,2.3e-06,0.347,0.0,0.137,0.4742967704787549
1692,0.0711,0.465,0.48542617513759323,0.735,0.0,0.0975,1.0,0.117,0.7364011244898304
1693,0.154,0.699,0.4397805466076876,0.668,3.2e-06,0.362,0.0,0.0336,0.6101077071584615
1694,0.291,0.666,0.5088011508984724,0.714,0.0212,0.128,0.0,0.0617,0.3768819116327118
1695,0.493,0.806,0.4207681032069277,0.493,0.0,0.107,1.0,0.0348,0.46604514894409726
1696,0.00665,0.661,0.49966793545052735,0.761,0.0,0.0572,1.0,0.0302,0.4424122339074328
1697,0.943,0.494,0.43638694887031515,0.06,0.9,0.0839,1.0,0.0372,0.26245999085505256
1698,0.469,0.672,0.4985319818074698,0.578,0.0,0.312,1.0,0.0569,0.4824171450828972
1699,0.0388,0.615,0.5248389615430531,0.871,0.0,0.246,1.0,0.281,0.5044496943216651
1700,0.365,0.733,0.4412554276443241,0.712,0.0,0.0914,1.0,0.0748,0.4149689241138715
1701,0.695,0.556,0.42255277833952487,0.426,0.0,0.349,1.0,0.0405,0.6725304408203355
1702,0.0577,0.617,0.5063606401980549,0.644,2.06e-05,0.0906,1.0,0.0881,0.5929439956646174
1703,0.0392,0.833,0.45718002224828536,0.639,4.24e-05,0.162,0.0,0.0881,0.6223475418720046
1704,0.0472,0.581,0.5295084973869391,0.681,0.0,0.104,1.0,0.0435,0.7452878118173042
1705,0.275,0.455,0.4645381459543285,0.358,0.0,0.0822,1.0,0.0339,0.38389727175735405
1706,0.946,0.618,0.3995539893422073,0.262,0.943,0.0983,0.0,0.0345,0.49120645565547255
1707,0.0184,0.68,0.5000438218109577,0.983,0.0,0.289,1.0,0.333,0.6343418178123253
1708,0.94,0.207,0.3390795752374596,0.279,0.877,0.36,1.0,0.0363,0.49311588680587304
1709,0.24,0.487,0.42969954482072015,0.384,0.0,0.124,1.0,0.0587,0.33081847279378146
1710,0.00696,0.604,0.5214669270832575,0.794,0.121,0.067,0.0,0.0394,0.4487459567477857
1711,0.00437,0.49,0.478460794673343,0.877,5.05e-05,0.3,0.0,0.0496,0.39791529069078224
1712,0.0498,0.708,0.4357649495714564,0.446,3.09e-06,0.108,0.0,0.0921,0.643423258649596
1713,0.458,0.753,0.4481802386749816,0.448,0.0,0.151,1.0,0.177,0.46586733052210877
1714,0.0144,0.746,0.5548379480139038,0.697,0.000746,0.167,0.0,0.0422,0.42326711714000237
1715,0.0183,0.769,0.48552609184446704,0.809,0.0,0.354,1.0,0.106,0.46572338227573706
1716,0.787,0.412,0.5298051596059694,0.227,4.69e-06,0.282,1.0,0.0359,0.3391717048552897
1717,0.0567,0.7,0.48023642725857374,0.394,0.0,0.0801,1.0,0.0328,0.43625209571711626
1718,0.108,0.71,0.4431320274460624,0.698,0.0,0.098,0.0,0.0368,0.389405409067046
1719,0.702,0.617,0.44422263908556725,0.483,0.000216,0.121,1.0,0.0458,0.6138545953360768
1720,0.162,0.55,0.5534771230146087,0.596,0.00481,0.0805,1.0,0.134,0.7016884282545004
1721,0.747,0.607,0.4376484380992207,0.418,5.63e-05,0.116,0.0,0.0659,0.4663838507002659
1722,0.17,0.662,0.4877089310108176,0.84,0.000226,0.155,1.0,0.0509,0.4780521262002743
1723,0.907,0.548,0.3938581999980615,0.106,0.935,0.081,0.0,0.0342,0.5930371386475639
1724,0.428,0.61,0.46539913350617623,0.554,0.000322,0.157,0.0,0.13,0.45224305238022655
1725,0.419,0.752,0.5433479119926155,0.481,3.11e-05,0.366,0.0,0.044,0.5744000745143863
1726,0.094,0.716,0.4891570670556944,0.946,6.63e-05,0.0825,1.0,0.261,0.5924867482937899
1727,0.498,0.558,0.4121228518263207,0.469,0.0472,0.0762,0.0,0.0439,0.5206650408982371
1728,0.0255,0.677,0.5090514237701225,0.591,0.000199,0.187,0.0,0.0396,0.5293358058561534
1729,0.00919,0.518,0.4866434817143179,0.951,0.0,0.148,1.0,0.0529,0.4151975477992853
1730,0.00774,0.466,0.5024725927793487,0.852,2.6e-06,0.0989,1.0,0.0585,0.6944740808481092
1731,0.00612,0.417,0.4926062630406458,0.859,2.41e-06,0.175,0.0,0.0484,0.38983725380616097
1732,0.693,0.718,0.46822563364290404,0.621,2.07e-05,0.13,0.0,0.0388,0.4746227709190672
1733,0.559,0.859,0.44738100527532754,0.551,0.0,0.194,0.0,0.149,0.4320521939406256
1734,0.204,0.62,0.44722742371649127,0.611,0.0,0.34,1.0,0.0359,0.7288099713797016
1735,0.000522,0.516,0.494132653902819,0.789,0.00206,0.289,1.0,0.163,0.42336872766685296
1736,0.961,0.575,0.43615622924184794,0.146,0.883,0.108,1.0,0.0311,0.3896933055597893
1737,0.0242,0.596,0.5247224591429478,0.827,0.0,0.0958,1.0,0.0372,0.4870277227387424
1738,0.0275,0.512,0.5103342531966235,0.662,0.0,0.118,1.0,0.0439,0.7625616013819031
1739,0.393,0.704,0.538681624982305,0.634,3.17e-05,0.0952,0.0,0.0428,0.48234093718775933
1740,0.171,0.673,0.4734350520063475,0.467,1.37e-06,0.104,1.0,0.0267,0.38955359108536974
1741,0.111,0.902,0.4659039810311898,0.582,3.18e-06,0.111,0.0,0.109,0.4530347677352707
1742,0.698,0.504,0.43804970868898807,0.529,2.94e-06,0.105,1.0,0.0679,0.7626716794526579
1743,0.994,0.34,0.3585286860676109,0.00829,0.726,0.362,1.0,0.0386,0.4166285627190977
1744,0.897,0.423,0.5032682472838443,0.196,0.0,0.103,1.0,0.0391,0.4993861030669444
1745,0.293,0.666,0.44553267669818086,0.642,0.0,0.0873,1.0,0.0445,0.6988941387661094
1746,0.433,0.163,0.38772789617324865,0.084,0.95,0.102,0.0,0.0329,0.3007163542142966
1747,0.00711,0.429,0.5324804877257723,0.948,0.0148,0.0812,0.0,0.227,0.49020728547477516
1748,0.877,0.238,0.33867086579799444,0.389,0.888,0.154,1.0,0.04,0.33255431929414553
1749,0.908,0.841,0.35695024918013707,0.508,0.0,0.399,0.0,0.0592,0.4312266084099646
1750,0.101,0.759,0.5068946152506388,0.643,0.0,0.0556,0.0,0.069,0.34927771850497047
1751,0.977,0.731,0.4304780284854912,0.0459,0.967,0.0972,0.0,0.0662,0.5081965824992802
1752,0.128,0.73,0.4692431963185977,0.445,0.00347,0.264,1.0,0.0382,0.516253450524141
1753,0.418,0.348,0.2894375902507216,0.165,0.0,0.162,1.0,0.0439,0.2030982743145523
1754,0.827,0.369,0.5197601679553929,0.403,0.0541,0.106,1.0,0.0259,0.6558070416095108
1755,0.165,0.541,0.6001073000562229,0.779,0.921,0.108,0.0,0.0363,0.5801664719131567
1756,0.63,0.643,0.4533134564957215,0.284,0.91,0.182,0.0,0.0548,0.3514369422005453
1757,0.456,0.669,0.45826758190547157,0.201,0.926,0.169,0.0,0.0934,0.6097436027705804
1758,0.982,0.785,0.3063029016331429,0.0058,0.964,0.111,0.0,0.107,0.28151196463953665
1759,0.991,0.697,0.31112317573325377,0.0113,0.964,0.101,0.0,0.0746,0.2817024843773815
1760,0.0179,0.559,0.48679717698308367,0.6,0.0163,0.204,1.0,0.0248,0.42349997459736827
1761,0.0835,0.371,0.4168884085085358,0.582,0.00547,0.0794,1.0,0.0272,0.6162763128926824
1762,0.217,0.806,0.46980781743784705,0.513,0.0,0.217,1.0,0.0685,0.5291706887500212
1763,0.00493,0.475,0.5554937966976956,0.966,6.29e-05,0.0976,1.0,0.111,0.6348625717624345
1764,0.764,0.692,0.48626109536547135,0.412,8.84e-06,0.116,0.0,0.38,0.36844400413216144
1765,0.453,0.668,0.438420008057536,0.26,0.0,0.0621,1.0,0.0523,0.5055801114328777
1766,0.453,0.668,0.438420008057536,0.26,0.0,0.0621,1.0,0.0523,0.5055801114328777
1767,0.549,0.591,0.43899657894522615,0.298,2.22e-06,0.0797,0.0,0.06,0.5078578807431116
1768,0.921,0.721,0.48106830280318924,0.2,0.0159,0.0983,0.0,0.041,0.6097774729461971
1769,0.417,0.499,0.4661516030715773,0.666,0.461,0.0715,1.0,0.0446,0.7338185235990448
1770,0.718,0.577,0.4433843543891356,0.309,0.824,0.0747,1.0,0.0498,0.32948906840081965
1771,0.964,0.424,0.39574866816743026,0.178,0.791,0.0835,0.0,0.0403,0.40693745872072346
1772,0.933,0.619,0.4640100596957568,0.097,0.96,0.107,0.0,0.0446,0.566910531931108
1773,0.451,0.534,0.4841443301443833,0.767,0.0838,0.11,1.0,0.088,0.6434909990008298
1774,0.202,0.572,0.41071934027509527,0.881,0.687,0.0684,0.0,0.139,0.6787498518179816
1775,0.818,0.585,0.4309728756118587,0.51,5.81e-06,0.28,1.0,0.0705,0.3316059543768734
1776,0.00209,0.542,0.4674882610357194,0.732,7.92e-05,0.496,1.0,0.0521,0.528848922081661
1777,0.899,0.112,0.42519133180741187,0.0644,0.974,0.0907,1.0,0.0374,0.670256905282054
1778,0.163,0.557,0.4689348150689605,0.798,3.59e-05,0.295,1.0,0.0362,0.6137656861250825
1779,0.0361,0.606,0.48008675487249386,0.672,0.00243,0.0919,1.0,0.0269,0.42341106538637396
1780,0.146,0.379,0.4774266638973734,0.689,0.0,0.326,0.0,0.0745,0.7620366136598419
1781,0.317,0.421,0.44599354287332194,0.461,0.0,0.189,1.0,0.0636,0.5924359430303646
1782,0.884,0.355,0.439095057540857,0.0135,7.36e-05,0.121,1.0,0.05,0.5784644955884096
1783,0.161,0.87,0.45136016634597165,0.479,0.000157,0.209,1.0,0.165,0.4405620755643618
1784,0.776,0.532,0.47966193653126865,0.227,7.56e-06,0.086,1.0,0.0416,0.3538163220376297
1785,0.89,0.731,0.4980616573357999,0.233,0.0,0.3,1.0,0.0376,0.4572812410032346
1786,0.0183,0.535,0.5203738881505435,0.8,0.0,0.421,0.0,0.0342,0.47851360734305404
1787,0.366,0.632,0.4861599692446059,0.492,1.01e-05,0.127,1.0,0.0495,0.6604895933885416
1788,0.0181,0.509,0.4426489317009432,0.214,0.832,0.0875,0.0,0.0297,0.5926942031194431
1789,0.0368,0.672,0.5427967062536592,0.82,0.000188,0.184,1.0,0.0459,0.5080738031126691
1790,0.0125,0.564,0.5014731074193159,0.888,0.574,0.428,0.0,0.0394,0.5122440684854951
1791,0.92,0.563,0.4907489464321986,0.459,0.724,0.11,0.0,0.0292,0.3386297820454199
1792,0.873,0.646,0.4973276821982755,0.355,0.0,0.115,1.0,0.0263,0.3598198106657183
1793,0.678,0.613,0.38912940988429434,0.339,0.0,0.166,0.0,0.135,0.45124388219952916
1794,0.989,0.497,0.5249344576776589,0.103,0.945,0.111,0.0,0.0443,0.6557308337143728
1795,0.0226,0.303,0.5304721076266579,0.736,0.0352,0.107,0.0,0.0736,0.723238327490728
1796,0.699,0.515,0.49256401327850763,0.249,0.0,0.0947,1.0,0.0461,0.5937568798794222
1797,0.573,0.556,0.49795987057619184,0.221,0.0,0.0975,1.0,0.0314,0.5167869057901066
1798,0.493,0.706,0.4723233722602429,0.315,3.02e-05,0.126,0.0,0.269,0.549784924384833
1799,0.807,0.503,0.37671655458349007,0.264,0.0,0.24,0.0,0.0632,0.19416501549560533
1800,0.0108,0.492,0.5451488320874285,0.445,0.000379,0.109,1.0,0.0369,0.5464190756829075
1801,0.0448,0.574,0.36166894741214706,0.664,0.0553,0.146,1.0,0.0409,0.6124320479601686
1802,0.201,0.64,0.431352598570774,0.663,0.00806,0.152,1.0,0.0374,0.5621179020813223
1803,0.836,0.442,0.4920105693375325,0.315,0.954,0.084,0.0,0.0483,0.5083193618858913
1804,0.21,0.673,0.30177003782329215,0.559,0.0,0.101,1.0,0.243,0.7823841216616707
1805,0.103,0.797,0.45204315808883244,0.61,0.124,0.138,1.0,0.0369,0.5167488018425376
1806,0.532,0.636,0.5119848101526476,0.659,5.26e-05,0.0795,0.0,0.029,0.38108181340920255
1807,0.407,0.197,0.5933791997221718,0.418,0.165,0.0956,1.0,0.0311,0.443521482158885
1808,0.13,0.826,0.4905174085432402,0.745,1.32e-05,0.178,1.0,0.141,0.50771393249674
1809,0.105,0.629,0.4255330481192354,0.598,0.0,0.17,0.0,0.105,0.33854087283442563
1810,3.84e-05,0.345,0.4384888600466972,0.941,0.633,0.0511,1.0,0.0466,0.7604955206692746
1811,0.33,0.507,0.4445888418211468,0.834,0.759,0.284,1.0,0.0503,0.7330776135074261
1812,0.0136,0.882,0.4613465971170547,0.965,0.388,0.206,1.0,0.13,0.542468966451591
1813,0.149,0.772,0.45064545084884555,0.623,0.0,0.227,1.0,0.0464,0.520546495283578
1814,0.632,0.513,0.5106728379749321,0.448,0.0,0.101,1.0,0.0305,0.41097224339108196
1815,0.0738,0.249,0.6530055126844756,0.834,9.48e-05,0.0924,1.0,0.0577,0.5005292214940135
1816,0.284,0.751,0.4276301791331194,0.711,0.0,0.501,1.0,0.226,0.3157970499077038
1817,0.985,0.577,0.4555229756854289,0.211,0.829,0.172,1.0,0.0423,0.4064802113498958
1818,0.101,0.637,0.5033809568037921,0.478,0.0,0.103,0.0,0.03,0.423330623719284
1819,0.0336,0.631,0.4984312570394489,0.736,0.0124,0.3,0.0,0.0682,0.40259360869786104
1820,0.0114,0.422,0.5115197903677271,0.609,4.76e-06,0.108,0.0,0.0335,0.45445308133922674
1821,0.367,0.543,0.4203666401668902,0.482,8.69e-05,0.0892,1.0,0.0938,0.6559128859083134
1822,0.92,0.392,0.4999950740519221,0.433,0.646,0.0937,1.0,0.0364,0.42444833951464034
1823,0.64,0.509,0.48837694723399006,0.678,0.737,0.132,0.0,0.157,0.5489720401700282
1824,0.995,0.556,0.5154786905304296,0.0179,0.16,0.0684,1.0,0.0383,0.4208835035309658
1825,0.00483,0.516,0.5798606565454048,0.518,0.00895,0.585,1.0,0.04,0.4573616826703246
1826,0.961,0.238,0.48138706413166354,0.182,0.397,0.115,1.0,0.0304,0.36653033920980876
1827,0.042,0.466,0.4658899003161683,0.965,0.0,0.101,0.0,0.0904,0.40232688106487835
1828,0.875,0.691,0.41917004198388286,0.296,0.916,0.0854,0.0,0.0446,0.5842393605310844
1829,0.142,0.744,0.46478312080038364,0.736,1.1e-05,0.11,0.0,0.291,0.4402826466155227
1830,0.00224,0.625,0.6127482283143348,0.881,0.457,0.0716,0.0,0.0538,0.5419820826770987
1831,0.0105,0.564,0.5124555677423595,0.598,0.0901,0.165,1.0,0.0262,0.444584158918864
1832,0.827,0.437,0.4854145142047346,0.308,0.0,0.11,0.0,0.0392,0.49252315873257796
1833,0.066,0.908,0.40528379703981354,0.636,0.0,0.161,1.0,0.0364,0.5335695778082609
1834,0.161,0.388,0.5002204105368109,0.836,0.0,0.936,1.0,0.231,0.32305796880556825
1835,0.987,0.642,0.4643316656540577,0.191,0.818,0.105,1.0,0.0377,0.5334002269301766
1836,0.947,0.218,0.5131879808957271,0.263,0.00028,0.0919,1.0,0.0376,0.722806482751613
1837,0.0447,0.724,0.5924131726956241,0.745,0.763,0.0546,0.0,0.0566,0.42326711714000237
1838,0.98,0.263,0.46499280710338375,0.127,0.849,0.109,0.0,0.0423,0.5945994004978916
1839,0.987,0.289,0.49825734139561595,0.0306,0.911,0.102,0.0,0.0446,0.5318040949042321
1840,0.00313,0.544,0.5069303949481991,0.917,0.0,0.26,0.0,0.259,0.745431760063676
1841,0.039,0.612,0.4208608939429477,0.881,2.93e-05,0.25,0.0,0.0522,0.677073278124947
1842,0.142,0.59,0.4814399883253093,0.538,0.0,0.137,1.0,0.0435,0.6143668817422817
1843,0.235,0.619,0.4731237176172369,0.671,0.000698,0.126,1.0,0.0284,0.5932445934732172
1844,0.487,0.708,0.4422251828904413,0.912,0.0177,0.79,1.0,0.0838,0.4996401293840709
1845,0.659,0.789,0.45628840143335436,0.897,0.00013,0.629,0.0,0.0778,0.5504538603532658
1846,0.0264,0.694,0.4281845793867116,0.954,0.0253,0.0681,1.0,0.0333,0.558641975308642
1847,0.588,0.499,0.4543897244164967,0.532,0.0125,0.117,0.0,0.0406,0.6093286931192737
1848,0.81,0.847,0.40528379703981354,0.448,1.35e-05,0.325,1.0,0.416,0.338595911869803
1849,0.0012,0.674,0.5140387972414953,0.719,0.000118,0.231,1.0,0.029,0.4764771630340903
1850,0.000329,0.426,0.5219038340629552,0.91,0.553,0.106,1.0,0.0365,0.7449787464648004
1851,0.0141,0.745,0.5993239006683773,0.714,0.0222,0.363,1.0,0.0751,0.44032498433504375
1852,0.0735,0.624,0.46294777974713885,0.876,0.0,0.327,1.0,0.1,0.423135870209487
1853,0.742,0.364,0.5478066865415974,0.403,3.39e-06,0.0978,1.0,0.0298,0.5074345035479009
1854,0.0394,0.828,0.42035051146652425,0.434,0.0,0.0806,1.0,0.301,0.48718437230097034
1855,0.00417,0.727,0.503877146738771,0.937,0.0,0.091,0.0,0.286,0.5591415603989907
1856,0.0655,0.647,0.5189319380860526,0.514,0.0,0.398,1.0,0.0593,0.338595911869803
1857,0.299,0.494,0.38172979468092527,0.839,0.0,0.467,1.0,0.127,0.5651281139392708
1858,0.194,0.668,0.380714397205252,0.541,0.0,0.201,1.0,0.296,0.8474444952497079
1859,0.537,0.325,0.5491201277849189,0.458,0.904,0.082,1.0,0.041,0.7621382241866924
1860,0.48,0.567,0.4412095728218295,0.618,0.861,0.094,1.0,0.0389,0.3493412250842521
1861,0.296,0.734,0.4604561504611071,0.355,0.000135,0.124,0.0,0.083,0.8210215244966045
1862,0.903,0.674,0.4473820567058635,0.0708,0.833,0.111,0.0,0.0482,0.5753188030279937
1863,0.456,0.705,0.5029333922642714,0.78,0.00152,0.115,1.0,0.0805,0.6013141628139341
1864,0.0231,0.68,0.47706149953957944,0.64,5.02e-06,0.0893,1.0,0.0334,0.43647648563057795
1865,0.202,0.843,0.46482281184082175,0.797,0.000117,0.0822,0.0,0.0419,0.46560060288912597
1866,0.72,0.498,0.47065156097371097,0.235,0.0,0.144,0.0,0.188,0.5034674592287761
1867,0.177,0.684,0.5255075677744006,0.591,0.0,0.247,1.0,0.0475,0.592571423732832
1868,0.278,0.502,0.4616860094500388,0.793,0.00161,0.122,0.0,0.115,0.7609908719876712
1869,0.608,0.758,0.5470974635953723,0.588,9.3e-05,0.189,0.0,0.091,0.5673847143897441
1870,0.569,0.238,0.5315337158138247,0.537,0.367,0.087,1.0,0.0477,0.4833655100001693
1871,0.552,0.667,0.46932410743077213,0.503,0.0,0.169,0.0,0.0526,0.6097266676827718
1872,0.185,0.601,0.4451547313211761,0.741,2.91e-05,0.415,1.0,0.0478,0.6518315297464817
1873,0.0165,0.791,0.4766129035394857,0.806,0.0973,0.109,0.0,0.0296,0.48680333282528065
1874,0.0211,0.592,0.47773078147502646,0.895,0.0,0.204,0.0,0.0461,0.43646801808667374
1875,0.0965,0.458,0.4865640984836517,0.561,0.0,0.156,1.0,0.0269,0.6345365713221223
1876,0.0658,0.631,0.4835885031511431,0.643,0.0,0.0937,1.0,0.053,0.5508094971972429
1877,0.0134,0.679,0.46648960075496193,0.834,0.00291,0.194,1.0,0.0738,0.43630290098054153
1878,0.154,0.607,0.49590991472834123,0.68,2.76e-06,0.242,1.0,0.0384,0.5926264627682094
1879,0.000736,0.738,0.4612568048836081,0.753,0.0134,0.278,1.0,0.0636,0.49953428508526815
1880,0.016,0.807,0.5109316600152862,0.887,0.000503,0.0811,0.0,0.0361,0.5165836847364054
1881,0.000928,0.494,0.40845045766817045,0.536,0.931,0.188,1.0,0.0588,0.6517172179037748
1882,0.00166,0.588,0.43761160557278056,0.496,0.936,0.186,1.0,0.0417,0.5419270436417213
1883,0.484,0.382,0.4826432150501463,0.586,7.7e-06,0.167,0.0,0.031,0.2885569611678437
1884,0.695,0.484,0.5001641055628485,0.632,0.0243,0.209,1.0,0.0976,0.5350810343951633
1885,0.0026,0.53,0.4887895041924115,0.632,0.0,0.419,0.0,0.0279,0.45736591644227675
1886,0.000306,0.409,0.4921065381773473,0.951,8.11e-06,0.314,1.0,0.157,0.6603287100543617
1887,0.02,0.749,0.550825349825605,0.491,0.00899,0.159,1.0,0.0403,0.5060542938915138
1888,0.996,0.77,0.28738048794904447,0.00746,0.968,0.0931,1.0,0.0749,0.4229411166996901
1889,0.994,0.667,0.2866899250911108,0.0391,0.969,0.113,1.0,0.0831,0.42377093600230314
1890,0.0355,0.736,0.5472144553422993,0.582,0.00113,0.0323,0.0,0.0416,0.5334129282460329
1891,0.843,0.607,0.504550472968643,0.142,0.000197,0.121,1.0,0.0382,0.5032557706311708
1892,0.18,0.758,0.46914752237490864,0.583,5.12e-05,0.107,1.0,0.0421,0.41294941489271625
1893,0.0343,0.819,0.4884521838196545,0.602,0.0017,0.184,0.0,0.0408,0.4657911226269708
1894,0.568,0.851,0.5154017630344492,0.541,0.0,0.13,1.0,0.0505,0.5290479093634101
1895,0.869,0.393,0.5387116768437492,0.276,0.0,0.114,1.0,0.0288,0.6340412200037258
1896,0.833,0.557,0.4509450866357603,0.439,0.000331,0.108,1.0,0.0379,0.5574480516181476
1897,0.279,0.627,0.5216945314064203,0.363,0.0,0.0928,1.0,0.0291,0.42297498687530694
1898,0.278,0.542,0.5068193792942215,0.488,9.48e-05,0.598,1.0,0.0381,0.3387483276600789
1899,0.882,0.234,0.47736804744363837,0.389,0.0806,0.107,1.0,0.0298,0.696633304543684
1900,0.00123,0.636,0.5471842167290446,0.879,0.000156,0.0586,1.0,0.0511,0.5674693898287863
1901,0.23,0.741,0.43591277629832215,0.499,0.0,0.125,1.0,0.0356,0.4401429321411031
1902,0.891,0.44,0.513947200666188,0.317,4.78e-06,0.141,1.0,0.0531,0.7193771274704058
1903,0.177,0.51,0.5595253627874923,0.434,0.516,0.0603,1.0,0.0361,0.5067613338075158
1904,0.308,0.804,0.502742486853351,0.768,0.0,0.0997,1.0,0.237,0.3895281884536571
1905,0.228,0.665,0.47113681468091695,0.498,0.0,0.0757,1.0,0.0832,0.3470295855984013
1906,0.571,0.765,0.41785000120335414,0.327,0.0479,0.0787,1.0,0.277,0.31724076614337243
1907,0.00114,0.467,0.5224484948756034,0.992,0.256,0.302,1.0,0.156,0.6141128554251553
1908,0.0332,0.754,0.4878509594460405,0.449,8.29e-05,0.552,1.0,0.109,0.32671594777218915
1909,0.000661,0.725,0.4115398481472028,0.955,0.0366,0.409,1.0,0.167,0.5420244203966197
1910,0.145,0.808,0.49727889120553836,0.745,0.0,0.292,0.0,0.342,0.7027849751900963
1911,0.615,0.6,0.5085620599678751,0.412,0.0025,0.134,1.0,0.344,0.4786236854138089
1912,0.788,0.372,0.4492543866798102,0.309,0.00355,0.106,1.0,0.0385,0.47432217311046754
1913,0.824,0.285,0.4669435314452157,0.119,0.00952,0.0855,0.0,0.0319,0.337533235109824
1914,0.0535,0.786,0.4890226888008975,0.66,0.0,0.0716,1.0,0.0291,0.4656344730647428
1915,0.84,0.702,0.44145398320236673,0.266,0.908,0.111,0.0,0.0603,0.3598536808413351
1916,0.44,0.484,0.5120980289963404,0.589,0.111,0.131,0.0,0.073,0.4996655320157835
1917,0.039,0.317,0.49309095381898627,0.545,0.0,0.116,0.0,0.0468,0.588553574150282
1918,0.974,0.528,0.42911500045007966,0.197,0.864,0.0919,0.0,0.0295,0.5939135294416501
1919,0.934,0.563,0.40444757061070424,0.0517,8.33e-05,0.0977,1.0,0.0385,0.3917509187285136
1920,0.91,0.601,0.4535576281119609,0.0989,1.35e-06,0.369,1.0,0.0568,0.5265245812799539
1921,0.129,0.664,0.49641917632412236,0.642,0.0,0.114,1.0,0.038,0.49959355789259763
1922,0.0204,0.609,0.4967862931893836,0.506,0.0,0.102,1.0,0.0292,0.327808260935833
1923,0.302,0.48,0.49331728628854,0.587,0.0,0.104,1.0,0.0351,0.35921861504851904
1924,0.00697,0.552,0.48885476421071017,0.669,0.0467,0.0781,1.0,0.0329,0.5338447729851479
1925,0.106,0.697,0.49775301721184384,0.84,0.0,0.748,0.0,0.054,0.5420667581161408
1926,0.904,0.847,0.3729471130954318,0.347,0.0,0.331,1.0,0.0715,0.30427695642601904
1927,0.731,0.758,0.502652571721609,0.301,0.0,0.0738,0.0,0.0491,0.3134176700706193
1928,0.566,0.545,0.46517488339569235,0.454,0.0,0.0541,1.0,0.0302,0.4097613846127792
1929,0.0806,0.817,0.4529358426334984,0.839,1.26e-05,0.119,0.0,0.0761,0.524911514166201
1930,0.328,0.766,0.4516912672465836,0.689,0.0,0.154,1.0,0.124,0.42336872766685296
1931,0.274,0.558,0.462424105548755,0.877,0.0,0.162,1.0,0.145,0.42332638994733185
1932,0.444,0.469,0.5373841344887236,0.449,0.565,0.334,0.0,0.0512,0.3688081085200427
1933,0.00858,0.478,0.5051095879361567,0.579,0.0,0.14,0.0,0.224,0.5887652627478873
1934,0.07,0.594,0.49977934292273973,0.452,0.0,0.163,1.0,0.0418,0.35117868211146674
1935,0.0313,0.483,0.4998563680185275,0.677,6.92e-05,0.148,0.0,0.0377,0.5507544581618656
1936,0.456,0.548,0.4667512786743395,0.653,0.0,0.103,1.0,0.081,0.6353536893088791
1937,0.821,0.739,0.4377410407719331,0.522,0.00124,0.233,0.0,0.151,0.5853740114142492
1938,0.361,0.743,0.5210107644201645,0.674,8.93e-05,0.0696,1.0,0.0323,0.4780182560246575
1939,0.325,0.635,0.4259220221568336,0.649,0.00124,0.103,0.0,0.0417,0.4237285982827821
1940,0.857,0.263,0.4950853406202227,0.112,0.819,0.0857,0.0,0.0486,0.49665532015783503
1941,0.897,0.273,0.5272935759113877,0.175,0.619,0.14,1.0,0.0467,0.3398745109993395
1942,0.0302,0.617,0.4878484975775004,0.689,3.06e-06,0.138,0.0,0.0459,0.507993361445579
1943,0.806,0.771,0.496933064374542,0.518,2.48e-05,0.104,0.0,0.0404,0.3386890548527494
1944,0.064,0.424,0.4360627231314933,0.438,0.0,0.0764,1.0,0.0529,0.741498585920168
1945,0.243,0.566,0.5749290428212537,0.534,8.28e-05,0.116,1.0,0.0356,0.6182704194821249
1946,0.0238,0.577,0.559433810502405,0.61,0.0,0.0773,1.0,0.0371,0.3386848210807973
1947,0.153,0.631,0.586828512727724,0.862,0.00109,0.107,0.0,0.0999,0.6348075327270571
1948,0.765,0.562,0.3979935494093336,0.605,0.0,0.728,1.0,0.0421,0.6775686294433436
1949,0.166,0.691,0.48353879865357907,0.666,2.97e-05,0.111,0.0,0.0361,0.6775389930396789
1950,0.869,0.298,0.5422806809065159,0.295,0.0,0.111,1.0,0.0318,0.7255033954851056
1951,0.0143,0.746,0.4394663074366465,0.402,0.0,0.0876,0.0,0.194,0.617990990533286
1952,0.331,0.598,0.4871123777627546,0.904,0.0,0.264,1.0,0.0507,0.5846458026384866
1953,0.882,0.458,0.524751919848871,0.137,0.0,0.15,1.0,0.0355,0.3421903842571424
1954,0.848,0.597,0.43445235295258366,0.399,0.924,0.109,0.0,0.0454,0.31759216921539735
1955,0.102,0.574,0.4951936418606415,0.803,4.15e-06,0.0861,0.0,0.186,0.41476993683212243
1956,0.379,0.794,0.47974215930660224,0.736,0.0,0.0686,0.0,0.0444,0.3808912936713577
1957,0.679,0.579,0.48727057381108385,0.797,5.22e-06,0.36,1.0,0.0698,0.45746752696912735
1958,0.988,0.172,0.43010561427441973,0.0846,0.96,0.17,0.0,0.0445,0.4964902030517028
1959,0.51,0.648,0.44235751926222844,0.729,0.0,0.349,0.0,0.374,0.8624574505918813
1960,0.129,0.66,0.49722698636959706,0.943,0.0,0.557,0.0,0.277,0.396687496824671
1961,0.00703,0.575,0.49333791855543696,0.765,0.0,0.331,1.0,0.0345,0.41506630086877
1962,0.127,0.786,0.45247686230982564,0.441,0.0,0.118,1.0,0.429,0.40541330081796473
1963,0.0157,0.719,0.45445316927332513,0.898,0.827,0.0771,0.0,0.0751,0.44457145760300765
1964,0.384,0.882,0.4126504636248025,0.66,0.0798,0.119,0.0,0.281,0.5506443800911107
1965,0.0399,0.555,0.42360942989644657,0.588,0.0,0.259,1.0,0.33,0.5922496570644719
1966,0.0671,0.848,0.46194972361254916,0.384,0.0,0.0852,1.0,0.0617,0.41695456315941
1967,0.389,0.786,0.4166410941013867,0.969,0.0,0.652,0.0,0.316,0.4126742197158292
1968,0.12,0.81,0.4470705372891106,0.511,0.0,0.0832,0.0,0.164,0.6433089468068892
1969,0.072,0.793,0.4772043348824906,0.593,2.31e-05,0.0851,0.0,0.0291,0.4401344645971989
1970,0.000282,0.908,0.4687439715309627,0.621,5.39e-05,0.0958,0.0,0.102,0.6351123643076089
1971,0.00794,0.901,0.44895787738885073,0.934,7.68e-05,0.194,1.0,0.273,0.6352224423783638
1972,0.267,0.853,0.43211171451378894,0.706,0.149,0.323,0.0,0.255,0.4742967704787549
1973,0.718,0.415,0.5679053376262089,0.904,0.0,0.0739,0.0,0.104,0.3541465562498941
1974,0.86,0.548,0.5011564838189249,0.364,0.0,0.385,1.0,0.0547,0.4934715236498501
1975,0.597,0.72,0.45004969666408634,0.49,0.0,0.0827,1.0,0.0477,0.4609730901454724
1976,0.889,0.674,0.4257576616228076,0.147,0.855,0.151,0.0,0.03,0.46599010990871986
1977,0.599,0.494,0.5784848602630026,0.899,3.43e-05,0.111,0.0,0.165,0.3382572101136344
1978,0.855,0.507,0.47068802785665187,0.204,0.0,0.143,1.0,0.0504,0.3292392758556453
1979,0.889,0.674,0.4579397085281167,0.328,3.16e-05,0.0863,1.0,0.0301,0.539437585733882
1980,0.621,0.102,0.616040324467023,0.432,0.828,0.0983,1.0,0.041,0.2654956053447137
1981,0.922,0.612,0.4210944929888967,0.301,7.78e-06,0.165,0.0,0.0622,0.5723720977493268
1982,0.0654,0.421,0.49074652787279516,0.873,0.0,0.123,1.0,0.0564,0.3589645887313926
1983,0.899,0.752,0.5258512510266038,0.335,0.0,0.85,1.0,0.0486,0.517908855357415
1984,0.00865,0.315,0.5260988011699657,0.85,0.883,0.109,1.0,0.0572,0.39662822401734155
1985,0.557,0.665,0.47185340383330576,0.685,0.00145,0.107,0.0,0.257,0.7453428508526816
1986,0.918,0.527,0.5805937630787694,0.211,9.69e-05,0.104,1.0,0.0467,0.47846280207962877
1987,0.00609,0.636,0.4830882412882096,0.836,0.000157,0.0828,1.0,0.0427,0.5925417873291672
1988,0.324,0.565,0.5137211358944374,0.603,4.87e-05,0.195,1.0,0.0329,0.44031228301918746
1989,0.354,0.616,0.447668844313426,0.557,1.53e-06,0.345,0.0,0.0413,0.6770224728615217
1990,0.00506,0.665,0.4882828527246301,0.834,0.00195,0.153,0.0,0.0278,0.5082600890785619
1991,0.705,0.647,0.5170762463237772,0.31,0.000723,0.1,1.0,0.0372,0.44020220494843265
1992,0.0255,0.469,0.4977970340896234,0.893,0.0,0.0967,1.0,0.0749,0.6941353790919406
1993,0.536,0.522,0.4947183091659404,0.385,0.0,0.135,1.0,0.0288,0.38015885112364306
1994,0.191,0.687,0.49996002760848235,0.792,0.0,0.167,1.0,0.0452,0.4234407017900388
1995,0.341,0.667,0.3900730450373331,0.457,0.0,0.114,0.0,0.439,0.4132330776135074
1996,0.885,0.502,0.5104028840511452,0.168,0.0,0.111,1.0,0.0486,0.4779124117258548
1997,0.00154,0.765,0.48979487147276757,0.462,0.000136,0.19,1.0,0.0357,0.4997163372792088
1998,0.969,0.467,0.5391887598110241,0.119,1.4e-06,0.0973,1.0,0.0401,0.29847668885163164
1999,0.0146,0.709,0.47464423832005087,0.459,0.0,0.586,1.0,0.0422,0.5373715050212535
2000,0.219,0.647,0.5134316242337587,0.822,0.0,0.0908,0.0,0.183,0.6774839540043015
2001,0.0307,0.652,0.4986003777088839,0.876,0.0,0.449,1.0,0.0359,0.5334849023692187
2002,0.842,0.684,0.5374344154551896,0.339,0.0,0.0652,0.0,0.039,0.46093921996985554
2003,0.0982,0.562,0.5156642761311501,0.896,0.0,0.148,1.0,0.146,0.5510592897424172
2004,0.22,0.824,0.4530963337158571,0.783,0.0,0.234,0.0,0.0507,0.4827685481549222
2005,0.845,0.407,0.5373859521427882,0.317,2.66e-06,0.139,1.0,0.0429,0.346741689105658
2006,0.0899,0.906,0.45201147806845365,0.833,0.0,0.154,0.0,0.0729,0.4403842571423732
2007,0.0427,0.817,0.5077003115399963,0.716,0.00263,0.358,0.0,0.144,0.5227607580145303
2008,0.097,0.458,0.45728099042788806,0.94,0.0415,0.301,1.0,0.299,0.6330632186827888
2009,0.162,0.721,0.4763859417610472,0.751,6.59e-06,0.118,0.0,0.125,0.5931302816305102
2010,0.475,0.653,0.5595814330554463,0.76,0.000129,0.0917,1.0,0.0479,0.41494352148215885
2011,0.0202,0.211,0.520483454702152,0.771,0.0,0.157,1.0,0.0641,0.7291148029602533
2012,0.261,0.592,0.5689009390187221,0.672,0.0,0.109,1.0,0.0294,0.4527934427340005
2013,0.988,0.685,0.5029820187501008,0.0685,6.63e-05,0.12,0.0,0.0448,0.4239064167047706
2014,0.665,0.779,0.46772421145771226,0.42,0.0,0.0862,1.0,0.221,0.44486782163965516
2015,0.00123,0.644,0.48023900661420416,0.928,0.0,0.0793,0.0,0.0939,0.40245812799539366
2016,0.108,0.657,0.4770378276300531,0.768,0.0,0.144,1.0,0.0507,0.3176387407068706
2017,0.4,0.764,0.48531869644143333,0.481,0.0,0.0898,0.0,0.0455,0.4016240749208284
2018,0.302,0.529,0.4857689673994092,0.434,0.0,0.111,1.0,0.223,0.6857144066791986
2019,0.659,0.683,0.44681646186633794,0.628,0.0,0.106,1.0,0.123,0.6014496435164016
2020,0.234,0.533,0.531689383307572,0.84,0.0,0.114,0.0,0.167,0.4948517333062372
2021,0.291,0.701,0.4524727857532145,0.65,0.0,0.112,1.0,0.104,0.3810521770055378
2022,0.0673,0.569,0.5000156412875878,0.865,0.0,0.312,0.0,0.266,0.347215871564294
2023,0.572,0.651,0.4870051787683589,0.661,0.0,0.121,0.0,0.0322,0.4109129705837524
2024,0.0693,0.755,0.4877696981791262,0.689,0.0,0.394,1.0,0.0305,0.5927831123304375
2025,0.547,0.582,0.45956082116041763,0.527,0.0,0.498,1.0,0.0372,0.4272976680384088
2026,0.856,0.434,0.45038346289375175,0.271,0.0,0.109,1.0,0.0353,0.7087842300462328
2027,0.0664,0.741,0.4523922528983353,0.697,2.28e-05,0.133,1.0,0.0277,0.491579027587258
2028,0.876,0.519,0.4098232426472963,0.227,0.753,0.105,0.0,0.0339,0.6774839540043015
2029,0.00475,0.527,0.4730051289031292,0.922,0.000162,0.422,0.0,0.0728,0.40633626310352416
2030,0.168,0.734,0.45829512085456003,0.874,1.14e-05,0.0489,1.0,0.0662,0.5205549628274823
2031,0.434,0.556,0.49511124527868056,0.443,0.0,0.192,0.0,0.0332,0.3638334264763163
2032,0.967,0.778,0.4755722733487817,0.134,0.00352,0.0936,1.0,0.0506,0.4914477806567427
2033,0.0433,0.491,0.49510967541636575,0.85,0.0,0.122,1.0,0.0641,0.7290301275212111
2034,0.152,0.688,0.5767825692082105,0.782,0.0,0.803,1.0,0.158,0.6195024471201883
2035,0.952,0.445,0.48294200716229585,0.179,0.00056,0.107,1.0,0.0396,0.3058730884519636
2036,0.543,0.572,0.47819199290446757,0.621,2.19e-06,0.124,1.0,0.0336,0.6773569408457383
2037,0.977,0.706,0.43730769937383807,0.122,0.838,0.105,1.0,0.0551,0.44891530762587
2038,0.133,0.697,0.48097845870339473,0.836,4.46e-06,0.0754,1.0,0.0437,0.5164228014022253
2039,0.538,0.704,0.4749704500875329,0.668,0.137,0.0849,1.0,0.129,0.47056258361699604
2040,0.0474,0.627,0.5567147754750899,0.859,0.852,0.109,1.0,0.0328,0.49119798811156834
2041,0.0738,0.504,0.4973098713033184,0.785,0.0,0.239,1.0,0.104,0.7365408389642499
2042,0.0639,0.553,0.46229652285421485,0.892,0.0,0.426,1.0,0.0667,0.3260427780318041
2043,0.88,0.597,0.48202612767651787,0.413,0.682,0.109,1.0,0.0333,0.3518306829920913
2044,0.199,0.256,0.5443060345471546,0.641,0.0329,0.0853,1.0,0.0552,0.8594811089095497
2045,0.561,0.61,0.4517342713287109,0.532,0.481,0.111,0.0,0.0324,0.388617927483954
2046,0.00369,0.8,0.5375960577226442,0.545,0.000461,0.0445,0.0,0.127,0.5078578807431116
2047,0.289,0.668,0.43097055042809607,0.589,0.0,0.279,1.0,0.1,0.3854976375552507
2048,0.0198,0.645,0.5128045779765786,0.732,7.98e-05,0.134,1.0,0.0315,0.37252536029399314
2049,0.198,0.795,0.4640651286610109,0.792,5.85e-06,0.119,0.0,0.118,0.4402445426679537
2050,0.592,0.511,0.49388135325338256,0.346,5e-06,0.134,1.0,0.137,0.555576724415316
2051,0.44,0.761,0.5176461118614393,0.525,6.7e-06,0.0921,1.0,0.0944,0.34238513776693935
2052,0.476,0.655,0.46717002443418165,0.716,0.0,0.479,0.0,0.0897,0.3421438127656692
2053,0.649,0.633,0.5329362581955062,0.55,0.000363,0.147,1.0,0.0924,0.6227836203830717
2054,0.0841,0.732,0.485326197251291,0.396,3.58e-05,0.105,0.0,0.0286,0.38114108621653203
2055,0.584,0.357,0.4870835234177382,0.425,0.0,0.322,1.0,0.0333,0.4321749733272367
2056,0.145,0.798,0.44536883035441455,0.575,2.23e-06,0.0601,0.0,0.0351,0.48683720300089756
2057,0.154,0.526,0.5062191736152397,0.321,0.000278,0.171,1.0,0.0426,0.5840954122847127
2058,0.857,0.552,0.48184488779015044,0.371,0.0,0.0838,0.0,0.0359,0.8460896882250334
2059,0.0235,0.575,0.4738638460856188,0.653,0.00092,0.146,0.0,0.0393,0.4022210367660756
2060,0.0617,0.55,0.49291443511087407,0.716,0.00516,0.134,0.0,0.0399,0.31758370167149313
2061,0.0124,0.665,0.49979307282856267,0.738,0.00598,0.0923,0.0,0.0379,0.5293781435756745
2062,0.392,0.72,0.4588439465429399,0.397,1.03e-06,0.112,1.0,0.0423,0.41076055479347656
2063,0.0484,0.59,0.4619641482299073,0.671,0.0,0.0604,1.0,0.0706,0.6349895849209978
2064,0.0141,0.61,0.4852670148306344,0.861,0.0,0.35,1.0,0.115,0.5842986333384138
2065,0.00397,0.613,0.5148935477687675,0.873,0.00111,0.367,0.0,0.0449,0.5503437822825111
2066,0.0519,0.682,0.4331750058035708,0.76,0.0,0.507,1.0,0.148,0.614057816389778
2067,0.312,0.584,0.499412785564433,0.684,9.05e-05,0.112,0.0,0.567,0.8897864485427356
2068,0.129,0.613,0.5056896027891193,0.55,0.0,0.0631,0.0,0.0255,0.41926620264526065
2069,0.962,0.572,0.4299711497933758,0.32,0.00598,0.165,1.0,0.0299,0.5117571847110027
2070,0.000703,0.353,0.4075806991942612,0.862,0.0,0.328,1.0,0.124,0.305691036258023
2071,0.722,0.62,0.4382421912493222,0.406,6.73e-06,0.114,1.0,0.0281,0.42968128164744535
2072,0.274,0.247,0.432899491226576,0.449,0.0,0.111,1.0,0.032,0.7622652373452556
2073,0.198,0.592,0.4814331603609425,0.545,0.0,0.172,1.0,0.0852,0.5832613592101475
2074,0.205,0.811,0.44476202002973353,0.641,0.0,0.547,0.0,0.256,0.571436434147911
2075,0.133,0.743,0.4881076106484534,0.631,0.0,0.0639,1.0,0.103,0.592414774170604
2076,0.925,0.51,0.4763850614501841,0.185,0.0,0.122,1.0,0.0644,0.33485749123609204
2077,0.0568,0.546,0.4803309769984254,0.721,7.19e-05,0.116,1.0,0.0277,0.6137910887567951
2078,0.6,0.51,0.5300924142227759,0.527,0.317,0.545,1.0,0.0292,0.609294822943657
2079,0.0623,0.791,0.4484854727735059,0.565,0.0,0.156,0.0,0.0439,0.42321207810462497
2080,0.0492,0.557,0.5175968751089033,0.533,0.0,0.205,0.0,0.0252,0.6096377584717777
2081,0.99,0.0685,0.4644036792626496,0.00342,0.91,0.106,1.0,0.0418,0.31179190164101
2082,0.245,0.34,0.48055681513956006,0.523,1.07e-05,0.108,1.0,0.0265,0.7396611288929533
2083,0.0786,0.439,0.5320334589478191,0.423,0.0246,0.0859,1.0,0.0287,0.3392140425748107
2084,0.509,0.757,0.46092327263753496,0.274,0.0,0.194,1.0,0.0372,0.3726142695049874
2085,0.0106,0.386,0.5506450132208767,0.491,0.823,0.104,1.0,0.0343,0.6041804264255111
2086,0.218,0.758,0.47239284889988076,0.594,5.32e-06,0.0798,0.0,0.426,0.38893122660840995
2087,0.805,0.777,0.46864523541926895,0.36,0.0,0.0756,1.0,0.0401,0.5968009619129875
2088,0.214,0.491,0.4688260523693297,0.445,0.0,0.0684,1.0,0.0688,0.3366737794035462
2089,0.918,0.592,0.4947434854195718,0.211,0.917,0.225,0.0,0.0314,0.4149731578858236
2090,0.0622,0.715,0.49335934161198347,0.639,0.0,0.157,0.0,0.0752,0.6350488577283273
2091,0.0922,0.708,0.4859807725254277,0.552,0.0,0.0541,0.0,0.21,0.6258954427678708
2092,0.00939,0.388,0.4898564886180723,0.631,0.00474,0.372,0.0,0.0391,0.47432217311046754
2093,0.394,0.891,0.5536784892428743,0.913,0.000173,0.373,1.0,0.149,0.550580873511829
2094,0.577,0.488,0.5117014191042628,0.487,0.0,0.193,1.0,0.0305,0.3271774289149689
2095,0.241,0.529,0.512286081748583,0.931,0.0,0.411,1.0,0.102,0.6988009957831631
2096,0.103,0.817,0.5154378056531019,0.488,0.00117,0.153,1.0,0.0682,0.4741782248640959
2097,0.00219,0.604,0.5315104785003135,0.854,0.859,0.0631,0.0,0.0422,0.4656344730647428
2098,0.061,0.574,0.49540924558308075,0.913,0.00158,0.156,0.0,0.133,0.489965960473505
2099,0.319,0.592,0.5665259538157961,0.769,4.66e-06,0.137,1.0,0.0311,0.43198445358939186
2100,0.528,0.642,0.46016862331375585,0.628,0.00191,0.0865,1.0,0.0293,0.6217886839743264
2101,0.891,0.519,0.5564643013154797,0.241,0.0,0.323,1.0,0.119,0.4231528052972955
2102,0.148,0.808,0.42668049248095574,0.764,0.0,0.125,1.0,0.0667,0.4655032261342275
2103,0.327,0.324,0.49989448581199625,0.526,0.00206,0.344,0.0,0.099,0.3430498399634202
2104,0.424,0.676,0.4907707118548923,0.543,0.0,0.103,1.0,0.0414,0.5585615336415519
2105,0.00226,0.639,0.49466558380893244,0.914,0.0,0.513,1.0,0.0931,0.508348998289556
2106,0.16,0.765,0.49213531783360587,0.453,0.0,0.379,0.0,0.105,0.6264119629460277
2107,0.965,0.594,0.4547780634110763,0.399,0.752,0.112,1.0,0.0556,0.41235668681942117
2108,0.000724,0.541,0.5184611444464702,0.991,0.0355,0.27,0.0,0.213,0.6350573252722315
2109,0.0398,0.801,0.46430038669492,0.898,3.17e-06,0.108,1.0,0.269,0.593159918034175
2110,0.158,0.783,0.45247074743674176,0.649,0.0,0.781,0.0,0.271,0.5504750292130265
2111,0.794,0.685,0.45542291600772167,0.466,2.06e-06,0.0915,1.0,0.0304,0.3384307947636709
2112,0.994,0.646,0.3163034380411869,0.00669,0.964,0.0833,1.0,0.0503,0.2498306491219157
2113,0.995,0.689,0.3118216783288472,0.0195,0.966,0.0978,0.0,0.0563,0.4996104929804061
2114,0.0526,0.715,0.517606450084763,0.715,0.0,0.0936,1.0,0.0904,0.5712332130942098
2115,0.162,0.397,0.5114644101808694,0.441,0.0853,0.166,0.0,0.0328,0.5023243408017071
2116,0.469,0.618,0.4877524557403312,0.443,0.0,0.0829,1.0,0.0526,0.5078367118833511
2117,0.706,0.557,0.47918150114221314,0.153,0.904,0.0727,1.0,0.0396,0.3215168758150011
2118,0.0106,0.658,0.4629343976728486,0.634,0.0,0.132,0.0,0.0413,0.5926433978560178
2119,0.17,0.622,0.4360818793465506,0.802,0.0,0.263,0.0,0.167,0.5286245321681993
2120,0.00736,0.784,0.41076408211046767,0.871,0.234,0.0833,0.0,0.239,0.5499796778946299
2121,0.0817,0.284,0.4457898178018125,0.457,0.0,0.413,1.0,0.0382,0.3678301071991058
2122,0.102,0.467,0.503773712015255,0.795,0.0,0.264,1.0,0.0687,0.6936484953174481
2123,0.264,0.439,0.49226636100377985,0.655,1.14e-06,0.105,0.0,0.0625,0.369489745804332
2124,0.00783,0.473,0.5154031494361386,0.898,0.0618,0.173,0.0,0.0561,0.4087960846076987
2125,0.241,0.608,0.5338582404367513,0.776,0.0,0.0713,1.0,0.0511,0.38102254060187296
2126,0.0144,0.813,0.46342499334440834,0.702,0.0,0.211,0.0,0.103,0.5252417483784654
2127,0.0381,0.7,0.49478517505247455,0.724,1.84e-06,0.139,1.0,0.0375,0.5420413554844281
2128,0.152,0.356,0.4834932931362532,0.684,0.0,0.101,1.0,0.0878,0.369134108960355
2129,0.023,0.715,0.42845044940891586,0.769,0.000732,0.127,1.0,0.105,0.6597359819810665
2130,0.907,0.496,0.45213101243214737,0.174,0.0721,0.114,1.0,0.0372,0.5842308929871801
2131,0.499,0.512,0.4668492998762259,0.524,0.000135,0.074,1.0,0.0377,0.25404748598621485
2132,0.642,0.489,0.3922509338315505,0.275,2.17e-05,0.118,1.0,0.0553,0.5356779962404105
2133,0.331,0.405,0.44840190372627875,0.646,0.0,0.103,0.0,0.0476,0.5513133160595437
2134,0.675,0.405,0.5322718182042139,0.661,0.0,0.601,0.0,0.163,0.3343960100933123
2135,0.0344,0.703,0.448429068358404,0.661,0.00932,0.198,1.0,0.0787,0.4107266846178597
2136,0.00608,0.604,0.4977120785889291,0.736,0.109,0.11,0.0,0.0555,0.49963589561211874
2137,0.0655,0.466,0.517825153724687,0.612,4.07e-06,0.132,0.0,0.0307,0.5424054598723095
2138,0.782,0.682,0.4473589236699296,0.529,0.000294,0.102,1.0,0.0469,0.5376678690579011
2139,0.967,0.205,0.37834222119065175,0.172,0.958,0.117,1.0,0.0363,0.2587554403969584
2140,0.404,0.585,0.49017797969733157,0.515,0.0,0.0886,0.0,0.0434,0.6852317566766583
2141,0.935,0.368,0.5258427978088172,0.321,0.0,0.0803,0.0,0.0405,0.5749546986401124
2142,0.914,0.6,0.5070165261405819,0.181,0.0,0.119,1.0,0.0331,0.5077096987247879
2143,0.94,0.471,0.4812418613428804,0.0775,0.00675,0.106,1.0,0.0562,0.5589425731172416
2144,0.225,0.79,0.5299485330255549,0.607,0.0,0.0651,1.0,0.466,0.7790944808548832
2145,0.0168,0.557,0.46781608411921916,0.785,0.0,0.307,1.0,0.0373,0.42367779301935676
2146,0.742,0.0972,0.4557828442464018,0.278,0.925,0.121,0.0,0.0366,0.3762680146996562
2147,0.00797,0.73,0.5279438810869155,0.656,0.00271,0.108,1.0,0.0294,0.5547934766041761
2148,0.261,0.547,0.4648861085353715,0.82,0.0,0.3,1.0,0.0805,0.5004657149147318
2149,0.261,0.547,0.4648861085353715,0.82,0.0,0.3,1.0,0.0805,0.5004657149147318
2150,0.454,0.734,0.4643638861946078,0.62,9.1e-05,0.22,1.0,0.0454,0.5009907026367931
2151,0.272,0.622,0.4881780576400896,0.557,0.0,0.098,1.0,0.0355,0.6646302223577029
2152,0.0666,0.793,0.39474594899769766,0.978,0.474,0.103,1.0,0.0296,0.5422572778539857
2153,0.488,0.773,0.47159706299785853,0.699,3.6e-06,0.0814,0.0,0.0958,0.4442962624261207
2154,0.661,0.592,0.3923864602862339,0.457,0.000331,0.146,0.0,0.0603,0.6183000558857897
2155,0.117,0.654,0.47255334416668826,0.636,0.00179,0.0919,1.0,0.0391,0.4826245999085505
2156,0.0552,0.63,0.47552272228276427,0.764,0.0,0.367,0.0,0.21,0.5939601009331233
2157,0.0973,0.725,0.4741059436534585,0.761,0.0,0.556,0.0,0.113,0.45535064099307354
2158,0.0279,0.707,0.4919361546706633,0.768,0.000292,0.169,1.0,0.0323,0.5926645667157785
2159,0.0512,0.737,0.4522565824798912,0.95,2.34e-06,0.507,0.0,0.295,0.5714830056393843
2160,0.0802,0.563,0.4169289576809949,0.824,0.0,0.221,1.0,0.189,0.5727489034530644
2161,0.00258,0.891,0.5359094281785821,0.628,0.00019,0.0504,1.0,0.0551,0.5714152652881506
2162,0.993,0.559,0.4877943270764571,0.114,0.954,0.0795,1.0,0.125,0.5247209944283561
2163,0.832,0.72,0.5098085574764721,0.408,2.61e-06,0.0992,1.0,0.0498,0.5164016325424647
2164,0.821,0.462,0.4999569797361345,0.309,0.0,0.0976,1.0,0.0308,0.41772934342664564
2165,0.171,0.774,0.42961164476618485,0.716,3.6e-06,0.111,1.0,0.0449,0.4151298074480516
2166,0.00305,0.436,0.5490123935504623,0.763,0.128,0.0869,1.0,0.0636,0.3381555995867838
2167,0.076,0.594,0.5192030638374234,0.5,9.86e-05,0.184,0.0,0.0255,0.44452911988348653
2168,0.384,0.707,0.4199156772894874,0.579,0.72,0.408,0.0,0.0293,0.4067046012633575
2169,0.345,0.402,0.4470283944490441,0.351,0.00012,0.195,0.0,0.0971,0.8456282070822537
2170,0.914,0.588,0.47018680726995354,0.241,0.903,0.1,1.0,0.0323,0.5163931649985605
2171,0.436,0.472,0.40838505248045043,0.768,8.34e-06,0.535,0.0,0.0683,0.689037917661603
2172,0.211,0.845,0.4893864759955937,0.561,3.49e-06,0.0383,0.0,0.0778,0.4656048366610781
2173,0.255,0.817,0.48555106147067173,0.581,0.00595,0.1,0.0,0.324,0.4867059560703822
2174,0.714,0.672,0.4407853515091966,0.201,0.922,0.314,0.0,0.145,0.5758945960134803
2175,0.00135,0.446,0.5070792711105891,0.764,0.0,0.099,1.0,0.033,0.7286067503260004
2176,0.108,0.546,0.4604173250159773,0.89,0.0,0.0816,0.0,0.1,0.6355992480821013
2177,0.708,0.608,0.541234243815051,0.55,0.0,0.0833,0.0,0.031,0.3471142610374434
2178,0.382,0.549,0.5301855207995896,0.637,0.0,0.0902,0.0,0.0333,0.34757997595217527
2179,0.939,0.379,0.6126202446344946,0.717,0.33,0.568,0.0,0.0464,0.4956519162051855
2180,0.476,0.312,0.6292487466254975,0.511,0.000541,0.173,0.0,0.0797,0.32347287845687483
2181,0.764,0.398,0.5814207807856957,0.349,0.537,0.1,1.0,0.0321,0.43584141983776187
2182,0.899,0.358,0.42893852199603044,0.167,0.96,0.103,0.0,0.0354,0.6120383071686226
2183,0.0581,0.646,0.49559482866319704,0.873,0.0231,0.238,1.0,0.0493,0.5081965824992802
2184,0.566,0.521,0.564999296500651,0.4,0.000857,0.045,1.0,0.0348,0.3980211349895849
2185,0.778,0.566,0.49378642221619673,0.462,7.39e-05,0.0897,0.0,0.131,0.32682602584294396
2186,0.0347,0.468,0.4759098818550256,0.937,0.00065,0.214,1.0,0.0456,0.7196650239631492
2187,0.616,0.387,0.4835607041951897,0.62,0.0,0.0827,1.0,0.0811,0.41237785567918167
2188,0.573,0.678,0.4645324665032293,0.558,0.0,0.105,1.0,0.0526,0.6265135734728784
2189,0.263,0.476,0.5115311480847553,0.718,0.00261,0.109,0.0,0.149,0.7787261426950498
2190,0.646,0.376,0.43919458227484776,0.247,0.000452,0.37,0.0,0.0285,0.7799285339294484
2191,0.0826,0.704,0.44006229590154833,0.797,0.000745,0.0546,1.0,0.0475,0.5927026706633474
2192,0.00181,0.339,0.47157258540946834,0.997,0.0,0.331,0.0,0.165,0.7319260275364526
2193,0.842,0.508,0.4422620743003045,0.182,0.924,0.116,1.0,0.0285,0.27956866331351926
2194,0.649,0.729,0.5352557737194079,0.514,0.0,0.183,0.0,0.133,0.5924782807498856
2195,0.748,0.329,0.5158869772328862,0.265,0.0319,0.101,1.0,0.0429,0.7142076919168826
2196,0.00979,0.579,0.48644495122677944,0.783,0.244,0.116,1.0,0.0453,0.6988136970990194
2197,0.883,0.6,0.4684614457769254,0.282,2.67e-06,0.163,1.0,0.0302,0.4235253772290809
2198,0.0603,0.892,0.5180067284312542,0.681,0.0,0.289,1.0,0.1,0.48148994902538567
2199,0.56,0.471,0.43434078384721087,0.195,0.000106,0.102,1.0,0.0277,0.38873223932666084
2200,0.451,0.693,0.4701044929732159,0.438,0.000277,0.107,0.0,0.0943,0.5921903842571423
2201,0.443,0.645,0.33407254764749594,0.324,0.14,0.127,1.0,0.0759,0.694740808481092
2202,0.409,0.713,0.4069758331735003,0.402,0.000673,0.11,1.0,0.0631,0.34706345577401815
2203,0.182,0.805,0.4444176211377615,0.479,3.41e-06,0.346,0.0,0.363,0.34062388863486254
2204,0.404,0.541,0.45023061444205603,0.468,3.65e-06,0.358,0.0,0.362,0.4033345187894799
2205,0.323,0.676,0.4303018505126559,0.717,0.0,0.118,1.0,0.323,0.6859387965926602
2206,0.505,0.666,0.4479362686194861,0.524,0.0,0.124,1.0,0.0459,0.46577842131111447
2207,0.0912,0.798,0.5042145281115289,0.675,0.0,0.0894,1.0,0.0442,0.4316584531490796
2208,0.28,0.736,0.45578983499339,0.486,0.0,0.351,1.0,0.38,0.6776829412860506
2209,0.124,0.499,0.49483471681144664,0.898,7.2e-06,0.0832,0.0,0.124,0.5082219851309929
2210,0.106,0.655,0.4585947982234868,0.731,0.0,0.127,0.0,0.0648,0.4317515961320259
2211,0.105,0.774,0.3837030217296369,0.352,0.741,0.348,0.0,0.214,0.3408609798641806
2212,0.98,0.431,0.5011685857393462,0.0748,3.24e-06,0.114,0.0,0.0516,0.4157056004335382
2213,0.874,0.664,0.5069975519834355,0.414,0.0346,0.132,1.0,0.0304,0.3300140561228809
2214,0.0156,0.703,0.4847175124803951,0.624,5.53e-05,0.299,1.0,0.0364,0.5587139494318278
2215,0.591,0.613,0.5073008742274041,0.347,0.0,0.0959,1.0,0.034,0.46471574455113546
2216,0.396,0.587,0.47902912584009827,0.548,0.0,0.109,0.0,0.0339,0.7877906484445122
2217,0.0586,0.731,0.5232611036669654,0.445,1.96e-05,0.14,1.0,0.0533,0.4994580771901302
2218,0.697,0.437,0.5918394826462978,0.565,0.0,0.119,1.0,0.0466,0.48853071178174057
2219,0.0689,0.556,0.5067192544168138,0.538,0.0,0.196,0.0,0.0382,0.6094514725058848
2220,0.0233,0.803,0.4257900669376269,0.75,3.87e-05,0.045,1.0,0.0551,0.44877982692340257
2221,0.394,0.773,0.5372004471232836,0.82,0.0,0.0739,0.0,0.115,0.3937238564581957
2222,0.957,0.386,0.5312036873305401,0.0887,0.0,0.126,0.0,0.0512,0.7249657064471879
2223,0.877,0.422,0.4920001693261049,0.34,1.77e-05,0.149,1.0,0.0351,0.3269022337380819
2224,0.242,0.762,0.4770816617930127,0.502,4.93e-06,0.106,0.0,0.0671,0.5508264322850515
2225,0.995,0.632,0.3198202429968504,0.00644,0.97,0.103,0.0,0.117,0.3073972463547223
2226,0.99,0.771,0.28565140471973605,0.0186,0.957,0.103,0.0,0.0766,0.46129062304188045
2227,0.04,0.705,0.49503666014495473,0.918,9.3e-05,0.0803,0.0,0.0684,0.39167047706142355
2228,0.00223,0.699,0.47116135767823675,0.76,0.0,0.132,1.0,0.0677,0.550373418686176
2229,0.0129,0.584,0.5040756470798415,0.557,0.0,0.0576,1.0,0.0342,0.6520347508001829
2230,0.909,0.546,0.4867335679948708,0.381,0.00167,0.119,1.0,0.0367,0.5911234737252112
2231,0.0209,0.646,0.5127756983773781,0.94,0.0,0.0691,0.0,0.0838,0.5462031533133499
2232,0.534,0.753,0.486585601919739,0.505,2.58e-06,0.104,1.0,0.255,0.38938847397923754
2233,0.172,0.665,0.45028949869372825,0.692,0.0,0.191,0.0,0.112,0.3153059323612593
2234,0.071,0.48,0.5363161037514814,0.526,0.0,0.0879,1.0,0.275,0.845323375501702
2235,0.121,0.733,0.48273976860871914,0.67,0.0,0.121,1.0,0.0751,0.42745855137258887
2236,0.0746,0.599,0.5147084758986127,0.854,0.0,0.278,1.0,0.0436,0.507993361445579
2237,0.00952,0.711,0.44932505326566674,0.906,1.64e-05,0.153,1.0,0.0284,0.5330996291215769
2238,0.658,0.525,0.5112562115163009,0.439,0.0,0.0636,1.0,0.0259,0.35968432996325084
2239,0.573,0.87,0.47706149953957944,0.474,3.39e-05,0.131,1.0,0.0477,0.406645328456028
2240,0.939,0.54,0.4802028919269583,0.0534,0.00111,0.0986,1.0,0.0432,0.39844451218479565
2241,0.217,0.745,0.43147549991092404,0.72,1.07e-06,0.106,0.0,0.0419,0.592605293908449
2242,0.345,0.719,0.5371992339786713,0.768,0.0,0.104,0.0,0.19,0.5837821131602567
2243,0.386,0.734,0.4501531027962167,0.443,0.0,0.123,0.0,0.0406,0.46989788142051514
2244,0.232,0.546,0.46844850806008975,0.696,0.0,0.22,0.0,0.103,0.5000211688597604
2245,0.513,0.402,0.4334443307762801,0.405,0.0167,0.155,1.0,0.0713,0.3593329268912259
2246,0.0261,0.187,0.47264524231343197,0.526,0.0342,0.172,1.0,0.0326,0.305928127487341
2247,0.329,0.869,0.4438813963309971,0.357,1.22e-06,0.115,1.0,0.0695,0.5162703856119494
2248,0.7,0.47,0.5216945314064203,0.532,0.000761,0.179,0.0,0.302,0.7354146556249894
2249,0.484,0.733,0.5150867448284258,0.541,2.51e-05,0.161,1.0,0.0433,0.4660324476282409
2250,0.0182,0.401,0.5024350721831605,0.605,0.282,0.0704,0.0,0.055,0.5419355111856254
2251,0.0133,0.736,0.46521919249297716,0.706,0.0,0.324,0.0,0.0438,0.5209529373909804
2252,0.000483,0.466,0.5105243471292287,0.781,0.000141,0.0713,1.0,0.0567,0.719614218699724
2253,0.465,0.725,0.4866567085013691,0.66,0.000292,0.0848,1.0,0.0663,0.49538942234415484
2254,0.193,0.538,0.49033485119065534,0.489,8.88e-05,0.209,1.0,0.0523,0.3355052583447645
2255,0.0401,0.622,0.5426325065148565,0.455,0.0,0.0957,1.0,0.0282,0.5267320361056073
2256,0.136,0.464,0.47503792209971185,0.417,0.022,0.0974,0.0,0.0256,0.2858981523819201
2257,0.109,0.818,0.47558465876606726,0.841,0.00791,0.186,1.0,0.131,0.5334425646496976
2258,0.00646,0.567,0.4578736603765161,0.43,0.213,0.0875,1.0,0.108,0.563366864807194
2259,0.179,0.791,0.5420529707714219,0.813,0.0,0.0549,1.0,0.139,0.6049044014293214
2260,0.257,0.689,0.49920929676644565,0.694,0.0,0.148,0.0,0.027,0.41930854036478177
2261,0.00537,0.58,0.5184611444464702,0.846,6.62e-06,0.145,0.0,0.0573,0.55038188623008
2262,0.562,0.488,0.4520349831881192,0.311,0.000548,0.161,0.0,0.297,0.7794882216464292
2263,0.142,0.323,0.5191854543374319,0.737,0.000162,0.163,1.0,0.0338,0.47951701129570357
2264,0.861,0.668,0.45368412947979353,0.31,0.0615,0.0902,1.0,0.0551,0.5164312689461295
2265,0.924,0.517,0.47961620053765985,0.206,0.0,0.118,1.0,0.0421,0.34039949872140085
2266,0.403,0.753,0.49149778071072525,0.801,0.0,0.128,1.0,0.0296,0.5419693813612423
2267,0.281,0.82,0.4980084585357485,0.494,0.0358,0.154,1.0,0.0309,0.46552862876594014
2268,0.667,0.471,0.47065247274505184,0.496,6.67e-05,0.112,1.0,0.225,0.3979703297261596
2269,0.879,0.396,0.5029356368824076,0.315,0.0603,0.0953,0.0,0.0346,0.42097241274196007
2270,0.409,0.57,0.4974964021001953,0.542,0.0,0.0879,0.0,0.0771,0.4657911226269708
2271,0.694,0.483,0.5185740412244879,0.303,0.0,0.115,1.0,0.0429,0.5648105810428627
2272,0.00375,0.517,0.4682015709094731,0.7,0.0385,0.0634,0.0,0.0452,0.7620196785720333
2273,0.0474,0.817,0.5159761108487304,0.566,0.0265,0.0816,1.0,0.0366,0.507993361445579
2274,0.408,0.612,0.5184869951773621,0.544,0.0,0.0998,1.0,0.0666,0.36429914139104813
2275,0.0201,0.637,0.4669500603313379,0.785,0.0,0.333,0.0,0.0512,0.609887551016952
2276,0.00836,0.692,0.49079166840903765,0.727,1.07e-06,0.131,1.0,0.0305,0.4232798184558587
2277,0.0625,0.845,0.41582165075132727,0.455,6.41e-05,0.108,1.0,0.045,0.444546054971295
2278,0.27,0.708,0.4707481804134446,0.644,0.0,0.0686,0.0,0.195,0.5670079086860066
2279,0.731,0.445,0.4597734195342411,0.455,1.47e-06,0.124,1.0,0.0575,0.4652280309573405
2280,0.0888,0.516,0.518316168483751,0.847,0.0,0.0947,0.0,0.0513,0.38112415112872355
2281,0.00383,0.561,0.46711040242942814,0.965,7.07e-06,0.371,0.0,0.0343,0.5420921607478534
2282,0.0841,0.944,0.4495119643814758,0.543,9.83e-05,0.0332,0.0,0.164,0.5713602262527732
2283,0.571,0.698,0.519843165110498,0.45,0.0,0.113,1.0,0.0442,0.6392953309962912
2284,0.956,0.25,0.6181720300008777,0.318,0.897,0.0976,0.0,0.0411,0.41563362631035244
2285,0.379,0.812,0.45798602487434703,0.519,0.0,0.13,1.0,0.0385,0.44435130146149804
2286,0.0924,0.647,0.4582587291139091,0.599,0.000131,0.0934,1.0,0.0452,0.6603160087385053
2287,0.427,0.782,0.43122960465351534,0.728,0.0,0.25,1.0,0.0768,0.4148038070077393
2288,0.886,0.648,0.4756421501857522,0.308,0.0774,0.124,1.0,0.04,0.3259877389964267
2289,0.0026,0.718,0.47148733850166935,0.846,0.0,0.11,1.0,0.0354,0.4868922420362749
2290,0.0635,0.535,0.44171871176014776,0.781,0.0,0.0934,1.0,0.0741,0.5421641348710392
2291,0.00151,0.78,0.43146970475629054,0.385,5.3e-06,0.661,1.0,0.358,0.499292960083998
2292,0.246,0.712,0.5080777502833613,0.606,1.19e-06,0.109,1.0,0.0518,0.470325492387678
2293,0.00391,0.905,0.43064003769799175,0.876,0.841,0.058,1.0,0.0422,0.5291198834865959
2294,0.0203,0.736,0.4982057467140515,0.704,0.0,0.0501,0.0,0.0615,0.6350446239563752
2295,0.0766,0.82,0.4222427848201191,0.611,2.5e-05,0.0684,0.0,0.122,0.5414274585513725
2296,0.0419,0.483,0.5101754337717455,0.632,0.000622,0.422,1.0,0.0351,0.6220935155548781
2297,0.152,0.712,0.4720994021914904,0.463,0.0,0.642,0.0,0.143,0.3388245355552168
2298,0.00532,0.755,0.4714882456179239,0.947,0.4,0.293,0.0,0.212,0.5250978001320936
2299,0.932,0.592,0.4629754962697419,0.147,0.921,0.123,1.0,0.0315,0.550733289302105
2300,0.12,0.914,0.43903642013763045,0.572,0.0,0.0709,1.0,0.0359,0.571512642043049
2301,0.22,0.65,0.4926174215301189,0.783,3.71e-06,0.182,0.0,0.0377,0.4655413300817965
2302,0.81,0.204,0.5955308147117275,0.166,2.87e-06,0.129,1.0,0.0324,0.39273315382140256
2303,0.0908,0.627,0.5085374809391201,0.697,1.39e-05,0.0748,1.0,0.031,0.5759581025927618
2304,0.0113,0.648,0.5102577243800668,0.908,0.0,0.374,0.0,0.108,0.5552464902030516
2305,0.774,0.514,0.47607048679273656,0.605,2.91e-06,0.121,1.0,0.0337,0.5118376263780928
2306,0.826,0.625,0.5011224423580685,0.221,0.0,0.15,1.0,0.0335,0.5672068959677556
2307,0.0016,0.47,0.48539285597690607,0.633,0.00453,0.257,0.0,0.0323,0.593236125929313
2308,8.67e-05,0.485,0.5245160852311872,0.911,0.0,0.092,1.0,0.0355,0.38085318972378873
2309,0.698,0.656,0.4728630684656543,0.577,0.0,0.296,0.0,0.0802,0.7328405222781079
2310,0.355,0.286,0.5022766402352348,0.445,0.0,0.114,1.0,0.0347,0.21518992700977152
2311,0.36,0.335,0.5011307642594636,0.47,0.0,0.114,1.0,0.0343,0.6600958525969957
2312,0.866,0.464,0.4956339542820516,0.473,0.0,0.109,1.0,0.129,0.320924147741706
2313,0.0208,0.681,0.4968818259347869,0.864,3.98e-06,0.192,0.0,0.116,0.3810733458652983
2314,0.488,0.814,0.5115119814789639,0.666,4.23e-05,0.108,1.0,0.0635,0.39805923893715384
2315,0.0743,0.64,0.5025926007808263,0.455,0.0,0.0694,1.0,0.0247,0.38081931954817183
2316,0.528,0.534,0.607839282593198,0.33,0.822,0.112,1.0,0.0427,0.508107673288286
2317,0.135,0.376,0.4962220551388459,0.695,0.0,0.11,0.0,0.0933,0.7177640603566529
2318,0.115,0.729,0.6555127946023203,0.844,0.936,0.0914,1.0,0.043,0.5123837829599146
2319,0.179,0.805,0.4401557380637071,0.654,0.0,0.0941,0.0,0.0585,0.6225380616098494
2320,0.25,0.716,0.4394861720227172,0.707,0.553,0.109,0.0,0.0402,0.49955122017307657
2321,0.533,0.439,0.557077147617346,0.473,0.000306,0.133,0.0,0.0323,0.6471532117394028
2322,0.851,0.529,0.5107719946165221,0.307,0.0,0.104,1.0,0.0335,0.5918178123253569
2323,0.0177,0.924,0.41918878690444483,0.723,2.61e-05,0.113,1.0,0.0466,0.5376805703737574
2324,0.719,0.873,0.4314766589171697,0.489,0.0284,0.087,1.0,0.251,0.4870446578265508
2325,0.122,0.677,0.4978078434376969,0.744,1.41e-05,0.621,0.0,0.0659,0.5250766312723332
2326,0.745,0.499,0.5001450792236235,0.181,0.00123,0.106,0.0,0.0429,0.4739961726701553
2327,0.521,0.408,0.4693048027391935,0.338,0.000639,0.0732,1.0,0.0431,0.5670841165811445
2328,0.198,0.548,0.5648764631216752,0.42,4.46e-06,0.0899,1.0,0.0277,0.5419736151331944
2329,0.899,0.787,0.4341003096517504,0.463,0.0145,0.124,1.0,0.0497,0.5081288421480465
2330,0.00248,0.667,0.5167665075696988,0.721,6.24e-05,0.0753,0.0,0.033,0.4234534031058951
2331,0.00958,0.556,0.501921675670459,0.864,0.0,0.209,0.0,0.0584,0.4451514843604464
2332,0.396,0.418,0.3484646302398018,0.221,0.00118,0.111,1.0,0.0271,0.4101889955799421
2333,0.109,0.501,0.4851485855972355,0.519,0.0,0.454,0.0,0.0409,0.5672831038628935
2334,0.0186,0.4,0.5017506865853698,0.754,0.0,0.316,1.0,0.0348,0.6775347592677268
2335,0.28,0.518,0.4761630716795455,0.523,9.58e-05,0.211,0.0,0.0605,0.31014919812359226
2336,0.148,0.671,0.5169025627959991,0.673,5.29e-05,0.304,0.0,0.0444,0.5163635285948958
2337,0.416,0.796,0.49356628637622646,0.572,2.55e-05,0.0975,0.0,0.0545,0.41900370878423004
2338,0.508,0.806,0.4586507425541777,0.405,0.0915,0.104,0.0,0.0727,0.5078875171467764
2339,0.786,0.687,0.46782350591576183,0.172,0.0,0.0985,1.0,0.0428,0.5586292739927856
2340,0.918,0.488,0.45428493608159237,0.174,0.947,0.84,0.0,0.0277,0.42347033819370355
2341,0.125,0.765,0.475571388640168,0.906,0.0,0.423,0.0,0.0965,0.4067427052109265
2342,0.21,0.658,0.5546565408860298,0.784,0.861,0.0961,1.0,0.0342,0.5922327219766634
2343,0.0503,0.518,0.4860305691221074,0.572,2.41e-05,0.129,0.0,0.0416,0.550614743687446
2344,0.0129,0.546,0.4837585633817838,0.708,0.0,0.187,0.0,0.0602,0.6096250571559214
2345,0.0178,0.484,0.4897818964787468,0.675,0.634,0.329,0.0,0.0444,0.423292519771715
2346,0.894,0.589,0.24725100747355921,0.102,0.0,0.24,1.0,0.147,0.4960541245406357
2347,0.141,0.724,0.48571493388582354,0.6,0.000218,0.104,0.0,0.29,0.36827041948212497
2348,0.0834,0.744,0.48647805640903474,0.552,8.02e-06,0.132,1.0,0.0926,0.5300428457721553
2349,0.198,0.484,0.553013091144329,0.727,0.00204,0.107,1.0,0.0358,0.5083320632017477
2350,0.181,0.478,0.5106400102812976,0.518,0.000185,0.18,1.0,0.0378,0.6257726633812596
2351,0.834,0.731,0.4580214923411765,0.474,0.931,0.109,0.0,0.063,0.677467018916493
2352,0.699,0.682,0.4463071218670509,0.363,3e-05,0.363,1.0,0.0261,0.4021151924672729
2353,0.699,0.682,0.4463071218670509,0.363,3e-05,0.363,1.0,0.0261,0.4021151924672729
2354,0.0559,0.651,0.48434819122576456,0.626,0.0,0.123,1.0,0.0428,0.5083108943419872
2355,0.822,0.638,0.4424279825747246,0.291,0.0,0.318,1.0,0.0442,0.6008950193906756
2356,0.198,0.669,0.6265015669468759,0.357,3.22e-06,0.0446,1.0,0.0625,0.3726650747684127
2357,0.657,0.405,0.5334205599554238,0.745,0.00552,0.117,0.0,0.108,0.37025182475571133
2358,0.0558,0.733,0.5881737831010203,0.963,1.32e-05,0.0766,1.0,0.0665,0.6141086216532033
2359,0.39,0.639,0.46825524444760225,0.671,1.73e-06,0.092,0.0,0.0312,0.38949431827804026
2360,0.0751,0.787,0.5111061154593903,0.682,0.0,0.111,0.0,0.0588,0.4449440295347931
2361,0.652,0.661,0.32289596402398213,0.46,0.0,0.143,1.0,0.3,0.5930921776829413
2362,0.793,0.715,0.39086715369104374,0.186,0.893,0.106,0.0,0.0902,0.30054700333621226
2363,0.122,0.846,0.5521956351941197,0.634,0.0,0.146,0.0,0.0432,0.44439363918101915
2364,0.283,0.911,0.4838595054614774,0.608,1.34e-06,0.113,0.0,0.249,0.4234322342461346
2365,0.401,0.728,0.4681154713240485,0.415,0.0,0.0616,1.0,0.0639,0.4832638994733187
2366,0.587,0.754,0.47907416061762254,0.517,0.0,0.0971,1.0,0.0368,0.5083108943419872
2367,0.142,0.752,0.47239284889988076,0.774,8.3e-06,0.0993,1.0,0.0532,0.4823748073633762
2368,0.338,0.731,0.45124622725743224,0.597,0.00114,0.0771,1.0,0.0567,0.4318066351674033
2369,0.337,0.576,0.5300924142227759,0.835,0.0,0.082,1.0,0.0486,0.6351377669393216
2370,0.556,0.647,0.4577197730190756,0.681,0.0,0.124,1.0,0.0373,0.61406205016173
2371,0.0298,0.686,0.48120511310820935,0.804,0.0,0.35,1.0,0.0443,0.372715880031838
2372,0.526,0.562,0.4927146275325407,0.379,0.0,0.151,1.0,0.231,0.727565242425782
2373,0.68,0.598,0.47426744010878785,0.444,1.94e-05,0.142,0.0,0.0327,0.48230706701214243
2374,0.0162,0.656,0.5170858518776313,0.884,0.0,0.145,1.0,0.0372,0.444584158918864
2375,0.374,0.732,0.4986725849807261,0.463,0.0,0.194,0.0,0.0287,0.40631932801571574
2376,0.609,0.55,0.512221772282329,0.465,0.0,0.109,1.0,0.0248,0.321906382834595
2377,0.0452,0.902,0.5719817831511755,0.772,0.000129,0.12,0.0,0.0383,0.5588240275025825
2378,0.68,0.803,0.4794780518487831,0.684,0.0722,0.131,1.0,0.0627,0.47835272400887396
2379,0.993,0.786,0.3933759228704268,0.0775,0.846,0.115,1.0,0.0965,0.6058061948551203
2380,0.0352,0.548,0.385505308782226,0.384,0.0728,0.146,0.0,0.0331,0.6222543988890582
2381,0.805,0.504,0.43081701504414505,0.401,0.00596,0.155,1.0,0.0958,0.48667208589476535
2382,0.915,0.604,0.5037096836045665,0.277,1.82e-05,0.113,1.0,0.0286,0.351072837812664
2383,0.641,0.496,0.44990688857335437,0.496,0.0014,0.114,1.0,0.0318,0.5924994496096462
2384,0.131,0.524,0.5116539029739942,0.679,0.0,0.201,0.0,0.0565,0.6036850751071143
2385,0.00052,0.574,0.5748934133107486,0.979,0.895,0.0493,1.0,0.0678,0.7283400226930177
2386,0.39,0.663,0.48901780023442076,0.551,6.73e-06,0.11,0.0,0.0661,0.42375823468644686
2387,0.0573,0.778,0.5424528706211058,0.812,8.28e-06,0.243,0.0,0.046,0.4232163118765771
2388,0.737,0.604,0.5201282727606475,0.347,2.14e-05,0.118,1.0,0.0245,0.4274416162847804
2389,0.0482,0.626,0.526332362469871,0.561,0.0,0.304,0.0,0.0304,0.710918051110095
2390,0.362,0.599,0.5462761658231248,0.653,0.0,0.144,0.0,0.122,0.33856627546613827
2391,0.858,0.299,0.4659893780170743,0.447,0.000314,0.097,0.0,0.0383,0.5153474233263899
2392,0.374,0.747,0.5010762859329669,0.834,0.0,0.0586,0.0,0.045,0.5419439787295297
2393,0.0107,0.677,0.5082980033244238,0.652,3.54e-06,0.144,1.0,0.0289,0.49100323460177137
2394,0.0663,0.563,0.5701757532613367,0.71,0.0,0.105,1.0,0.0592,0.5667877525444969
2395,0.174,0.733,0.4832967997098727,0.421,0.0,0.119,1.0,0.0298,0.3388541719588816
2396,0.385,0.618,0.5034093085400797,0.629,3.1e-06,0.12,0.0,0.0323,0.6353875594844959
2397,0.086,0.639,0.4668287669730167,0.82,0.939,0.207,1.0,0.0448,0.7023615979948856
2398,0.904,0.624,0.44298627663903845,0.172,0.926,0.0878,1.0,0.0512,0.6518908025538112
2399,0.00491,0.474,0.4084357771513214,0.921,0.85,0.476,0.0,0.0457,0.3937831292655252
2400,0.013,0.7,0.5065437050465684,0.701,0.0,0.461,0.0,0.161,0.39379159680942943
2401,0.686,0.737,0.44909631540026673,0.505,9.87e-05,0.126,0.0,0.122,0.4632085217361852
2402,0.000176,0.552,0.47443055882868723,0.894,0.284,0.183,1.0,0.0331,0.46561330420498226
2403,0.664,0.787,0.46362691161520475,0.558,0.0,0.347,1.0,0.0414,0.39818201832376504
2404,0.0205,0.696,0.5130473871233305,0.789,0.00145,0.343,0.0,0.167,0.42338566275466133
2405,4.69e-05,0.647,0.5191461647616844,0.683,0.824,0.0808,0.0,0.0541,0.42349997459736827
2406,0.0558,0.393,0.5346179802464479,0.609,2.22e-06,0.107,1.0,0.0415,0.30219394062558214
2407,0.978,0.691,0.3918436782212751,0.414,0.937,0.283,0.0,0.0357,0.5927111382072516
2408,0.469,0.872,0.4040998166422285,0.391,4.13e-06,0.297,0.0,0.242,0.5674143507934087
2409,0.741,0.534,0.45384085518702655,0.803,6.07e-05,0.307,1.0,0.0743,0.7112017138308862
2410,0.0189,0.529,0.4400348027327303,0.461,0.793,0.0714,1.0,0.0299,0.5080738031126691
2411,0.23,0.476,0.4756607200111256,0.652,0.0,0.136,0.0,0.104,0.8049162559907873
2412,0.00809,0.523,0.49933172643410106,0.792,0.00463,0.133,1.0,0.0305,0.643770427949669
2413,0.000967,0.661,0.5245160852311872,0.937,1.59e-05,0.355,0.0,0.0744,0.554628359498044
2414,0.218,0.716,0.47502727047752447,0.535,0.0,0.0673,1.0,0.42,0.435413808870599
2415,0.706,0.558,0.493052008890813,0.558,6.83e-05,0.27,1.0,0.0367,0.5923639689071787
2416,0.49,0.755,0.46675874902762704,0.625,0.0,0.157,1.0,0.0897,0.6224576199427594
2417,0.785,0.596,0.5180524315968409,0.27,0.134,0.0647,1.0,0.0265,0.4234025978424698
2418,0.171,0.572,0.5195460700412546,0.835,0.000377,0.0702,1.0,0.0317,0.5503099121068942
2419,0.00849,0.62,0.5174785094027201,0.61,0.162,0.205,0.0,0.0373,0.5379091940591711
2420,0.115,0.59,0.5036098683404919,0.697,0.00308,0.121,1.0,0.0356,0.449033853240529
2421,0.0304,0.744,0.4951936418606415,0.997,0.00256,0.0737,1.0,0.13,0.5418169655709665
2422,0.896,0.459,0.5385896319136125,0.326,0.0132,0.112,1.0,0.0268,0.38121729411166994
2423,0.0171,0.324,0.5623851130773283,0.495,0.487,0.143,1.0,0.0398,0.7525190943115039
2424,0.476,0.757,0.44027219106250204,0.363,0.0,0.0938,1.0,0.0578,0.38114531998848417
2425,0.0897,0.636,0.4548965943468537,0.788,0.0,0.286,0.0,0.0432,0.5292214940134464
2426,0.879,0.642,0.47472162813125585,0.149,0.903,0.103,0.0,0.0405,0.31728733763484557
2427,0.0264,0.822,0.5197709667205967,0.739,4.26e-05,0.181,0.0,0.0311,0.5037849921251841
2428,0.618,0.747,0.45987474516627636,0.482,0.0,0.128,1.0,0.033,0.38946891564632763
2429,0.0687,0.566,0.47760413464754015,0.714,0.000229,0.432,0.0,0.0366,0.5548866195871226
2430,0.796,0.712,0.49131390662040997,0.506,0.0,0.115,0.0,0.0429,0.393774661721621
2431,0.936,0.592,0.40120153270627923,0.214,1.62e-05,0.253,1.0,0.115,0.3457806228725296
2432,0.312,0.547,0.44831829188567274,0.723,0.0,0.112,0.0,0.0323,0.43185744043082863
2433,0.159,0.754,0.4773899217158113,0.504,1.77e-06,0.121,0.0,0.32,0.3389219123101153
2434,0.727,0.689,0.4770641295399183,0.534,0.00174,0.11,1.0,0.0325,0.4265355890870294
2435,0.41,0.749,0.61687132795138,0.497,0.0499,0.0504,0.0,0.105,0.40567156090704326
2436,0.0134,0.635,0.5047977254763838,0.841,0.0,0.0622,1.0,0.0422,0.46157005199071954
2437,0.508,0.598,0.4911941567299756,0.555,0.0277,0.304,1.0,0.0295,0.6439609476875138
2438,0.00275,0.831,0.4131906364779425,0.872,0.913,0.133,0.0,0.0598,0.39795762841030324
2439,0.032,0.761,0.5398555363172761,0.641,0.0,0.12,0.0,0.0589,0.42338566275466133
2440,0.58,0.698,0.4715127358520492,0.812,0.182,0.113,1.0,0.0399,0.5421133296076139
2441,0.555,0.898,0.44647637361649295,0.435,0.0,0.139,1.0,0.0489,0.4870277227387424
2442,0.752,0.365,0.6329668783460995,0.407,0.00129,0.212,1.0,0.0424,0.6315136581483175
2443,0.276,0.791,0.5033876721336199,0.558,0.0,0.0859,0.0,0.0661,0.40253433589053156
2444,0.441,0.611,0.5379581122324653,0.612,0.0,0.18,1.0,0.114,0.7275356060221172
2445,0.334,0.61,0.5566318652887241,0.492,6.3e-06,0.0979,1.0,0.0261,0.38520550729055525
2446,0.0119,0.584,0.5053088087751219,0.911,0.0,0.119,0.0,0.09,0.39163237311385457
2447,0.871,0.689,0.4835716558640406,0.261,0.000201,0.119,1.0,0.0347,0.48667208589476535
2448,0.573,0.613,0.30460518629906486,0.108,0.0,0.0565,0.0,0.0289,0.36385459533607684
2449,0.334,0.532,0.5660655906165974,0.529,0.000144,0.078,1.0,0.0352,0.3471227285813477
2450,0.973,0.562,0.5188240404312441,0.368,0.000164,0.105,1.0,0.027,0.4568832664397365
2451,0.0182,0.709,0.5110285236037422,0.913,0.0,0.167,1.0,0.0748,0.45734898135446833
2452,0.673,0.439,0.5547943851118706,0.541,3.9e-06,0.128,1.0,0.0757,0.6432158038239428
2453,0.728,0.478,0.5515380442727333,0.512,0.0,0.0978,0.0,0.0384,0.5837778793883046
2454,0.73,0.707,0.5094710492825598,0.417,2.07e-05,0.106,1.0,0.0438,0.4908592863553997
2455,0.698,0.502,0.5818786365575548,0.744,0.0,0.478,1.0,0.134,0.4966426188419787
2456,0.143,0.825,0.47857375068185415,0.666,2.81e-06,0.237,0.0,0.0554,0.410620840319057
2457,0.112,0.78,0.501279730176734,0.808,0.0,0.329,1.0,0.484,0.3386255482734678
2458,0.101,0.832,0.5390028932256286,0.658,0.00121,0.284,0.0,0.0303,0.5082389202188013
2459,0.979,0.361,0.5856727823700245,0.23,0.0321,0.181,1.0,0.0324,0.4300030483158055
2460,0.035,0.756,0.4971859156286329,0.858,0.000254,0.061,0.0,0.0585,0.43177699876373854
2461,0.575,0.421,0.627116135868004,0.396,0.0,0.0949,1.0,0.0301,0.5917458382021711
2462,0.431,0.574,0.4934759289687749,0.496,0.0,0.399,0.0,0.0277,0.4654397195549459
2463,0.0158,0.478,0.4624883387911285,0.767,1.96e-05,0.352,1.0,0.136,0.44444867821639655
2464,0.0503,0.556,0.5012132038204773,0.916,0.595,0.114,1.0,0.0483,0.42746278514454095
2465,0.142,0.976,0.5093027527973275,0.678,0.557,0.0573,0.0,0.0929,0.4655328625378922
2466,0.00504,0.491,0.5329200692822109,0.851,0.0151,0.175,1.0,0.0322,0.4572262019678572
2467,0.268,0.62,0.4538216517366629,0.28,3.7e-06,0.223,1.0,0.0465,0.5740190350386966
2468,0.964,0.548,0.46218132503699105,0.0956,0.905,0.0933,1.0,0.0468,0.5501066910531931
2469,0.868,0.531,0.5194439876976245,0.431,2.47e-05,0.127,0.0,0.037,0.4572050331080966
2470,0.845,0.41,0.46707499156057763,0.256,6.31e-06,0.116,1.0,0.0284,0.583163982455249
2471,0.0332,0.484,0.4998563680185275,0.844,0.0319,0.22,0.0,0.0479,0.550652847635015
2472,0.478,0.762,0.47170580790574257,0.585,0.0,0.113,1.0,0.102,0.5927492421548205
2473,0.267,0.81,0.4666653450371614,0.788,0.000172,0.196,1.0,0.0447,0.5757548815390608
2474,0.97,0.689,0.4872318629017478,0.143,0.0,0.109,1.0,0.264,0.3615556571660824
2475,0.613,0.561,0.46976015260622184,0.522,0.0,0.103,0.0,0.108,0.39933360429473824
2476,0.147,0.63,0.46046779629463286,0.911,0.000621,0.161,1.0,0.0596,0.5422276414503209
2477,0.0892,0.651,0.4694068159814859,0.627,0.0,0.0941,1.0,0.164,0.7195507121204424
2478,0.972,0.572,0.44177857022680844,0.135,0.956,0.0922,1.0,0.0351,0.5837948144761129
2479,0.0137,0.681,0.48572574201910856,0.89,0.883,0.352,1.0,0.116,0.4541990550221003
2480,0.307,0.743,0.4838300704671916,0.49,0.0393,0.108,1.0,0.0377,0.5081711798675677
2481,0.439,0.838,0.436160734208205,0.59,0.874,0.105,1.0,0.233,0.635150468255178
2482,0.499,0.465,0.5777227994724257,0.557,0.0,0.28,1.0,0.0451,0.676518653999221
2483,0.721,0.517,0.5262357345623783,0.565,0.00689,0.0997,1.0,0.0441,0.719538010804586
2484,0.21,0.5,0.45449343893080574,0.677,0.0,0.118,0.0,0.0634,0.6340115836000609
2485,0.36,0.684,0.4876760744742452,0.721,0.0,0.168,1.0,0.0924,0.5421726024149435
2486,0.391,0.382,0.5722222922170412,0.632,0.000486,0.0922,1.0,0.0411,0.33419702281156327
2487,0.303,0.818,0.5432555890052293,0.829,8.53e-05,0.277,0.0,0.0978,0.46147690900777316
2488,0.195,0.595,0.5117297803527463,0.788,0.202,0.153,0.0,0.363,0.4107266846178597
2489,0.0564,0.748,0.49016908040525653,0.838,0.0218,0.0867,1.0,0.0394,0.4657868888550187
2490,0.205,0.802,0.47774038515788364,0.547,0.0,0.109,1.0,0.0518,0.4655709664854612
2491,0.524,0.472,0.495576045035514,0.526,0.0056,0.0856,1.0,0.0306,0.5882106386221612
2492,0.0231,0.684,0.47665509420211594,0.729,0.000628,0.124,1.0,0.0407,0.6772976680384087
2493,0.00219,0.788,0.5537963405823807,0.874,0.00231,0.0998,1.0,0.0805,0.5376382326542363
2494,0.00133,0.594,0.5442839649438045,0.947,0.108,0.305,1.0,0.0519,0.5929101254890007
2495,0.863,0.466,0.514974885182812,0.448,0.000186,0.255,0.0,0.0921,0.3024013954512354
2496,0.0137,0.547,0.454231508454507,0.639,0.0,0.305,1.0,0.117,0.38145438534098797
2497,0.982,0.397,0.6299933358298815,0.1,0.00467,0.1,1.0,0.0375,0.5368973225626175
2498,0.379,0.535,0.4711249963663553,0.65,0.0,0.14,1.0,0.0554,0.4961472675235821
2499,0.00254,0.886,0.41734021572706825,0.741,0.000134,0.151,1.0,0.0682,0.5928296838219106
2500,0.0266,0.466,0.562121325877861,0.833,0.0,0.0327,1.0,0.304,0.37589544276787074
2501,0.106,0.755,0.41464512203818216,0.715,0.000142,0.164,1.0,0.122,0.6132830361225422
2502,0.000103,0.498,0.5669238543236039,0.553,0.528,0.273,1.0,0.0332,0.4700121932632221
2503,0.0955,0.622,0.5012782185150648,0.431,0.0,0.088,0.0,0.0293,0.4992421548205727
2504,0.337,0.779,0.44767829027858475,0.66,0.0,0.217,0.0,0.0821,0.5335568764924046
2505,0.00604,0.661,0.46781237309443724,0.779,0.0,0.218,0.0,0.0678,0.5500135480702467
2506,0.602,0.622,0.5689673634057306,0.939,0.0181,0.158,0.0,0.0587,0.7199867906315094
2507,0.48,0.672,0.4820227259633971,0.494,1.01e-06,0.209,1.0,0.0443,0.5926603329438264
2508,0.00873,0.487,0.45573789658202246,0.716,0.000203,0.134,1.0,0.0348,0.4444613795322529
2509,0.259,0.764,0.4956183051595293,0.705,8.92e-05,0.12,1.0,0.0284,0.4698216735253772
2510,0.777,0.528,0.5072571605856568,0.343,0.0,0.162,1.0,0.036,0.27468289048078715
2511,0.00064,0.375,0.46817750462940055,0.93,0.0,0.318,1.0,0.0561,0.6228894646818743
2512,0.424,0.756,0.48918067362946505,0.706,0.0,0.0635,0.0,0.0393,0.5204364172128232
2513,0.117,0.609,0.42672584112704737,0.376,0.829,0.104,1.0,0.0345,0.41484191095530826
2514,0.629,0.556,0.5241781174187654,0.608,0.764,0.31,1.0,0.0355,0.37254652915375364
2515,0.0016,0.56,0.4811623722004461,0.958,4.96e-05,0.0643,1.0,0.0412,0.5503226134227506
2516,0.145,0.79,0.472785692452387,0.694,0.00252,0.281,0.0,0.0708,0.4361081474707446
2517,0.619,0.805,0.5707966098635646,0.594,1.55e-05,0.215,1.0,0.0927,0.4675142678114786
2518,0.17,0.663,0.5914822926725152,0.762,1.06e-05,0.107,1.0,0.0326,0.5928212162780063
2519,0.0281,0.633,0.4965795025768842,0.839,0.00124,0.0823,0.0,0.0488,0.6774797202323494
2520,0.0762,0.66,0.3610100224688375,0.812,0.000353,0.381,1.0,0.0883,0.6773019018103609
2521,0.053,0.559,0.5377502859190173,0.316,0.0,0.0709,1.0,0.026,0.3556410777489881
2522,0.289,0.528,0.5398453906318132,0.593,0.00054,0.0724,1.0,0.0545,0.708047553726566
2523,0.116,0.718,0.4886874831681409,0.831,0.0,0.305,1.0,0.0758,0.6051838303781605
2524,0.824,0.269,0.3815646709789171,0.165,0.00714,0.0822,1.0,0.0367,0.49962742806821453
2525,0.936,0.617,0.35392026130753296,0.0806,0.946,0.121,1.0,0.0348,0.41560822367863975
2526,0.538,0.649,0.3934125089280578,0.39,0.43,0.339,1.0,0.0395,0.5084717776761672
2527,0.989,0.689,0.3048772044555621,0.0258,0.971,0.111,1.0,0.0599,0.26498755271046076
2528,0.975,0.715,0.42293181168707306,0.209,0.689,0.184,1.0,0.0385,0.4869303459838439
2529,0.931,0.755,0.40194205172276476,0.295,0.881,0.101,1.0,0.077,0.4658292265745398
2530,0.993,0.693,0.30326367398517506,0.0141,0.965,0.104,1.0,0.074,0.26518653999220987
2531,0.746,0.559,0.446489060428068,0.219,0.91,0.111,1.0,0.034,0.31744822096902575
2532,0.088,0.415,0.5754543968437589,0.528,0.00595,0.0746,1.0,0.0293,0.44546478348490237
2533,0.738,0.521,0.5044356027217352,0.509,0.784,0.119,1.0,0.0276,0.650150722281495
2534,0.688,0.482,0.49205056320921825,0.454,0.251,0.144,0.0,0.0514,0.5332520449118529
2535,0.602,0.547,0.5537311217475893,0.554,0.000155,0.0735,1.0,0.0374,0.3869074836153025
2536,0.97,0.223,0.46698829570841704,0.207,0.594,0.105,0.0,0.0346,0.6342444410574269
2537,0.679,0.362,0.6283748204588782,0.378,0.0,0.091,1.0,0.0329,0.3706625006350658
2538,0.472,0.335,0.49509554597628913,0.33,0.41,0.164,1.0,0.031,0.3178292604447154
2539,0.616,0.528,0.4510530677878901,0.344,0.0,0.232,1.0,0.0586,0.45566394011752953
2540,0.611,0.594,0.5158275277791087,0.548,0.00146,0.117,0.0,0.0267,0.4149689241138715
2541,0.719,0.429,0.5178702249335325,0.644,6.66e-05,0.383,1.0,0.0383,0.5597342884722857
2542,0.431,0.644,0.5356561183857953,0.818,2.62e-05,0.0806,0.0,0.0549,0.5016045995698488
2543,0.506,0.666,0.5947835068473575,0.447,1.5e-06,0.12,1.0,0.0245,0.434863418516825
2544,0.0012,0.605,0.4893328134247732,0.92,0.000596,0.483,0.0,0.0713,0.7408000135480701
2545,0.0436,0.672,0.4444529501035519,0.974,0.654,0.828,0.0,0.113,0.4323908956967942
2546,0.511,0.583,0.4810375046806157,0.463,0.0,0.177,1.0,0.0321,0.3469703127910718
2547,0.865,0.788,0.4908102046574334,0.345,0.0,0.119,1.0,0.0329,0.46537197920371215
2548,0.413,0.494,0.4647812305101586,0.553,4.17e-05,0.218,1.0,0.197,0.34742756016189946
2549,0.0892,0.699,0.47094943915607734,0.825,0.931,0.0928,1.0,0.0523,0.7197158292265745
2550,0.307,0.603,0.4176911794257949,0.531,0.0,0.114,0.0,0.0629,0.6433639858422666
2551,0.0654,0.475,0.4927273715694147,0.39,0.00045,0.16,0.0,0.063,0.6091551084692374
2552,0.0154,0.546,0.4928189400792593,0.98,0.0,0.31,0.0,0.0619,0.5082092838151366
2553,0.0336,0.587,0.49248905283851885,0.902,0.000112,0.1,1.0,0.049,0.4319675185015834
2554,0.000924,0.554,0.5032338964671283,0.862,0.000142,0.422,1.0,0.0361,0.5924613456620773
2555,0.169,0.321,0.4758939892624068,0.705,0.0,0.0514,1.0,0.0938,0.26255313383799894
2556,0.0311,0.61,0.4599575127135167,0.654,0.0,0.0637,0.0,0.0452,0.7446739148842487
2557,0.264,0.8,0.49928047018215027,0.585,0.0,0.153,1.0,0.0924,0.5337008247387762
2558,0.00757,0.48,0.5360896872271903,0.972,0.00713,0.1,0.0,0.0631,0.6353833257125437
2559,0.199,0.714,0.5112782519234651,0.845,0.00762,0.372,0.0,0.0856,0.3217031617808938
2560,0.00847,0.657,0.48604716461342257,0.828,0.0,0.326,1.0,0.0728,0.49092279293468133
2561,0.195,0.689,0.4964814576447818,0.679,0.00111,0.224,1.0,0.0517,0.6349472472014768
2562,0.995,0.285,0.4421969661871703,0.00464,0.844,0.0582,0.0,0.0435,0.3061863875764195
2563,0.881,0.512,0.3515701191468197,0.0181,5.78e-05,0.288,1.0,0.0563,0.583951464038341
2564,0.119,0.709,0.4541104756020389,0.883,5.72e-05,0.283,0.0,0.153,0.6440159867228912
2565,0.967,0.262,0.4991786750006004,0.166,0.904,0.358,1.0,0.0403,0.5196531694016833
2566,0.957,0.419,0.44987479130750097,0.0842,0.0,0.285,1.0,0.0341,0.3737489203881522
2567,0.981,0.371,0.478356458186608,0.278,0.0,0.272,0.0,0.0303,0.3485706785889685
2568,0.384,0.821,0.5290328413959169,0.578,5.92e-05,0.139,1.0,0.0487,0.4530982743145523
2569,0.807,0.459,0.5114857124756726,0.267,0.0,0.119,1.0,0.0294,0.26832799878067365
2570,0.229,0.565,0.5180565237936139,0.657,0.0,0.214,0.0,0.0545,0.3938847397923758
2571,0.573,0.787,0.5077395477240998,0.598,2.29e-06,0.103,1.0,0.212,0.6351801046588426
2572,0.329,0.63,0.5758258815970501,0.837,0.00271,0.159,0.0,0.0387,0.4572346695117614
2573,0.0193,0.59,0.45157448475547346,0.727,0.0825,0.144,1.0,0.0519,0.4358117834340971
2574,0.132,0.613,0.4473547173112571,0.766,0.0145,0.266,0.0,0.128,0.5171340750901793
2575,0.00793,0.72,0.5587441982196468,0.808,0.0293,0.0634,1.0,0.0379,0.5336288506155904
2576,0.284,0.439,0.47417288145596204,0.503,5.6e-05,0.152,1.0,0.0281,0.7875239208115293
2577,0.979,0.347,0.4568320950500362,0.299,0.93,0.178,1.0,0.0401,0.3647394536740673
2578,0.905,0.446,0.3854131297189709,0.247,0.233,0.111,0.0,0.0287,0.5856492065911362
2579,0.848,0.67,0.43965051391741694,0.175,0.905,0.118,1.0,0.0311,0.40234804992463885
2580,0.178,0.843,0.4528951869439899,0.39,0.0,0.137,1.0,0.0846,0.5502718081593253
2581,0.964,0.374,0.4711313601804896,0.194,0.912,0.106,0.0,0.063,0.4488941387661095
2582,0.0197,0.344,0.49329109542554406,0.953,0.679,0.523,1.0,0.127,0.7562871513488797
2583,0.371,0.677,0.5599828833644755,0.824,0.00102,0.446,1.0,0.295,0.4998560517536283
2584,0.943,0.46,0.4137677859890807,0.0799,0.882,0.0892,0.0,0.0352,0.6335712713170417
2585,0.0358,0.612,0.5101969048856088,0.628,0.00898,0.193,1.0,0.0752,0.529403546207387
2586,0.298,0.714,0.46962257988937517,0.728,0.0,0.106,1.0,0.0468,0.48686683940456227
2587,0.613,0.675,0.6312328464655748,0.607,2.64e-05,0.102,1.0,0.0366,0.6727675320496537
2588,0.05,0.841,0.5573095239546726,0.74,2.22e-06,0.128,1.0,0.13,0.46162085725414487
2589,0.307,0.805,0.4468808087930791,0.313,0.913,0.191,0.0,0.0775,0.3346076986909177
2590,0.65,0.594,0.39757471094410124,0.0535,0.935,0.128,0.0,0.0925,0.26247692594286104
2591,0.185,0.831,0.5762008223817956,0.737,0.000937,0.153,0.0,0.0497,0.5315585361310099
2592,0.99,0.307,0.45157448475547346,0.0898,0.959,0.102,1.0,0.0308,0.7629257057697844
2593,0.849,0.723,0.44797084448464886,0.615,0.883,0.108,0.0,0.059,0.5048646039729716
2594,0.798,0.586,0.43598833063645204,0.412,0.0,0.152,0.0,0.0334,0.559700418296669
2595,0.807,0.786,0.4369852986132834,0.177,0.861,0.128,0.0,0.0897,0.5926391640840658
2596,0.00346,0.723,0.4683384960577066,0.809,0.00123,0.565,0.0,0.0625,0.4149392877102068
2597,0.00226,0.721,0.44705473499871196,0.738,4.41e-06,0.118,1.0,0.0403,0.507951023726058
2598,0.935,0.712,0.4212080817577777,0.27,0.0,0.0582,0.0,0.0541,0.5098138833849853
2599,0.249,0.722,0.5595385886424475,0.741,0.0,0.151,1.0,0.19,0.6863367711561584
2600,0.209,0.509,0.496118334656241,0.629,1.99e-06,0.369,1.0,0.0335,0.33875256143203103
2601,0.00116,0.719,0.48069576926408475,0.699,0.859,0.121,0.0,0.031,0.5120789513793629
2602,0.732,0.758,0.42590523377745426,0.545,0.0,0.122,1.0,0.135,0.5077774390760216
2603,0.788,0.534,0.5009589444817659,0.666,0.0,0.194,1.0,0.0506,0.525660891801724
2604,0.462,0.697,0.46560614995522065,0.877,0.00943,0.083,1.0,0.0462,0.4318024013954512
2605,0.619,0.881,0.4465313426820683,0.592,1.32e-05,0.0901,1.0,0.0324,0.427856525936087
2606,0.619,0.881,0.4465313426820683,0.592,1.32e-05,0.0901,1.0,0.0324,0.427856525936087
2607,0.15,0.736,0.4575469701885113,0.809,0.00151,0.0886,1.0,0.0323,0.5166175549120222
2608,0.644,0.663,0.4811965658216466,0.477,0.0,0.122,1.0,0.0414,0.6061618316990973
2609,0.25,0.8,0.4849164821907368,0.658,0.0,0.111,0.0,0.079,0.5929058917170485
2610,0.00649,0.541,0.5640469704541555,0.674,9.76e-05,0.235,0.0,0.0841,0.4366670053684228
2611,0.828,0.48,0.48390911244328394,0.332,0.0,0.132,1.0,0.0352,0.4824213788548493
2612,0.00096,0.535,0.49806242820549684,0.791,0.000155,0.0788,1.0,0.0327,0.6053489474842927
2613,0.00136,0.264,0.6174686303927555,0.88,0.886,0.115,0.0,0.057,0.7367652288777117
2614,0.463,0.764,0.46934524804594324,0.725,5.91e-06,0.109,1.0,0.0576,0.4236439228437399
2615,0.365,0.479,0.5269018875458298,0.545,0.0,0.0963,1.0,0.0688,0.3170968178970008
2616,0.0235,0.505,0.5074777948957445,0.624,0.0,0.5,1.0,0.0371,0.5920887737302917
2617,0.716,0.655,0.4613610751120243,0.569,7.4e-06,0.135,0.0,0.0349,0.6361962099273484
2618,0.456,0.554,0.5423294766340772,0.337,6.18e-06,0.115,1.0,0.197,0.7361555657166082
2619,0.726,0.797,0.47916592383068046,0.39,0.0,0.144,1.0,0.0303,0.414672560077224
2620,0.698,0.827,0.47916592383068046,0.407,0.0,0.119,1.0,0.0302,0.414909651306542
2621,0.0863,0.649,0.4934759289687749,0.716,2.63e-05,0.135,1.0,0.0349,0.42332638994733185
2622,0.101,0.584,0.5145886935948307,0.955,0.00243,0.092,0.0,0.0507,0.5420921607478534
2623,0.0458,0.524,0.46674287411833815,0.748,0.000366,0.358,1.0,0.0389,0.5420582905722366
2624,0.516,0.58,0.45428594398200883,0.103,0.836,0.112,0.0,0.0329,0.5505935748276855
2625,0.802,0.737,0.4806151559635341,0.408,0.0,0.171,1.0,0.104,0.5415756405696963
2626,0.121,0.869,0.57500605303282,0.648,2.17e-05,0.126,0.0,0.0633,0.5293696760317702
2627,0.141,0.782,0.4440767860595145,0.798,0.0,0.685,0.0,0.0337,0.5414570949550374
2628,0.456,0.651,0.4956378663283443,0.486,0.0,0.1,1.0,0.0456,0.3308269403376856
2629,0.771,0.495,0.40903792837689945,0.364,0.594,0.0852,0.0,0.0394,0.7284543345357245
2630,0.32,0.754,0.5042917156741185,0.583,0.00015,0.144,0.0,0.0432,0.516570983420549
2631,0.291,0.734,0.5060129847520032,0.614,0.000306,0.12,0.0,0.0477,0.5162407492082847
2632,0.00761,0.615,0.544298484755378,0.91,0.00636,0.16,0.0,0.0762,0.5927153719792038
2633,0.0857,0.7,0.4372461789408131,0.934,0.226,0.114,0.0,0.17,0.3936264797032972
2634,0.00883,0.702,0.49117405585967155,0.825,0.0,0.0674,0.0,0.0601,0.4359811343121814
2635,0.00883,0.702,0.49117405585967155,0.825,0.0,0.0674,0.0,0.0601,0.4359811343121814
2636,0.674,0.228,0.381478110921903,0.153,0.932,0.0622,0.0,0.0347,0.2358168639604396
2637,0.161,0.513,0.49604498869154634,0.661,0.0,0.246,1.0,0.24,0.4013234771122288
2638,0.387,0.718,0.4959817598796108,0.483,0.000208,0.124,1.0,0.0381,0.4402995817033311
2639,0.0132,0.611,0.4415858564221393,0.52,0.0,0.105,1.0,0.0346,0.6770944469847076
2640,0.186,0.7,0.4540862582619005,0.49,0.0,0.117,1.0,0.076,0.3386255482734678
2641,0.0706,0.676,0.516912865391991,0.609,0.0,0.152,0.0,0.481,0.6013522667615031
2642,0.00324,0.582,0.5414707798379035,0.952,0.0,0.223,1.0,0.0731,0.4361928229097868
2643,0.416,0.815,0.47590281867149886,0.845,1.54e-06,0.117,0.0,0.0457,0.5498568985080187
2644,0.0375,0.747,0.4584032646395495,0.877,0.000833,0.233,0.0,0.0664,0.45720926688004876
2645,0.0304,0.662,0.5023217076177984,0.812,0.0,0.0848,1.0,0.328,0.7200037257193179
2646,0.0375,0.747,0.4584032646395495,0.877,0.000833,0.233,0.0,0.0664,0.45720926688004876
2647,0.105,0.689,0.4783312335295484,0.627,0.000321,0.0905,1.0,0.308,0.7790479093634101
2648,0.000421,0.7,0.46289233258354945,0.832,0.464,0.278,1.0,0.0539,0.5503183796507984
2649,0.00827,0.736,0.42944509094189387,0.79,0.00497,0.176,0.0,0.051,0.49109637758471775
2650,0.0452,0.653,0.4803627677915385,0.836,0.299,0.1,0.0,0.0457,0.5638622161255905
2651,0.092,0.803,0.4762212410351161,0.702,0.0,0.0948,1.0,0.194,0.575805686802486
2652,0.466,0.531,0.4785181513353185,0.401,0.0,0.0923,1.0,0.0302,0.4495334383308777
2653,0.91,0.492,0.4745694823022071,0.224,0.0,0.142,1.0,0.0493,0.39390590865213637
2654,0.0339,0.753,0.4508761470369915,0.534,7.32e-06,0.0972,1.0,0.0277,0.4067511727548307
2655,0.921,0.539,0.4870728047907693,0.179,0.393,0.106,1.0,0.0309,0.5927704110145811
2656,0.515,0.633,0.4530618109782061,0.242,0.0,0.0839,0.0,0.0761,0.4158368473640535
2657,0.239,0.879,0.45546294723715564,0.498,0.0,0.0967,0.0,0.18,0.4489661128892953
2658,0.323,0.685,0.4948127001076401,0.563,0.0,0.111,0.0,0.0714,0.3619917356771495
2659,0.21,0.609,0.4661778440022708,0.821,0.00148,0.589,1.0,0.2,0.7198978814205151
2660,0.196,0.423,0.48525951130150324,0.634,0.0,0.189,0.0,0.0578,0.639206421785297
2661,0.274,0.645,0.4952422755630639,0.486,0.0,0.135,1.0,0.0425,0.3071008823180748
2662,0.455,0.441,0.5185883177864841,0.65,0.00313,0.102,0.0,0.0511,0.7107275313722502
2663,0.484,0.488,0.44088385158351806,0.264,0.0,0.131,1.0,0.0336,0.42480397635861744
2664,0.813,0.435,0.45834428599981214,0.133,0.913,0.42,1.0,0.0431,0.4572135006520009
2665,0.17,0.694,0.5009218318926845,0.583,0.82,0.329,1.0,0.0371,0.57155497976257
2666,0.0833,0.689,0.5088408451009463,0.706,0.0,0.105,0.0,0.0312,0.4509813883384985
2667,0.573,0.521,0.5293049054115158,0.304,0.00971,0.137,1.0,0.0284,0.46530423885247846
2668,0.0102,0.705,0.5548744230035685,0.712,0.000855,0.1,1.0,0.0385,0.4128435705939135
2669,0.746,0.5,0.47613838750909077,0.292,0.0,0.188,1.0,0.0323,0.6176184186015004
2670,0.13,0.573,0.4596671549486917,0.694,0.0,0.0917,1.0,0.042,0.44490592558722414
2671,0.0206,0.457,0.5356236614444274,0.757,0.0,0.146,1.0,0.032,0.43591339396094764
2672,0.189,0.553,0.48659883339604715,0.636,0.0,0.0779,1.0,0.152,0.3470380531423055
2673,0.000593,0.822,0.422770524391904,0.981,0.748,0.0938,1.0,0.109,0.48690494335213125
2674,0.213,0.69,0.4666830959073598,0.676,0.0,0.123,1.0,0.0335,0.42347457196565563
2675,0.113,0.625,0.47365093257589863,0.54,0.162,0.107,1.0,0.0271,0.702420870802215
2676,0.838,0.767,0.4973617498021845,0.313,0.0,0.105,1.0,0.0798,0.34963335534894746
2677,0.259,0.584,0.48455765955659236,0.779,0.00606,0.28,0.0,0.0721,0.40153516570983416
2678,0.205,0.938,0.4656400003996668,0.405,1.41e-05,0.124,1.0,0.0465,0.42355501363274567
2679,0.53,0.773,0.4731892638016002,0.654,0.0,0.109,0.0,0.284,0.5461100103304035
2680,0.497,0.693,0.5092077397368815,0.515,0.0,0.3,1.0,0.0723,0.39799149858592014
2681,0.304,0.509,0.5097131205937413,0.671,0.0,0.0452,1.0,0.0678,0.5013336381649138
2682,0.544,0.684,0.45248603419009537,0.512,0.0,0.097,1.0,0.0525,0.5076334908296499
2683,0.363,0.835,0.5118438845860167,0.718,0.000919,0.0625,1.0,0.0816,0.5925925925925926
2684,0.985,0.577,0.28314087017710476,0.00355,0.96,0.108,0.0,0.0511,0.27686751680807464
2685,0.994,0.522,0.26892072553477164,0.00281,0.968,0.106,0.0,0.106,0.5457967112059475
2686,0.43,0.415,0.48622380203699467,0.836,0.1,0.0838,1.0,0.0377,0.770156988263984
2687,0.962,0.634,0.4584189886795367,0.132,0.796,0.216,1.0,0.0528,0.5505554708801165
2688,0.389,0.735,0.44971006414856673,0.37,0.00163,0.106,0.0,0.0705,0.47424596521532963
2689,0.0271,0.537,0.5623684763806445,0.666,0.947,0.105,0.0,0.0299,0.5335145387728835
2690,0.362,0.47,0.46013264679390464,0.796,1.1e-06,0.133,0.0,0.0336,0.4788734779589832
2691,0.0403,0.586,0.48580304088299897,0.503,0.0,0.0994,1.0,0.0268,0.40226337448559674
2692,0.942,0.702,0.4406122853016914,0.0313,0.92,0.1,1.0,0.0407,0.4912022218835204
2693,0.802,0.148,0.4547680144604338,0.0751,0.924,0.162,1.0,0.0353,0.3203017832647462
2694,0.888,0.672,0.533155273358513,0.129,6.03e-05,0.0891,1.0,0.0336,0.48660857931548374
2695,0.134,0.655,0.4731237176172369,0.666,2.12e-05,0.0683,1.0,0.0612,0.4359811343121814
2696,0.513,0.854,0.45218819450997816,0.667,3.21e-05,0.119,1.0,0.111,0.5504792629849785
2697,0.949,0.738,0.43306600353301206,0.128,0.925,0.0981,1.0,0.0578,0.5253687615370286
2698,0.766,0.434,0.5048960781782972,0.302,7.63e-06,0.149,1.0,0.0378,0.5150171891141255
2699,0.65,0.641,0.4335759663904972,0.619,0.0438,0.106,1.0,0.0738,0.6262553133837999
2700,0.352,0.626,0.4734816562008761,0.605,0.0,0.158,1.0,0.117,0.40183576351843386
2701,0.548,0.769,0.4807694870116541,0.724,0.0,0.161,1.0,0.0864,0.4685049704482718
2702,0.326,0.825,0.45578983499339,0.42,0.0,0.151,1.0,0.0516,0.5078536469711595
2703,0.846,0.41,0.5289996784928128,0.316,0.0,0.124,1.0,0.029,0.564310995952514
2704,0.256,0.754,0.4908923835399499,0.398,2.46e-06,0.126,0.0,0.0458,0.5292003251536859
2705,0.72,0.535,0.46022305918933615,0.584,6.41e-06,0.188,1.0,0.268,0.5119307693610391
2706,0.306,0.783,0.4343977163854482,0.705,9.31e-05,0.23,0.0,0.0336,0.4021490626428898
2707,0.897,0.421,0.493121149614401,0.269,7.31e-05,0.0731,1.0,0.0374,0.33611492150586797
2708,0.556,0.488,0.49388135325338256,0.343,0.0,0.21,1.0,0.0436,0.4353121983437484
2709,0.00868,0.692,0.5687010034269142,0.744,0.000423,0.359,1.0,0.257,0.725558434520483
2710,0.48,0.753,0.406026390594201,0.355,0.87,0.122,0.0,0.0898,0.4736024318786093
2711,0.507,0.582,0.4821196470261897,0.499,0.0,0.108,1.0,0.0816,0.5679393385154702
2712,0.587,0.636,0.5063811536704881,0.563,0.000244,0.115,1.0,0.0302,0.6135751663872377
2713,0.18,0.667,0.4475943069779116,0.949,0.00107,0.0553,1.0,0.224,0.5418635370624396
2714,0.628,0.485,0.46540478289219367,0.484,0.000566,0.112,1.0,0.0307,0.3813400734982811
2715,0.956,0.0744,0.39654585920172525,0.0208,0.954,0.0847,0.0,0.0397,0.3339260614066284
2716,0.216,0.597,0.5147613749844062,0.687,0.0,0.107,1.0,0.0466,0.40114565869024027
2717,0.327,0.575,0.5074188426369863,0.711,0.0,0.112,0.0,0.0886,0.5903571610018797
2718,0.223,0.766,0.4646318283874862,0.706,0.00028,0.064,0.0,0.16,0.6053828176599095
2719,0.84,0.71,0.5170096780323696,0.258,0.000323,0.0998,1.0,0.034,0.47808599637589116
2720,0.965,0.71,0.5408550720059822,0.0565,0.0,0.0889,1.0,0.0534,0.5249623194296262
2721,0.0536,0.61,0.5208740689584244,0.509,0.0,0.0754,1.0,0.027,0.5501490287727142
2722,0.45,0.752,0.4663155397429486,0.537,0.000158,0.111,1.0,0.0505,0.6224491523988552
2723,0.932,0.386,0.508541095734226,0.136,0.0,0.0653,1.0,0.0458,0.28373046114244105
2724,0.969,0.697,0.44292469832511516,0.0996,0.389,0.373,1.0,0.178,0.7277980998831478
2725,0.000896,0.568,0.48051132915545947,0.891,0.000137,0.357,1.0,0.0376,0.44435130146149804
2726,0.0933,0.658,0.4903914173256434,0.671,0.000927,0.115,1.0,0.0363,0.427467018916493
2727,0.261,0.724,0.462794776358465,0.603,0.0,0.185,1.0,0.0764,0.444546054971295
2728,0.477,0.62,0.4435921771646123,0.711,0.000168,0.0812,1.0,0.035,0.41602313332994634
2729,0.51,0.632,0.47605725609373506,0.454,2.68e-06,0.179,1.0,0.0505,0.38114108621653203
2730,0.115,0.584,0.45934989986335273,0.799,0.0,0.0811,1.0,0.0638,0.4237285982827821
2731,0.333,0.513,0.5021233180234295,0.511,8.54e-06,0.122,1.0,0.034,0.3597605378583888
2732,0.00984,0.554,0.4750414724860341,0.864,0.0,0.23,1.0,0.0287,0.5595945739978662
2733,0.655,0.662,0.49129382048750303,0.39,0.0,0.0933,1.0,0.125,0.32183440871140917
2734,0.403,0.568,0.4666644107273772,0.824,0.0,0.0855,1.0,0.0299,0.45989347829768495
2735,0.0104,0.246,0.4993286668109409,0.539,0.000132,0.094,1.0,0.0408,0.6502946705278667
2736,0.779,0.439,0.5112206562022101,0.605,0.0,0.0916,1.0,0.0606,0.2823206150823892
2737,0.614,0.532,0.4728135880326212,0.178,0.14,0.0985,0.0,0.0541,0.6345535064099307
2738,0.208,0.679,0.47557050392676103,0.481,1.02e-05,0.284,1.0,0.0593,0.3387483276600789
2739,0.00453,0.495,0.5183890128742394,0.894,0.000596,0.103,0.0,0.0441,0.5335822791241173
2740,0.0718,0.713,0.4905319397375527,0.764,0.0,0.0708,0.0,0.0294,0.529441650154956
2741,0.571,0.417,0.44078316194361467,0.257,0.0,0.124,1.0,0.0421,0.29279920066385545
2742,0.0329,0.651,0.4882992208827266,0.794,0.0,0.319,1.0,0.0499,0.5634557740181884
2743,0.105,0.738,0.48280749141611445,0.85,0.0,0.23,1.0,0.0642,0.4149646903419194
2744,0.181,0.613,0.549450783006491,0.82,1.45e-06,0.049,1.0,0.0737,0.48741299598638416
2745,0.262,0.647,0.456454584056984,0.642,0.0,0.134,0.0,0.0743,0.3812299954275263
2746,0.527,0.861,0.4696464341329285,0.712,4.12e-05,0.622,0.0,0.104,0.5039966807227896
2747,0.263,0.511,0.43365604048926687,0.467,0.0,0.0641,1.0,0.144,0.3309666548121052
2748,0.0685,0.669,0.5064338907687382,0.634,0.0,0.0597,1.0,0.0321,0.54156293925384
2749,0.68,0.576,0.44662749404051905,0.403,0.0,0.527,0.0,0.08,0.5891293671357686
2750,0.605,0.755,0.46153374685924575,0.783,0.00663,0.203,1.0,0.176,0.44040542600213384
2751,0.0928,0.546,0.4861682606277642,0.657,0.0,0.119,1.0,0.0332,0.5638876187573032
2752,0.0761,0.858,0.47898147938180635,0.678,0.0,0.0741,0.0,0.0469,0.49538942234415484
2753,0.739,0.712,0.44190800712813694,0.0784,0.0,0.107,1.0,0.0544,0.5141619671797998
2754,0.927,0.609,0.5073991871532204,0.141,0.000104,0.0923,1.0,0.0394,0.33122068112923164
2755,0.202,0.564,0.49405999032316483,0.585,0.00206,0.118,0.0,0.0379,0.6844612101813747
2756,0.203,0.827,0.4803163683422742,0.587,0.0,0.0727,0.0,0.113,0.5077816728479737
2757,0.952,0.269,0.5232789396380997,0.122,0.0,0.0915,1.0,0.0334,0.35549712950261647
2758,0.649,0.604,0.50757454690602,0.466,0.0334,0.093,1.0,0.0315,0.5082431539907535
2759,0.184,0.636,0.48651777376986804,0.704,5.23e-05,0.138,1.0,0.0597,0.5126166404172805
2760,0.588,0.548,0.4809912966018781,0.372,0.00557,0.347,1.0,0.0305,0.6338464664939287
2761,0.295,0.776,0.49708280580392206,0.785,0.000807,0.169,0.0,0.058,0.41506206709681787
2762,0.17,0.718,0.4548353306234352,0.574,3.08e-06,0.126,0.0,0.0902,0.5502802757032295
2763,0.864,0.395,0.4890577192448684,0.324,0.0749,0.105,0.0,0.0406,0.5126886145404663
2764,0.678,0.745,0.5143014153540233,0.438,0.112,0.125,0.0,0.0326,0.5080102965333875
2765,0.0928,0.918,0.5125028511875,0.609,0.0,0.139,0.0,0.0791,0.5419566800453861
2766,0.942,0.628,0.42708698701543857,0.197,0.88,0.0803,0.0,0.0367,0.5921565140815255
2767,0.294,0.625,0.4799834525423019,0.414,0.0,0.151,1.0,0.0369,0.5507629257057697
2768,0.053,0.213,0.5307834296002665,0.4,0.612,0.111,0.0,0.0324,0.5646539314806347
2769,0.0627,0.876,0.521613804892807,0.786,0.0,0.127,0.0,0.306,0.6480550051652018
2770,0.43,0.647,0.4333435291919381,0.537,0.000258,0.119,0.0,0.21,0.35758437907500545
2771,0.000551,0.294,0.5437195969834421,0.679,5.13e-05,0.165,1.0,0.152,0.8384138596758623
2772,0.982,0.66,0.4513694011667597,0.105,0.924,0.0799,1.0,0.032,0.31762603939101425
2773,0.918,0.696,0.42751147306296966,0.159,0.906,0.2,1.0,0.0422,0.5081203746041423
2774,0.936,0.395,0.4466665723636818,0.379,0.977,0.344,0.0,0.192,0.8799513962979898
2775,0.974,0.56,0.3979167003964148,0.134,0.921,0.127,0.0,0.0342,0.4318151027113075
2776,0.218,0.716,0.4318783381773985,0.703,2.81e-06,0.0926,0.0,0.0764,0.5254068654845976
2777,0.314,0.684,0.5409256409358938,0.958,1.94e-06,0.618,1.0,0.264,0.6941269115480363
2778,0.512,0.548,0.4809793145946968,0.492,0.000468,0.108,1.0,0.0721,0.33356195701874713
2779,0.00175,0.823,0.45198490298849814,0.455,1.24e-06,0.0559,0.0,0.0466,0.5375196870395772
2780,0.0956,0.689,0.4588566880075906,0.727,0.783,0.0607,1.0,0.0363,0.5502802757032295
2781,0.0797,0.653,0.4650994359932108,0.866,1.11e-06,0.17,1.0,0.0552,0.5164016325424647
2782,0.174,0.581,0.41732884097687095,0.385,0.0,0.122,1.0,0.0359,0.5506443800911107
2783,0.000377,0.719,0.4481226820365609,0.632,0.855,0.0362,1.0,0.0602,0.5079975952175312
2784,0.426,0.593,0.4337315029752067,0.641,0.901,0.122,0.0,0.0992,0.7409693644261546
2785,0.0141,0.817,0.4969439310677277,0.539,0.000496,0.099,0.0,0.0621,0.41093413944351304
2786,0.0228,0.41,0.47547404141592575,0.611,0.0,0.116,0.0,0.0467,0.786325763349083
2787,0.0053,0.633,0.40794522354755336,0.433,0.28,0.145,1.0,0.229,0.5168927500889091
2788,0.0302,0.672,0.35068857557148014,0.981,2.36e-05,0.648,1.0,0.181,0.40226760825754876
2789,0.492,0.785,0.472378414628547,0.422,0.0452,0.095,0.0,0.0531,0.5166683601754475
2790,0.161,0.831,0.4604445037968985,0.554,6.12e-05,0.152,0.0,0.218,0.5928381513658149
2791,0.247,0.736,0.4609310144395884,0.616,0.0,0.379,1.0,0.0532,0.5339506172839507
2792,0.0846,0.672,0.43496254908806153,0.996,0.928,0.111,1.0,0.0545,0.7407619096005013
2793,0.00364,0.468,0.48236594159693236,0.961,0.0,0.226,1.0,0.114,0.40189503632576334
2794,0.446,0.622,0.4418481961025438,0.527,0.0,0.07,0.0,0.0346,0.3364917272096055
2795,0.0424,0.908,0.4530963337158571,0.314,4.15e-05,0.0727,1.0,0.116,0.4107224508459076
2796,0.608,0.589,0.48202612767651787,0.456,0.0,0.249,0.0,0.0307,0.31758370167149313
2797,0.0297,0.815,0.5877448395528031,0.833,2e-05,0.33,0.0,0.0769,0.423330623719284
2798,0.815,0.537,0.5344027707700665,0.367,0.0,0.132,1.0,0.0241,0.38507426036003994
2799,0.0016,0.638,0.47318477517620616,0.679,0.00655,0.121,1.0,0.0425,0.34312604785855816
2800,0.424,0.738,0.42672464790297027,0.621,7.39e-06,0.692,1.0,0.0486,0.4825145218377957
2801,0.0787,0.756,0.44716321326783537,0.715,0.0,0.0814,0.0,0.124,0.44887296990634895
2802,0.441,0.605,0.4511835782135807,0.88,8.62e-06,0.113,0.0,0.0669,0.5242764483733847
2803,0.857,0.771,0.4512842157884782,0.426,0.946,0.107,1.0,0.13,0.3641721282324849
2804,0.97,0.842,0.37763459453234804,0.462,0.0,0.151,1.0,0.119,0.41654388728005554
2805,0.234,0.533,0.5592770469777264,0.436,3.17e-06,0.46,0.0,0.0276,0.6218056190621348
2806,0.284,0.48,0.585149050557745,0.681,0.0,0.125,1.0,0.163,0.3725846331013226
2807,0.125,0.633,0.6033373992749009,0.581,0.000825,0.104,0.0,0.0329,0.43163728428931897
2808,0.303,0.371,0.5586027332769823,0.519,0.0,0.2,1.0,0.0286,0.7653474233263898
2809,0.364,0.583,0.5668611455991264,0.45,0.00166,0.141,0.0,0.0292,0.38968907178783724
2810,0.384,0.6,0.5617115333567892,0.5,3.81e-05,0.0907,1.0,0.0252,0.4657403173635455
2811,0.608,0.468,0.5595465236412274,0.426,0.0,0.0733,1.0,0.0325,0.549784924384833
2812,0.0134,0.514,0.3791362496208224,0.407,0.0294,0.135,1.0,0.153,0.35038273298447054
2813,0.00119,0.556,0.49950755840987604,0.881,0.0,0.0709,1.0,0.082,0.4444317431285881
2814,0.0304,0.583,0.5088790867502309,0.68,0.0,0.189,1.0,0.422,0.4130806618232315
2815,0.674,0.913,0.5120407217684191,0.351,0.00253,0.0804,1.0,0.311,0.4446010940066724
2816,0.436,0.629,0.48202612767651787,0.628,0.00907,0.0677,0.0,0.0404,0.35996799268404206
2817,0.0188,0.692,0.5212055586365039,0.954,0.0,0.151,0.0,0.0915,0.6011109417602329
2818,0.308,0.61,0.4639606717248672,0.489,0.0,0.165,0.0,0.127,0.44461379532252876
2819,0.0128,0.606,0.5135627742247681,0.799,0.0,0.15,1.0,0.0261,0.4361377838744094
2820,0.755,0.721,0.4959513076428421,0.389,0.0,0.136,1.0,0.0279,0.41492235262239835
2821,0.23,0.393,0.46705262284387294,0.654,0.0,0.0614,1.0,0.0388,0.3607766431268946
2822,0.38,0.688,0.5340840607737367,0.616,1.18e-06,0.364,0.0,0.0274,0.4529924300157496
2823,0.701,0.559,0.5476218449354922,0.422,1.99e-06,0.0853,1.0,0.195,0.31330759199986447
2824,0.79,0.104,0.42972063379451253,0.373,0.984,0.111,0.0,0.0555,0.3726227370488916
2825,0.101,0.738,0.47519583961919953,0.794,0.0,0.0533,0.0,0.0416,0.44037155582651694
2826,0.225,0.737,0.4802931636722294,0.714,3.79e-06,0.267,0.0,0.0367,0.43203949262476926
2827,0.0286,0.787,0.47138661725882125,0.796,0.0,0.0909,0.0,0.0429,0.5335907466680214
2828,0.00045,0.355,0.5466355268557561,0.791,0.0,0.0969,1.0,0.0453,0.45043946552862874
2829,0.143,0.456,0.38577386752910425,0.469,0.936,0.212,0.0,0.0339,0.5082431539907535
2830,0.994,0.58,0.2960911115400924,0.00283,0.963,0.103,0.0,0.054,0.28190993920303475
2831,0.00162,0.628,0.476642789718277,0.639,0.0,0.354,1.0,0.0435,0.4574378905654626
2832,0.0891,0.617,0.5216324889579127,0.533,4.04e-06,0.0415,0.0,0.0651,0.6725770123118089
2833,0.674,0.524,0.48172565332011485,0.515,0.0,0.104,0.0,0.0427,0.7192416467679384
2834,0.341,0.522,0.41539631385030895,0.699,0.000181,0.219,1.0,0.145,0.6996096462260156
2835,0.0447,0.543,0.5208445706142872,0.526,0.0533,0.0778,1.0,0.0582,0.6477671086724585
2836,0.0205,0.742,0.48028198987706694,0.713,0.0,0.059,0.0,0.0303,0.508188114955376
2837,0.54,0.625,0.47821636858694916,0.645,0.0776,0.347,1.0,0.0278,0.4529966637877017
2838,0.0393,0.345,0.5098501591073332,0.923,0.0137,0.893,1.0,0.0828,0.6181349387796575
2839,0.415,0.776,0.517159932877091,0.709,0.288,0.115,0.0,0.145,0.5336373181594947
2840,0.00997,0.825,0.5240078844050413,0.687,1.32e-05,0.19,0.0,0.0414,0.4699571542278446
2841,0.617,0.676,0.49665805166170873,0.525,0.0,0.356,1.0,0.028,0.47422903012752116
2842,0.00237,0.466,0.3137946232389186,0.823,0.000321,0.332,1.0,0.311,0.7442844078646548
2843,0.829,0.733,0.5060056422700518,0.439,0.000204,0.139,1.0,0.0942,0.44406763874070687
2844,0.0977,0.333,0.4930838013652574,0.412,0.0,0.113,1.0,0.029,0.3599891615438026
2845,0.00645,0.817,0.5185155622770479,0.673,0.151,0.15,1.0,0.0819,0.5336330843875425
2846,0.417,0.795,0.48070520013475826,0.616,0.0,0.349,0.0,0.06,0.46577842131111447
2847,0.0102,0.833,0.49240448167646433,0.434,0.0219,0.165,1.0,0.431,0.6353282866771665
2848,0.0268,0.717,0.37551435389252896,0.982,0.274,0.327,1.0,0.176,0.5081415434639028
2849,0.606,0.659,0.5437248423629675,0.774,0.000333,0.185,1.0,0.0372,0.35138190316516793
2850,0.661,0.467,0.5260903607586842,0.859,0.0,0.0522,0.0,0.0409,0.38037053972124846
2851,0.734,0.777,0.45124006612218825,0.716,8.3e-05,0.116,0.0,0.256,0.5082727903944182
2852,0.458,0.548,0.5866180096667466,0.737,0.00806,0.091,1.0,0.0386,0.5078875171467764
2853,0.0753,0.612,0.3974448524270835,0.488,0.00197,0.122,1.0,0.244,0.406564886788938
2854,0.765,0.506,0.4316156799735469,0.322,0.533,0.647,0.0,0.357,0.6754983149587631
2855,0.0115,0.671,0.4904681543208904,0.584,0.0,0.105,0.0,0.0325,0.4151594438517163
2856,0.143,0.569,0.515003378453001,0.791,0.655,0.109,1.0,0.0355,0.5917966434655964
2857,0.548,0.652,0.45171891402811526,0.526,0.0,0.141,0.0,0.0765,0.3216184863418517
2858,0.183,0.659,0.5518122699684489,0.781,0.0731,0.138,1.0,0.0274,0.48023251875560974
2859,0.00489,0.545,0.4834932931362532,0.783,0.0,0.132,0.0,0.0345,0.7370319565106945
2860,0.0273,0.426,0.42122782826253924,0.787,3.52e-06,0.0975,1.0,0.141,0.37318582871852185
2861,0.0143,0.613,0.507787490259791,0.614,0.0,0.094,1.0,0.0439,0.397906823146878
2862,0.0104,0.545,0.5931614802837872,0.442,0.0271,0.0664,1.0,0.0352,0.4998941557011973
2863,0.0184,0.756,0.5260819199110749,0.674,0.0,0.158,0.0,0.0959,0.47416128977628746
2864,0.0407,0.747,0.5135249128512558,0.45,0.0,0.17,1.0,0.0919,0.40644634117427897
2865,0.87,0.5,0.4555169738335978,0.156,0.0,0.125,1.0,0.0469,0.7358041626445834
2866,0.047,0.643,0.45615892053575324,0.783,0.0,0.083,1.0,0.0856,0.6523565174685431
2867,0.0141,0.541,0.4935710406444245,0.791,0.00285,0.12,1.0,0.0461,0.4319590509576792
2868,0.754,0.797,0.46393502207757886,0.537,5.49e-05,0.107,1.0,0.039,0.4871759047570662
2869,0.484,0.731,0.6351504600114612,0.506,0.0,0.0944,1.0,0.037,0.4868245016850412
2870,0.427,0.628,0.4057647640228528,0.448,0.00128,0.135,1.0,0.0341,0.6775516943555352
2871,0.567,0.914,0.49114430202962245,0.427,0.013,0.0774,0.0,0.0537,0.5080949719724297
2872,0.278,0.46,0.48319466469912387,0.698,5.02e-05,0.306,0.0,0.414,0.6101415773340785
2873,0.0153,0.773,0.4549688760616677,0.47,0.000193,0.0851,1.0,0.0299,0.4021871665904588
2874,0.159,0.694,0.4393382332117135,0.475,3.9e-06,0.103,1.0,0.0345,0.4021532964148419
2875,0.979,0.54,0.5119373764317863,0.479,0.578,0.161,1.0,0.0353,0.47137970160375275
2876,0.777,0.569,0.5474891988218,0.827,2.8e-06,0.37,0.0,0.11,0.41660316008738507
2877,0.981,0.48,0.4588449266909054,0.0419,0.905,0.365,1.0,0.0356,0.35990448610476045
2878,0.571,0.557,0.3948185017330861,0.183,0.915,0.111,1.0,0.0357,0.4424926755745228
2879,0.245,0.364,0.5044281889622906,0.466,2.75e-06,0.0905,1.0,0.0889,0.3565936764382123
2880,0.0584,0.526,0.5305492040523068,0.699,2.56e-06,0.0555,0.0,0.0362,0.5501447950007621
2881,0.247,0.571,0.46485210142123656,0.502,2.49e-05,0.441,0.0,0.137,0.6729241816118816
2882,0.00979,0.34,0.5243534230042193,0.684,0.0,0.348,1.0,0.044,0.4782849836576402
2883,0.841,0.775,0.47987405301049146,0.327,0.0,0.0821,1.0,0.0557,0.3854849362393944
2884,0.0519,0.567,0.4879936843485462,0.651,0.0,0.183,0.0,0.0554,0.39792799200663853
2885,0.931,0.211,0.4054646655152583,0.119,0.83,0.0948,1.0,0.0374,0.341940591711968
2886,0.395,0.434,0.4453124036274636,0.889,0.0,0.273,1.0,0.0509,0.4797964402445426
2887,0.0616,0.748,0.42404182846987126,0.694,0.000167,0.331,1.0,0.0861,0.48707006045826345
2888,0.0457,0.481,0.4769009893597116,0.493,1.69e-06,0.129,0.0,0.0459,0.7538823688800825
2889,0.235,0.549,0.44695356410931186,0.68,0.0,0.318,1.0,0.069,0.719817439753425
2890,0.933,0.488,0.446015809889611,0.103,0.0,0.107,1.0,0.0522,0.5086495960981557
2891,0.87,0.655,0.4198024304658603,0.118,0.924,0.11,0.0,0.041,0.5677234161459127
2892,0.714,0.46,0.509609009266287,0.444,2.65e-05,0.0881,1.0,0.123,0.3174355196531694
2893,0.125,0.555,0.4956699415729995,0.662,0.0,0.111,0.0,0.0827,0.6271401717217903
2894,0.414,0.68,0.6036683886740035,0.973,0.0,0.216,1.0,0.122,0.48714203458144933
2895,0.343,0.681,0.586598289097942,0.917,0.0,0.663,1.0,0.0573,0.49124455960304153
2896,0.578,0.554,0.5470118067393646,0.606,0.000183,0.11,1.0,0.0722,0.3976443292858473
2897,0.0894,0.844,0.4339245738365849,0.817,0.0,0.0604,0.0,0.13,0.49969093464749614
2898,0.713,0.324,0.5466149150743216,0.539,3.15e-05,0.118,1.0,0.038,0.5102795982997171
2899,0.491,0.634,0.5425233396258364,0.54,5.53e-05,0.115,1.0,0.0297,0.5125446662940948
2900,0.885,0.575,0.49961143960867327,0.306,0.0,0.109,1.0,0.0476,0.347215871564294
2901,0.047,0.595,0.5069333153937268,0.723,0.0286,0.0995,1.0,0.0349,0.45742942302155837
2902,0.245,0.765,0.46338019460953506,0.582,8.21e-05,0.154,1.0,0.12,0.5630577994546901
2903,0.193,0.673,0.45717903205504906,0.7,0.0,0.208,1.0,0.0958,0.5377313756371827
2904,0.951,0.232,0.3769416932393399,0.00108,0.431,0.346,1.0,0.0346,0.3550187132720283
2905,0.728,0.645,0.42531053243918127,0.561,0.0,0.171,1.0,0.0938,0.4877771003742654
2906,0.0628,0.854,0.46981514925403167,0.631,2.25e-05,0.0824,0.0,0.0673,0.3981142779725313
2907,0.0509,0.813,0.49509554597628913,0.888,1.29e-05,0.129,1.0,0.241,0.6353452217649749
2908,0.505,0.333,0.6029493812783495,0.423,0.00186,0.0873,1.0,0.0369,0.5242679808294806
2909,0.716,0.508,0.4631636530432499,0.394,0.0,0.158,0.0,0.0252,0.3897398770512625
2910,0.0161,0.526,0.5194379013037405,0.712,0.0,0.179,0.0,0.0356,0.444584158918864
2911,0.0239,0.564,0.45035042670155834,0.795,0.000435,0.159,1.0,0.0359,0.5929312943487611
2912,0.00087,0.534,0.5834100901929027,0.849,0.508,0.552,0.0,0.0678,0.5292595979610154
2913,0.705,0.659,0.4716976545493772,0.24,0.0,0.288,1.0,0.0427,0.5495859371030839
2914,0.532,0.664,0.5540082588757715,0.645,0.652,0.251,0.0,0.0353,0.3366949482633067
2915,0.123,0.751,0.4981094443762899,0.296,0.0,0.157,1.0,0.0406,0.5420582905722366
2916,0.777,0.497,0.47529158035005836,0.351,0.0,0.157,0.0,0.0648,0.72701908584396
2917,0.497,0.578,0.3989016085339838,0.771,0.293,0.341,1.0,0.0327,0.5627572016460904
2918,0.11,0.69,0.5177896343106916,0.678,0.0,0.246,1.0,0.154,0.7366551508069569
2919,0.403,0.754,0.48338116061888003,0.37,6.22e-05,0.107,0.0,0.12,0.48663398194719637
2920,0.461,0.691,0.5338173738071443,0.557,0.924,0.112,0.0,0.0595,0.5740529052143135
2921,0.949,0.318,0.5485100123836637,0.193,0.0328,0.095,0.0,0.0573,0.7214940134464596
2922,0.227,0.589,0.5139311135206732,0.484,0.0,0.147,1.0,0.03,0.5849591017629426
2923,0.27,0.514,0.4955282935872358,0.648,0.0,0.14,1.0,0.0482,0.6136513742823757
2924,0.747,0.629,0.5002006299205188,0.511,0.0,0.0987,1.0,0.0298,0.5926518653999221
2925,0.0312,0.645,0.4620468247816161,0.803,0.0,0.13,1.0,0.034,0.4489068400819658
2926,0.387,0.676,0.535840327049443,0.624,4.84e-05,0.206,0.0,0.0575,0.4910117021456756
2927,0.23,0.698,0.4522565824798912,0.476,0.00172,0.0785,0.0,0.0728,0.5759538688208099
2928,0.117,0.502,0.5198627274009935,0.777,2.91e-06,0.0957,1.0,0.0934,0.7373240867753899
2929,0.504,0.656,0.4539792553572406,0.645,0.0,0.18,0.0,0.0397,0.31953547054141473
2930,0.000501,0.466,0.5216231471926087,0.763,0.0,0.0973,1.0,0.0318,0.6558705481887923
2931,0.0161,0.71,0.41968412190094195,0.789,2.77e-06,0.451,1.0,0.0722,0.6051287913427831
2932,0.107,0.476,0.4961362759934267,0.807,0.00102,0.111,0.0,0.0484,0.5927661772426289
2933,0.229,0.734,0.49362332846025203,0.498,5.59e-06,0.093,0.0,0.0318,0.5336838896509678
2934,0.099,0.62,0.5257120423331876,0.682,0.0,0.132,1.0,0.353,0.6155311690291114
2935,0.0147,0.573,0.47880723488745947,0.741,0.0,0.178,1.0,0.0316,0.5249961896052431
2936,0.653,0.8,0.475950489232039,0.394,0.000423,0.11,0.0,0.0494,0.6099341225084252
2937,0.552,0.568,0.403807624139783,0.452,0.0,0.18,1.0,0.117,0.3120332266422801
2938,0.25,0.747,0.47704484188695906,0.641,0.00107,0.106,1.0,0.0925,0.4234957408254162
2939,0.0141,0.527,0.4637819904767484,0.66,0.0185,0.156,1.0,0.0877,0.7365874104557233
2940,0.181,0.592,0.46309777508589,0.64,0.801,0.14,1.0,0.0475,0.7366720858947653
2941,0.218,0.671,0.45821544188890506,0.507,0.0,0.0883,0.0,0.0665,0.3977078358651289
2942,0.115,0.689,0.43566444126860504,0.374,0.000132,0.111,0.0,0.0851,0.6434486612813086
2943,0.248,0.732,0.48051132915545947,0.587,0.00109,0.0964,1.0,0.0395,0.4022210367660756
2944,0.598,0.367,0.5439030850793611,0.15,0.00034,0.163,0.0,0.0347,0.6576995376721028
2945,0.874,0.589,0.5220323488668832,0.365,0.905,0.101,1.0,0.0284,0.4658122914867313
2946,0.0449,0.632,0.5011368162849967,0.863,1.01e-06,0.13,1.0,0.0446,0.4317431285881217
2947,0.168,0.537,0.5004902525737016,0.647,0.0,0.108,1.0,0.0519,0.33772798861962094
2948,0.498,0.657,0.47413986223628557,0.56,0.0,0.0794,0.0,0.0467,0.6858414198377618
2949,0.287,0.72,0.4885216650848079,0.503,0.0,0.0946,0.0,0.0509,0.46148537655167743
2950,0.395,0.64,0.5233027179026539,0.754,0.0,0.209,0.0,0.0392,0.40216176395874614
2951,0.295,0.63,0.5947664536946182,0.63,1.26e-05,0.0934,1.0,0.0364,0.4534496773865772
2952,0.0316,0.821,0.5001450792236235,0.735,0.0,0.334,0.0,0.0401,0.5334171620179851
2953,0.762,0.454,0.5048968174479502,0.41,0.0,0.485,1.0,0.0686,0.4241350403901844
2954,0.14,0.701,0.5266458470625874,0.507,0.0,0.108,1.0,0.0353,0.34720740402038985
2955,0.413,0.552,0.498226540561872,0.755,0.00537,0.166,1.0,0.0347,0.6267125607546274
2956,0.741,0.634,0.5669071680631084,0.344,6.09e-05,0.111,1.0,0.0288,0.5419228098697692
2957,0.00439,0.664,0.47093214611176126,0.855,0.241,0.0959,0.0,0.0633,0.6096335246998256
2958,0.073,0.734,0.45592958711635756,0.867,0.0,0.13,0.0,0.0918,0.6138503615641246
2959,0.355,0.936,0.4427409056679783,0.791,0.00628,0.168,1.0,0.235,0.4319294145540144
2960,0.0203,0.651,0.47637361697704894,0.933,0.0,0.306,0.0,0.0457,0.5675286626361158
2961,0.819,0.415,0.456397882052183,0.301,0.305,0.106,1.0,0.0443,0.7575657504784162
2962,0.123,0.5,0.4937207292777135,0.612,2.12e-05,0.195,1.0,0.0348,0.40209825737946453
2963,0.0253,0.83,0.44625525340771066,0.794,0.0248,0.106,0.0,0.432,0.5426002133821064
2964,0.0676,0.652,0.4705731295854305,0.383,0.0,0.0828,0.0,0.0516,0.6171357685989601
2965,0.0137,0.51,0.46635111567992515,0.787,0.0,0.368,0.0,0.0529,0.6862605632610206
2966,0.0493,0.369,0.4660165830592442,0.845,0.0,0.416,0.0,0.0611,0.3324865789429118
2967,0.918,0.718,0.5168297392501322,0.295,0.00454,0.0954,1.0,0.0567,0.6352944165015495
2968,0.903,0.602,0.4918200641009949,0.405,0.0,0.133,1.0,0.0319,0.5831724499991532
2969,0.00221,0.669,0.5159491686076261,0.642,0.834,0.203,1.0,0.0515,0.49100323460177137
2970,0.174,0.701,0.43107398907119077,0.716,0.0,0.324,0.0,0.0361,0.38530288404545376
2971,0.192,0.667,0.47952555364549454,0.461,6.42e-05,0.0723,1.0,0.0352,0.5754331148707006
2972,0.191,0.586,0.5049337766636959,0.516,0.0,0.489,0.0,0.0386,0.46541008315128113
2973,0.898,0.319,0.4482179011279399,0.236,1.62e-05,0.272,1.0,0.0318,0.6873571101966164
2974,0.61,0.842,0.4722240686079684,0.336,0.00112,0.11,1.0,0.0878,0.6519543091330928
2975,0.0568,0.606,0.5435382363848591,0.713,0.00262,0.0814,1.0,0.0314,0.5081203746041423
2976,0.799,0.458,0.48394273572484936,0.464,3.42e-05,0.109,0.0,0.031,0.5199961049298041
2977,0.495,0.804,0.510696384211812,0.48,0.0,0.105,1.0,0.0321,0.5080611017968127
2978,0.556,0.921,0.42462423956024065,0.537,0.00404,0.102,0.0,0.0804,0.541960913817338
2979,0.813,0.663,0.45359002179663355,0.0846,0.946,0.1,1.0,0.041,0.5165455807888364
2980,0.128,0.718,0.4979999759655458,0.584,0.00351,0.0686,1.0,0.0492,0.4529881962437975
2981,0.593,0.569,0.4895197430443139,0.403,4.49e-06,0.102,1.0,0.0439,0.5072863215295771
2982,0.496,0.579,0.4874746837921031,0.37,0.0,0.221,1.0,0.0383,0.507201646090535
2983,0.907,0.432,0.5091378842745815,0.147,0.0,0.102,1.0,0.046,0.5168292435096276
2984,0.608,0.777,0.45127394948945687,0.415,0.0,0.309,1.0,0.033,0.5500389507019594
2985,0.0275,0.646,0.4911225863529134,0.741,0.0,0.312,0.0,0.034,0.5210799505495436
2986,0.0301,0.689,0.4675338055818161,0.594,0.0,0.102,1.0,0.0584,0.5805009398973733
2987,0.0599,0.827,0.4673459686961303,0.322,0.000141,0.0873,1.0,0.0513,0.529162221206117
2988,0.00179,0.598,0.5160948800314671,0.629,0.0,0.068,0.0,0.0265,0.40633626310352416
2989,0.318,0.711,0.44022276361361956,0.714,0.92,0.0909,1.0,0.0886,0.5687860929058917
2990,0.932,0.742,0.45690947630024725,0.28,0.908,0.124,0.0,0.098,0.3513903707090721
2991,0.375,0.407,0.4551534507577262,0.697,5.07e-06,0.125,1.0,0.342,0.7607283781266406
2992,0.789,0.609,0.4490005662841354,0.184,0.207,0.0616,0.0,0.0288,0.46561330420498226
2993,0.0904,0.797,0.47526587770355566,0.631,3.71e-06,0.0998,0.0,0.0786,0.5500304831580551
2994,0.236,0.494,0.4496820750985384,0.428,0.0698,0.0816,0.0,0.205,0.3714034107266846
2995,0.59,0.304,0.5035793156542332,0.0585,0.928,0.0982,0.0,0.0351,0.5079467899541059
2996,0.771,0.654,0.43179970074230156,0.535,0.908,0.0879,0.0,0.0429,0.5924401768023166
2997,0.15,0.507,0.5328484452167732,0.737,0.159,0.122,1.0,0.0624,0.5419863164490507
2998,0.132,0.492,0.47351660061948286,0.812,0.0,0.26,1.0,0.119,0.339891446087148
2999,0.0169,0.848,0.4496281567396945,0.821,0.000403,0.0962,0.0,0.0527,0.5294374163830039
3000,0.0111,0.722,0.4896358567063026,0.758,0.0,0.308,0.0,0.0471,0.5421217971515182
3001,0.163,0.523,0.4859201661801762,0.653,0.0,0.234,1.0,0.0884,0.5707505630916696
3002,0.636,0.086,0.5817978774099912,0.362,0.404,0.106,0.0,0.0347,0.3022828498365764
3003,0.0597,0.411,0.5027529737274907,0.591,3.22e-06,0.084,1.0,0.0262,0.40181036088672123
3004,0.918,0.341,0.493908240349334,0.37,0.258,0.074,0.0,0.0393,0.4093083710139037
3005,0.4,0.614,0.5609507476286861,0.469,3.93e-06,0.102,1.0,0.0338,0.5003005978085996
3006,0.61,0.537,0.5493229940236288,0.507,0.0,0.289,1.0,0.0342,0.5510677572863215
3007,0.00547,0.712,0.4361832571757851,0.972,7.06e-05,0.128,1.0,0.112,0.5079086860065369
3008,0.00364,0.598,0.3986183821607514,0.994,0.0617,0.397,1.0,0.404,0.6398711239817778
3009,0.704,0.0631,0.6886976753415532,0.123,0.684,0.0602,1.0,0.0471,0.24623617673457635
3010,0.784,0.653,0.4694858094722876,0.644,0.000202,0.161,1.0,0.0572,0.37667022303510644
3011,0.0773,0.718,0.4597558760206537,0.427,7.74e-05,0.178,0.0,0.0395,0.5287557790987146
3012,0.617,0.644,0.43351531272607513,0.482,0.00309,0.121,1.0,0.0304,0.6097351352266761
3013,0.57,0.767,0.3528507492102517,0.461,0.0,0.697,1.0,0.0767,0.4996401293840709
3014,0.321,0.754,0.4785563779197153,0.938,4.62e-05,0.0889,1.0,0.0612,0.6099764602279463
3015,0.00768,0.274,0.5482511551635096,0.652,6.42e-05,0.108,0.0,0.0625,0.7324764178902268
3016,0.00019,0.735,0.5299656532929133,0.835,0.839,0.573,0.0,0.0612,0.5292553641890633
3017,0.00439,0.489,0.46358978501038206,0.595,0.878,0.0855,0.0,0.0374,0.7199529204558925
3018,0.000323,0.768,0.5585771927095498,0.823,0.724,0.158,0.0,0.078,0.5928254500499585
3019,0.27,0.7,0.4973307795469113,0.654,0.0,0.0768,0.0,0.297,0.4743475757421802
3020,0.209,0.842,0.5540192032547879,0.93,1.42e-05,0.104,0.0,0.0949,0.5503903537739843
3021,0.134,0.63,0.5385451199311642,0.937,0.0,0.156,1.0,0.187,0.4237836373181595
3022,0.00177,0.736,0.5383127388726501,0.828,0.837,0.0547,1.0,0.0389,0.42343646801808665
3023,0.0215,0.688,0.48218847704793855,0.702,0.0,0.128,0.0,0.0499,0.39799996612982436
3024,0.168,0.669,0.47805437616614643,0.742,0.671,0.097,1.0,0.426,0.5328413690324985
3025,0.83,0.328,0.5374483459956951,0.185,7.3e-05,0.117,1.0,0.0365,0.30251994106589436
3026,0.0148,0.437,0.5149755801997822,0.884,0.0,0.115,1.0,0.0804,0.6429109722433911
3027,0.102,0.58,0.5272291119622223,0.605,0.642,0.197,1.0,0.0296,0.486659384578909
3028,0.569,0.691,0.47141293781407256,0.474,0.000626,0.099,0.0,0.0583,0.6087444325898829
3029,0.00533,0.648,0.5121461232425863,0.827,0.338,0.217,0.0,0.042,0.7451650324306931
3030,0.0137,0.562,0.5355991613668274,0.927,8.99e-06,0.457,1.0,0.0362,0.5376848041457094
3031,0.0589,0.586,0.552373162762112,0.7,0.00125,0.0318,1.0,0.0363,0.6234017510880794
3032,0.24,0.653,0.5268883197178731,0.796,0.0,0.108,0.0,0.245,0.6775135904079663
3033,0.11,0.194,0.44369545172609026,0.376,0.386,0.593,1.0,0.0463,0.20591796643465596
3034,0.093,0.818,0.5036292402529363,0.913,3.69e-05,0.161,0.0,0.0426,0.507993361445579
3035,0.153,0.649,0.5303538645298742,0.794,0.533,0.0724,1.0,0.0352,0.44327592338566274
3036,0.00419,0.533,0.4785902530939612,0.948,0.0,0.118,1.0,0.0484,0.6521448288709376
3037,0.393,0.747,0.5104100314398132,0.494,0.0,0.0982,0.0,0.141,0.32179207099188806
3038,0.00144,0.689,0.5610346392368744,0.898,0.0739,0.33,0.0,0.0506,0.5673127402665583
3039,0.00634,0.525,0.5358195298347126,0.766,0.00235,0.125,0.0,0.0438,0.5079425561821538
3040,0.0183,0.725,0.47756044054107405,0.67,0.00276,0.157,0.0,0.278,0.5247209944283561
3041,0.0284,0.548,0.5348027476258963,0.996,0.92,0.595,1.0,0.112,0.40220410167826715
3042,0.0595,0.502,0.5571077564824378,0.997,0.962,0.438,1.0,0.103,0.3508780843028671
3043,0.00284,0.512,0.4565450675184657,0.977,0.968,0.192,0.0,0.0646,0.44381361242358036
3044,0.15,0.658,0.4678930688569507,0.529,0.0,0.129,1.0,0.111,0.4326068180663517
3045,0.0876,0.66,0.44850740256287924,0.755,0.0,0.102,0.0,0.0469,0.6179105488661959
3046,0.369,0.667,0.4645532901915328,0.593,0.0,0.112,0.0,0.0432,0.40621771748886515
3047,0.24,0.768,0.4625276332416053,0.487,0.0,0.175,0.0,0.0431,0.5801707056851089
3048,0.0575,0.682,0.39474594899769766,0.598,0.0,0.299,1.0,0.264,0.43942742468119694
3049,0.296,0.866,0.5126439144135904,0.628,0.00127,0.157,1.0,0.0418,0.4825610933292689
3050,0.0724,0.772,0.49509554597628913,0.649,0.0,0.0761,1.0,0.143,0.3813443072702332
3051,0.304,0.455,0.5450985601037197,0.733,0.0,0.158,1.0,0.0683,0.4017976595708649
3052,0.872,0.544,0.408303593069651,0.33,0.935,0.108,0.0,0.0978,0.29539026909854527
3053,0.084,0.525,0.5139080291952571,0.61,0.0,0.0572,1.0,0.0404,0.4313155176209588
3054,0.207,0.813,0.40259210386904565,0.755,0.0,0.313,0.0,0.121,0.4402741790716185
3055,0.404,0.395,0.4861467021557395,0.331,0.00046,0.0964,1.0,0.0307,0.4746651086385883
3056,0.245,0.496,0.5772678364626742,0.462,0.0,0.282,1.0,0.0307,0.7110027265491372
3057,0.626,0.459,0.541991723174787,0.721,0.0,0.108,1.0,0.044,0.7453767210282986
3058,0.696,0.58,0.4648964981854542,0.485,0.0,0.0959,1.0,0.0312,0.4817905468339853
3059,0.0163,0.585,0.4917864224448798,0.867,0.489,0.0752,0.0,0.0576,0.5415544717099358
3060,0.323,0.726,0.42957647149058453,0.419,0.89,0.107,1.0,0.0586,0.3175159613202594
3061,0.00258,0.581,0.42708698701543857,0.773,0.00191,0.326,0.0,0.0276,0.4444190418127318
3062,0.994,0.73,0.30999297761414124,0.0127,0.967,0.127,0.0,0.0625,0.4872775152839167
3063,0.993,0.786,0.33117426820698515,0.0261,0.952,0.11,0.0,0.0793,0.4866890209825738
3064,0.237,0.705,0.3848466235683321,0.503,0.963,0.127,1.0,0.0686,0.5757125438195396
3065,0.661,0.481,0.5560459886458626,0.852,0.0,0.365,0.0,0.441,0.35901962776677
3066,0.19,0.584,0.5238150899996543,0.772,0.0,0.0586,1.0,0.0565,0.5083744009212687
3067,0.027,0.82,0.5052911100956807,0.806,1.51e-05,0.429,0.0,0.0554,0.508031465393148
3068,0.201,0.606,0.4560732074772562,0.684,0.0,0.0972,1.0,0.0444,0.6265813138241122
3069,0.38,0.688,0.5340840607737367,0.616,1.18e-06,0.364,0.0,0.0274,0.4529924300157496
3070,0.24,0.647,0.47861370102140555,0.568,0.0,0.447,0.0,0.0541,0.6051795966062083
3071,0.0713,0.801,0.47195745571839964,0.723,0.154,0.0675,0.0,0.0689,0.4616081559382885
3072,0.16,0.581,0.493349027157844,0.76,0.0,0.183,1.0,0.0406,0.4407314264424461
3073,0.304,0.664,0.4970928870794702,0.609,0.0,0.0926,1.0,0.0707,0.5505639384240207
3074,0.00172,0.745,0.48555106147067173,0.762,0.153,0.329,1.0,0.0598,0.5334849023692187
3075,0.00189,0.604,0.501368893453177,0.861,0.626,0.0734,0.0,0.0283,0.5505131331605954
3076,0.0266,0.63,0.45279655483790204,0.768,0.439,0.364,1.0,0.0767,0.4441777168114616
3077,0.0213,0.589,0.521827876217944,0.614,0.165,0.31,0.0,0.0426,0.507362529424715
3078,0.00309,0.807,0.5018410995998677,0.657,0.337,0.0509,0.0,0.0987,0.4572389032837135
3079,0.968,0.162,0.47831035500392427,0.0724,0.865,0.101,1.0,0.0378,0.3484690680621179
3080,0.115,0.721,0.499412785564433,0.939,3.79e-05,0.108,1.0,0.0376,0.47972446612135683
3081,0.0921,0.726,0.4906675018931439,0.499,0.0,0.0717,1.0,0.0379,0.48646039729716
3082,0.691,0.471,0.49509554597628913,0.22,0.0,0.104,1.0,0.037,0.5661145828041118
3083,0.719,0.579,0.41874081986908984,0.396,0.000444,0.135,0.0,0.0297,0.5801241341936357
3084,0.00856,0.534,0.5338037493240164,0.621,7.23e-05,0.116,0.0,0.0325,0.4700926349303121
3085,0.0518,0.665,0.476573339889818,0.686,0.000176,0.174,1.0,0.0268,0.4100323460177141
3086,0.0794,0.321,0.49901628369596995,0.749,0.123,0.25,1.0,0.0385,0.7202196480888753
3087,0.052,0.715,0.5121355154353924,0.742,2.47e-05,0.364,1.0,0.0347,0.45289081948889903
3088,0.469,0.85,0.43808644253299756,0.611,1.9e-05,0.312,1.0,0.288,0.42348303950955984
3089,0.99,0.356,0.46644095721971923,0.00558,0.934,0.0991,1.0,0.0417,0.2964148419109553
3090,0.316,0.826,0.5023329725201022,0.694,0.0285,0.074,1.0,0.0315,0.5246998255685955
3091,0.953,0.78,0.4881600392095482,0.0946,1.84e-06,0.115,1.0,0.0378,0.4236904943352131
3092,0.105,0.604,0.5382386204483942,0.733,0.0,0.25,1.0,0.0348,0.5287346102389541
3093,0.00201,0.537,0.49159405132749945,0.863,0.0,0.201,1.0,0.0446,0.41076055479347656
3094,0.0661,0.68,0.5041150210804011,0.967,1.75e-06,0.0808,1.0,0.0664,0.4900506359125472
3095,0.0242,0.585,0.5292794385561743,0.896,0.106,0.12,0.0,0.0483,0.5078451794272553
3096,0.243,0.463,0.4652257906915904,0.608,0.951,0.12,1.0,0.0435,0.6716498162542972
3097,0.303,0.525,0.46717188727107506,0.608,0.0,0.323,1.0,0.0289,0.4863249165946925
3098,0.859,0.672,0.5090802490255122,0.52,0.0,0.115,1.0,0.0353,0.5080568680248607
3099,0.0433,0.561,0.4699260028457335,0.903,3.08e-06,0.394,1.0,0.0965,0.44477467865670883
3100,0.0163,0.608,0.5260539970752842,0.752,0.0,0.118,0.0,0.0315,0.46616792833070836
3101,0.724,0.552,0.4522565824798912,0.142,0.721,0.0848,1.0,0.0324,0.5590992226794695
3102,0.0819,0.494,0.5060254662136106,0.651,0.0,0.104,0.0,0.0384,0.6349768836051415
3103,0.188,0.652,0.5171709049820148,0.608,5.81e-06,0.397,1.0,0.054,0.5418550695185355
3104,0.772,0.629,0.43366175856539924,0.384,0.0,0.135,1.0,0.0257,0.45681552608850273
3105,0.00352,0.471,0.5034242285294321,0.744,0.0,0.687,1.0,0.0523,0.40222527053802776
3106,0.176,0.746,0.548998851235901,0.56,2.55e-06,0.109,1.0,0.0451,0.4319082456942539
3107,0.251,0.652,0.5155708172128821,0.593,9.7e-06,0.303,1.0,0.0464,0.4825695608731731
3108,0.0514,0.652,0.4863422824859309,0.648,5.79e-06,0.114,0.0,0.0457,0.5927661772426289
3109,0.0706,0.642,0.4240054345369535,0.639,0.000157,0.0805,1.0,0.138,0.6344561296550322
3110,0.416,0.71,0.4576546231437295,0.665,0.0,0.119,1.0,0.428,0.3737446866162001
3111,0.507,0.721,0.4760563740090151,0.617,0.0,0.252,0.0,0.0386,0.6267337296143881
3112,0.0291,0.727,0.4900897743860668,0.642,0.0,0.0815,1.0,0.087,0.6898296330166471
3113,0.522,0.771,0.5150402038503663,0.644,7.13e-06,0.076,1.0,0.0337,0.614019712442209
3114,0.123,0.696,0.5319320038181892,0.454,0.0,0.155,0.0,0.153,0.3934359599654524
3115,0.24,0.768,0.4625276332416053,0.487,0.0,0.175,0.0,0.0431,0.5801707056851089
3116,0.0282,0.674,0.4814237714437031,0.915,0.00337,0.273,0.0,0.0411,0.5336161492997341
3117,0.0346,0.626,0.4831921316143286,0.635,0.0,0.0953,0.0,0.163,0.6343206489525648
3118,0.707,0.0835,0.5394432335256729,0.0264,0.967,0.111,1.0,0.0398,0.310060288912598
3119,0.127,0.7,0.47411576291521307,0.748,0.0,0.0941,1.0,0.0434,0.47392419854696943
3120,0.0477,0.735,0.43948727553997546,0.686,0.0052,0.298,0.0,0.0366,0.4825102880658436
3121,0.0572,0.739,0.506309345239055,0.619,0.0,0.105,1.0,0.162,0.47825111348202337
3122,0.162,0.582,0.489992612485147,0.778,0.0,0.315,0.0,0.146,0.3174397534251215
3123,0.0185,0.576,0.48265168694543137,0.807,2.4e-06,0.0963,1.0,0.0374,0.3849853511490457
3124,0.000525,0.864,0.5085981988784107,0.757,0.000323,0.196,1.0,0.0376,0.5165159443851716
3125,0.0577,0.255,0.5108860572592806,0.393,0.00361,0.113,1.0,0.0278,0.3235702552117733
3126,0.0545,0.262,0.522673409987966,0.224,0.95,0.118,0.0,0.0463,0.506846009246558
3127,0.246,0.728,0.4576101878653063,0.559,0.298,0.293,0.0,0.046,0.4675058002675744
3128,0.198,0.345,0.5534968865489156,0.33,0.881,0.0943,1.0,0.0367,0.6752527561855407
3129,0.692,0.331,0.5827923495806924,0.422,0.729,0.107,1.0,0.0311,0.33849430134295244
3130,0.0403,0.618,0.48536452934354735,0.814,0.00236,0.263,1.0,0.157,0.6777337465494758
3131,0.105,0.502,0.4704572375482581,0.831,1.3e-06,0.174,1.0,0.295,0.8466358448068553
3132,0.0597,0.594,0.4893653383002563,0.977,3.49e-06,0.309,0.0,0.0647,0.5587732222391573
3133,0.99,0.427,0.5367388018933164,0.0451,0.913,0.112,1.0,0.041,0.5071212044234449
3134,0.0164,0.625,0.48907238092047534,0.85,0.339,0.105,0.0,0.0294,0.46146844146386895
3135,0.528,0.749,0.4821961230374052,0.419,7.85e-06,0.113,1.0,0.0719,0.5087554403969584
3136,0.776,0.68,0.4867922213286726,0.413,1.91e-05,0.0979,1.0,0.0464,0.4865916442276753
3137,0.545,0.773,0.4883474973914421,0.533,0.000974,0.11,1.0,0.0481,0.4023311148368304
3138,0.000136,0.716,0.4255126133800251,0.942,0.836,0.0663,1.0,0.0565,0.7086106453961963
3139,0.669,0.67,0.4600908262821253,0.905,0.000227,0.349,1.0,0.129,0.44439787295297123
3140,0.646,0.853,0.4884358309889303,0.314,0.000211,0.107,0.0,0.065,0.5248776439905841
3141,0.674,0.378,0.5631920340907328,0.242,0.537,0.0864,1.0,0.0317,0.6692958390489254
3142,0.221,0.641,0.4499958995837168,0.678,0.573,0.279,1.0,0.0355,0.4235253772290809
3143,0.0337,0.679,0.47501839359487796,0.866,0.0,0.0688,1.0,0.0566,0.5162111128046198
3144,0.761,0.675,0.4850292354847152,0.523,3.17e-06,0.109,1.0,0.0444,0.39808040779691445
3145,0.195,0.61,0.47287745995841,0.688,0.0,0.0833,0.0,0.0559,0.661052685058172
3146,0.931,0.555,0.455086265645684,0.27,0.544,0.103,1.0,0.0888,0.5913775000423377
3147,0.16,0.611,0.47152089844721723,0.801,0.0,0.0942,0.0,0.0777,0.7278108011990042
3148,0.873,0.439,0.35260106191470286,0.278,0.929,0.116,0.0,0.0303,0.6358109366797066
3149,0.183,0.585,0.49232785110782773,0.866,0.0,0.117,0.0,0.0659,0.3890667073108774
3150,0.521,0.59,0.48967805939223163,0.584,0.0,0.15,0.0,0.0459,0.3893122660840996
3151,0.899,0.641,0.4886417570654449,0.314,0.0,0.0704,1.0,0.0894,0.5749250622364476
3152,0.492,0.736,0.46701440252898685,0.308,0.00248,0.179,1.0,0.0421,0.5621052007654659
3153,0.0673,0.309,0.4846589458049606,0.883,0.00111,0.0849,1.0,0.0808,0.6752358210977324
3154,0.0532,0.604,0.48248640564843503,0.768,0.721,0.36,0.0,0.0294,0.571944486782164
3155,0.732,0.589,0.5016994303122293,0.271,0.0,0.0902,1.0,0.0341,0.5205253264238174
3156,0.107,0.67,0.5003496863122057,0.585,1.11e-06,0.131,0.0,0.0354,0.4658419278903961
3157,0.112,0.747,0.5381355218281016,0.983,0.0,0.706,0.0,0.181,0.4868541380887059
3158,0.911,0.385,0.5443600344170689,0.076,0.000241,0.104,1.0,0.0322,0.4171408491253027
3159,0.994,0.45,0.17563320866069865,0.0585,0.969,0.669,1.0,0.154,0.8743966874968246
3160,0.682,0.61,0.4648738290056169,0.54,0.0,0.117,1.0,0.0459,0.40247082931124994
3161,0.0144,0.659,0.41920128232273624,0.838,0.0,0.13,0.0,0.136,0.5247760334637335
3162,0.0046,0.496,0.47647922780779295,0.863,0.0,0.639,1.0,0.0381,0.4657911226269708
3163,0.0603,0.687,0.4933061755264072,0.793,0.0,0.582,1.0,0.166,0.453204118613355
3164,0.327,0.742,0.4614218686762488,0.527,0.0,0.25,0.0,0.0769,0.3597605378583888
3165,0.373,0.384,0.5310273990048922,0.561,0.253,0.0775,0.0,0.0296,0.5763687784721163
3166,0.0565,0.708,0.5375234293097977,0.826,0.0104,0.27,0.0,0.0426,0.3980677064810581
3167,0.122,0.781,0.5778301942017672,0.766,0.000104,0.121,1.0,0.0564,0.44959694491015934
3168,0.779,0.586,0.5933942486377961,0.532,0.000565,0.124,0.0,0.0328,0.4233517925790445
3169,0.0428,0.629,0.4551223685451591,0.558,0.834,0.155,1.0,0.274,0.5080145303053396
3170,0.163,0.708,0.4588361051473968,0.781,0.885,0.392,0.0,0.0638,0.3175201950922115
3171,0.206,0.722,0.46329056024927207,0.398,1.39e-06,0.207,0.0,0.0857,0.35134379921759895
3172,0.0172,0.743,0.4521167137831583,0.837,0.0,0.0743,0.0,0.0649,0.4363833426476316
3173,0.119,0.55,0.4345843158943852,0.88,0.0,0.109,1.0,0.0368,0.6795585022608341
3174,0.000493,0.711,0.39695302344588645,0.867,0.603,0.211,1.0,0.246,0.5079383224102016
3175,0.131,0.643,0.4366004958633043,0.617,0.0,0.258,1.0,0.0405,0.3704635133533167
3176,0.0146,0.631,0.4480148395446937,0.867,0.011,0.41,0.0,0.234,0.7111424410235566
3177,0.0104,0.802,0.4499048179724012,0.591,0.0,0.196,1.0,0.225,0.5921522803095733
3178,0.000711,0.707,0.4729368114617061,0.772,0.924,0.194,1.0,0.109,0.6351843384307947
3179,0.0192,0.789,0.4209029417118557,0.937,0.155,0.301,1.0,0.133,0.5717370319565107
3180,0.00317,0.399,0.5831502736788337,0.612,0.33,0.127,0.0,0.0358,0.5426298497857711
3181,0.975,0.714,0.44486669306158566,0.131,0.904,0.354,1.0,0.0556,0.478551711290623
3182,0.199,0.714,0.5112782519234651,0.845,0.00762,0.372,0.0,0.0856,0.3217031617808938
3183,0.417,0.661,0.5259429078237039,0.282,0.000156,0.227,1.0,0.0542,0.3810267743738251
3184,0.197,0.655,0.46595466155353904,0.684,0.0036,0.278,1.0,0.0269,0.46587156429406085
3185,0.508,0.262,0.649645307806439,0.361,0.00268,0.108,1.0,0.0333,0.5367830107199105
3186,0.939,0.684,0.4098841058360745,0.177,0.913,0.119,1.0,0.0693,0.5923555013632745
3187,0.0123,0.33,0.5213620288915317,0.523,0.0117,0.265,1.0,0.0325,0.7624515233111483
3188,0.034,0.686,0.5769771344642223,0.934,0.857,0.444,1.0,0.0508,0.46801808667377937
3189,0.424,0.659,0.4578776042997388,0.29,0.0,0.118,1.0,0.187,0.7945900861995969
3190,0.0158,0.799,0.4996946496491166,0.609,0.0,0.0642,1.0,0.0448,0.5505216007044996
3191,0.945,0.529,0.41201843026498297,0.199,0.834,0.381,1.0,0.0321,0.40241155650392046
3192,0.363,0.646,0.49864263052028734,0.85,4.01e-05,0.0994,1.0,0.0428,0.4087198767125607
3193,0.472,0.875,0.5155133307193225,0.625,0.0153,0.0464,1.0,0.0495,0.4700926349303121
3194,0.00917,0.676,0.5214388717485932,0.935,0.0,0.097,0.0,0.0892,0.6136598418262798
3195,0.612,0.501,0.5020119940797168,0.328,0.0,0.15,1.0,0.0255,0.3104455621602398
3196,0.652,0.696,0.47835210938581074,0.565,2.12e-06,0.121,0.0,0.0598,0.660929905671561
3197,0.0746,0.707,0.4184573909037441,0.825,0.246,0.257,0.0,0.141,0.5248776439905841
3198,0.0576,0.697,0.4474777085542012,0.515,1.81e-06,0.294,1.0,0.0502,0.40257243983810054
3199,0.996,0.718,0.27320803471717525,0.00492,0.973,0.0867,0.0,0.114,0.155502210028959
3200,0.991,0.79,0.27778124856004394,0.00885,0.945,0.106,1.0,0.0724,0.4658292265745398
3201,0.211,0.676,0.46206604588834455,0.449,0.00475,0.129,0.0,0.0399,0.3723052041524835
3202,0.725,0.384,0.4901116278481632,0.513,2.92e-05,0.131,0.0,0.0567,0.4440295347931379
3203,0.313,0.722,0.4775307218684892,0.62,0.0,0.26,1.0,0.0483,0.5418296668868228
3204,0.0533,0.878,0.44923567569837,0.619,0.0,0.113,1.0,0.102,0.5759665701366661
3205,0.0533,0.878,0.44923567569837,0.619,0.0,0.113,1.0,0.102,0.5759665701366661
3206,0.59,0.539,0.4566821885914172,0.489,0.0,0.197,1.0,0.0635,0.3565301698589307
3207,0.732,0.628,0.475867498170077,0.298,0.0,0.116,1.0,0.0713,0.26995376721028297
3208,0.982,0.323,0.49784567052170203,0.131,0.912,0.0697,0.0,0.0639,0.7142457958644515
3209,0.0122,0.427,0.4694499915783379,0.685,0.00164,0.115,0.0,0.0791,0.6556842622228997
3210,0.107,0.774,0.49031868583780924,0.819,0.0,0.38,1.0,0.0946,0.4909735981981066
3211,0.631,0.386,0.49354964534731116,0.331,0.000148,0.12,1.0,0.241,0.7655802807837558
3212,0.0119,0.361,0.4649739274785287,0.871,0.0,0.318,1.0,0.0393,0.7452539416416875
3213,0.0324,0.767,0.4637724806758532,0.593,4.5e-06,0.0878,1.0,0.0413,0.5504199901776491
3214,0.0214,0.344,0.521641162975726,0.843,0.00345,0.189,0.0,0.0422,0.4127927653304882
3215,0.0209,0.509,0.48354806674138073,0.689,0.0,0.301,0.0,0.102,0.7201095700181205
3216,0.0583,0.646,0.5345175022394995,0.814,6.42e-05,0.118,1.0,0.0433,0.5418296668868228
3217,0.0084,0.581,0.483594399290981,0.793,0.0,0.183,1.0,0.0914,0.5542092160747852
3218,0.0893,0.635,0.48017881103032467,0.926,4.53e-06,0.0928,1.0,0.151,0.4235804162644583
3219,0.871,0.608,0.4522565824798912,0.276,0.0,0.097,1.0,0.0389,0.5640358007756271
3220,0.203,0.68,0.4727343881380901,0.53,0.0,0.115,0.0,0.209,0.36837203000897556
3221,0.00572,0.19,0.5636512740080977,0.323,0.807,0.19,1.0,0.0288,0.4354434452742637
3222,0.451,0.502,0.4305934328127783,0.353,0.0,0.0583,1.0,0.0317,0.578951379362902
3223,0.383,0.221,0.47786867110046893,0.37,0.895,0.0977,0.0,0.049,0.5482734677979305
3224,0.403,0.667,0.4840989930958177,0.613,0.0,0.115,1.0,0.0344,0.3853748581686396
3225,0.00776,0.792,0.4659405852085077,0.625,0.0018,0.329,1.0,0.0536,0.4401725685447679
3226,0.245,0.35,0.47905077872579005,0.735,0.686,0.252,0.0,0.0516,0.7936840590018459
3227,0.48,0.798,0.4820898966791274,0.723,0.0,0.104,1.0,0.0568,0.47436451082998865
3228,0.000328,0.525,0.48865073998915864,0.964,5.5e-06,0.0527,0.0,0.0571,0.38109451472505884
3229,0.093,0.628,0.48644495122677944,0.593,1.65e-06,0.096,1.0,0.0323,0.5293315720842012
3230,0.0243,0.683,0.4944560881337814,0.722,4.2e-05,0.35,0.0,0.0358,0.4022591407136446
3231,0.904,0.593,0.5284028718788218,0.2,0.0,0.0897,1.0,0.0311,0.35549289573066434
3232,0.0444,0.718,0.5038578042176942,0.82,0.0,0.0846,0.0,0.0323,0.39373232400209995
3233,0.537,0.627,0.43372121468962854,0.565,0.0,0.214,1.0,0.122,0.5549755287981167
3234,0.584,0.62,0.5147265748829613,0.643,7.04e-05,0.0734,1.0,0.0385,0.34795678165591293
3235,0.0361,0.687,0.4833027063924338,0.781,0.0,0.0755,1.0,0.053,0.41073515216176393
3236,0.0014,0.492,0.4495119643814758,0.969,1.32e-06,0.0787,1.0,0.0491,0.4027841284357059
3237,0.97,0.436,0.4880592631511065,0.277,0.88,0.108,0.0,0.0518,0.4234788057376077
3238,0.386,0.658,0.4943930293038088,0.686,0.00281,0.304,1.0,0.0306,0.5732400209995088
3239,0.0644,0.659,0.47313449413978415,0.625,0.0,0.582,1.0,0.045,0.3727497502074548
3240,0.0415,0.564,0.5105907563625234,0.715,0.0,0.0923,0.0,0.163,0.719656556419245
3241,0.116,0.72,0.4667932949664757,0.749,0.0,0.274,1.0,0.0748,0.3810648783213941
3242,0.00543,0.738,0.6738642347243013,0.71,0.0657,0.124,1.0,0.0592,0.5166133211400701
3243,0.419,0.524,0.45840523022735935,0.727,1.53e-06,0.094,0.0,0.0492,0.4557528493285238
3244,0.208,0.868,0.5082422436374769,0.654,0.0,0.187,0.0,0.0766,0.584345204829887
3245,0.95,0.598,0.5294824263396127,0.115,0.0,0.106,1.0,0.0461,0.4377804873918271
3246,0.0111,0.725,0.5107563047700547,0.523,0.00173,0.0954,1.0,0.0315,0.550415756405697
3247,0.112,0.789,0.5153657124580175,0.706,1.71e-05,0.0586,0.0,0.0429,0.5330784602618165
3248,0.0547,0.364,0.46801079456554273,0.702,0.000148,0.74,0.0,0.0488,0.7365493065081542
3249,0.102,0.554,0.530107618923406,0.854,9.26e-05,0.554,0.0,0.0567,0.34722010533624614
3250,0.899,0.257,0.4728252847609915,0.409,0.00293,0.109,0.0,0.0363,0.6171103659672474
3251,0.0566,0.725,0.4880100815185815,0.694,4.54e-05,0.468,1.0,0.039,0.49942420701451334
3252,0.957,0.111,0.48307725714646144,0.0185,0.94,0.087,1.0,0.0424,0.3224144354688479
3253,0.424,0.831,0.49253211942509756,0.657,0.0,0.132,0.0,0.0482,0.444546054971295
3254,0.00657,0.684,0.47681233415404245,0.809,0.0,0.249,0.0,0.0356,0.38952395468170503
3255,0.672,0.59,0.4421166304094226,0.128,0.912,0.216,0.0,0.0782,0.3472031702484377
3256,0.641,0.16,0.311483676506112,0.163,0.335,0.0784,0.0,0.0382,0.3417754746058358
3257,0.613,0.664,0.45235554120380317,0.573,0.000363,0.0857,1.0,0.0277,0.3218640451150739
3258,0.154,0.65,0.4498851459536344,0.708,1.38e-05,0.19,1.0,0.145,0.6755279513624277
3259,0.523,0.808,0.49354964534731116,0.768,1.98e-05,0.101,1.0,0.099,0.5969872478788802
3260,0.996,0.458,0.5698636925444176,0.0108,0.938,0.0724,1.0,0.0535,0.4874807363376179
3261,0.933,0.179,0.5503738545359673,0.00256,0.861,0.0826,1.0,0.0421,0.2800132093684906
3262,0.827,0.614,0.5021406115539229,0.302,0.00953,0.112,1.0,0.0305,0.5002667276329827
3263,0.113,0.841,0.5199962280344947,0.63,0.00296,0.129,1.0,0.0273,0.46140916865653947
3264,0.00449,0.419,0.544731162886956,0.843,0.363,0.106,1.0,0.0664,0.4233941302985656
3265,0.0078,0.633,0.5046452726744706,0.766,0.00286,0.252,1.0,0.0445,0.5631551762095885
3266,0.127,0.572,0.4560223563790624,0.759,0.0,0.224,1.0,0.0506,0.3427238395231079
3267,0.237,0.565,0.520492189973901,0.881,0.0,0.34,0.0,0.0839,0.49981794780605937
3268,0.537,0.608,0.5170398773216158,0.569,0.0,0.097,1.0,0.0284,0.6767472776846347
3269,0.17,0.522,0.5290111587215125,0.458,0.00244,0.072,1.0,0.0275,0.5333409541228471
3270,0.8,0.481,0.5098659362639446,0.267,0.0,0.249,1.0,0.0339,0.4980609324459347
3271,0.574,0.686,0.483594399290981,0.436,0.0,0.0955,1.0,0.0336,0.5078790496028722
3272,0.375,0.726,0.5197621927782703,0.6,0.452,0.0963,0.0,0.0389,0.5292003251536859
3273,0.145,0.843,0.42948733193364963,0.667,3.34e-05,0.194,1.0,0.0276,0.42357194872055415
3274,0.00987,0.586,0.4660315907976107,0.861,7.17e-05,0.128,0.0,0.0617,0.6018730207116123
3275,0.835,0.282,0.500742967298148,0.434,0.336,0.0559,1.0,0.043,0.6356161831699096
3276,0.0301,0.226,0.5231732165469398,0.261,0.0677,0.0628,1.0,0.0339,0.46112127216379617
3277,0.655,0.416,0.4793259531674803,0.649,2.82e-06,0.12,0.0,0.0385,0.47622313671696387
3278,0.0924,0.587,0.46602971490574974,0.639,4.53e-06,0.269,0.0,0.0769,0.4018992700977155
3279,0.0117,0.453,0.49258952387650545,0.888,5.26e-06,0.0879,0.0,0.0528,0.4087622144320818
3280,0.329,0.666,0.4723576631277455,0.501,0.0,0.175,1.0,0.0548,0.6009458246541008
3281,0.147,0.333,0.5048169569795831,0.487,0.0751,0.0801,1.0,0.0342,0.7997933919287371
3282,0.522,0.763,0.5295758812955325,0.562,2.08e-06,0.107,0.0,0.0403,0.6054378566952869
3283,0.878,0.436,0.5355090919888092,0.346,0.0,0.109,1.0,0.0322,0.6259631831191044
3284,0.0101,0.568,0.474249603044371,0.788,0.0,0.141,1.0,0.0377,0.4443724703212586
3285,0.00885,0.761,0.4610761053043422,0.747,0.271,0.133,1.0,0.0475,0.4446688343579061
3286,0.00477,0.688,0.3978013590170395,0.761,0.414,0.175,0.0,0.163,0.4699952581754136
3287,0.429,0.562,0.4963794595789346,0.53,0.267,0.109,0.0,0.0277,0.6514547240427442
3288,0.166,0.721,0.43132011861455655,0.726,0.0,0.209,0.0,0.0297,0.3979322257785906
3289,0.847,0.515,0.3585051309467886,0.269,0.0897,0.0757,0.0,0.037,0.5546156581821876
3290,0.161,0.658,0.3807207235501171,0.445,0.0,0.0845,0.0,0.154,0.7371462683534014
3291,0.111,0.692,0.4851702762480581,0.717,0.00123,0.044,1.0,0.0498,0.5076377246016021
3292,0.162,0.639,0.4820941470605957,0.601,0.0,0.0791,0.0,0.0519,0.49130806618232314
3293,0.0519,0.355,0.4852820208545119,0.718,3.59e-06,0.382,1.0,0.0353,0.3206743551965317
3294,0.0376,0.556,0.5424446472557984,0.774,0.00315,0.0538,0.0,0.0419,0.4368744601940761
3295,0.17,0.536,0.3440980147208339,0.717,0.299,0.0661,1.0,0.506,0.5016638723771782
3296,0.381,0.853,0.4283878612142058,0.851,0.845,0.0949,0.0,0.0392,0.5291918576097817
3297,0.26,0.71,0.4741532492112155,0.645,3.23e-05,0.0947,0.0,0.0688,0.41896560483666107
3298,0.553,0.716,0.4606443230133639,0.465,1.14e-06,0.771,1.0,0.236,0.7021118054497113
3299,0.016,0.527,0.46879838928085005,0.79,0.0,0.37,1.0,0.0788,0.6479110569188301
3300,0.255,0.651,0.4266363251149663,0.609,0.0,0.452,1.0,0.447,0.57643651882335
3301,0.00143,0.794,0.43066566471589374,0.962,0.791,0.0845,1.0,0.0693,0.4657064471879287
3302,0.202,0.602,0.45576786306635264,0.705,0.0,0.312,1.0,0.0999,0.5842943995664618
3303,0.153,0.685,0.41046776829351006,0.93,0.841,0.168,1.0,0.0398,0.5250342935528121
3304,0.149,0.759,0.4877204292368045,0.68,0.0,0.421,0.0,0.0363,0.4996612982438314
3305,0.0245,0.605,0.426193993111903,0.682,0.857,0.263,1.0,0.108,0.5289717014682721
3306,0.0467,0.576,0.5042635167565419,0.593,0.000767,0.237,0.0,0.0306,0.6689063320293315
3307,0.78,0.385,0.4867426565104671,0.283,0.0,0.0726,0.0,0.0546,0.7601610526850582
3308,0.227,0.829,0.3731195239777405,0.617,0.00306,0.0618,1.0,0.14,0.5317829260444715
3309,0.699,0.731,0.49577472893314223,0.452,1.38e-06,0.0827,0.0,0.0608,0.508188114955376
3310,0.0875,0.683,0.4993623195128385,0.42,0.0,0.225,1.0,0.0542,0.5445519822520279
3311,0.181,0.625,0.5354085477543156,0.354,0.0207,0.141,0.0,0.0282,0.46569374587207235
3312,0.7,0.745,0.441534645589752,0.383,0.954,0.108,1.0,0.0614,0.33872292502836626
3313,0.132,0.411,0.5381011411499927,0.729,0.0,0.177,0.0,0.0983,0.4066664973157886
3314,0.71,0.51,0.523344321535153,0.502,0.0,0.0708,0.0,0.0325,0.5668385578079221
3315,0.948,0.638,0.4450619744665991,0.0727,0.919,0.183,1.0,0.0336,0.49165100171044385
3316,0.281,0.53,0.5251527116329573,0.433,0.00746,0.116,0.0,0.0482,0.5120493149756982
3317,0.759,0.753,0.5150478458167207,0.266,0.0,0.11,1.0,0.0478,0.60130569527003
3318,0.152,0.495,0.5169389623928065,0.426,5.65e-06,0.099,1.0,0.0736,0.4145286118308523
3319,0.113,0.762,0.49533636417887483,0.692,0.0,0.094,0.0,0.0438,0.48648579992887264
3320,0.543,0.529,0.48867605284291327,0.351,0.0,0.0851,1.0,0.0368,0.6258150011007807
3321,0.00335,0.668,0.5346321531481979,0.746,0.00031,0.0773,1.0,0.0603,0.5067655675794679
3322,0.934,0.441,0.30717372445086144,0.077,0.918,0.0922,0.0,0.0458,0.5946798421649816
3323,0.00888,0.597,0.5580297716204412,0.769,0.0,0.191,0.0,0.032,0.5250342935528121
3324,0.493,0.713,0.5006921522136425,0.703,0.555,0.134,0.0,0.0501,0.5080949719724297
3325,0.209,0.677,0.4963467444156593,0.716,0.0465,0.248,0.0,0.0348,0.3514200071127369
3326,0.0192,0.268,0.604139264669985,0.98,0.00709,0.182,1.0,0.103,0.424710833375671
3327,0.192,0.815,0.4888702596328294,0.761,0.0,0.0272,0.0,0.144,0.5165159443851716
3328,0.72,0.635,0.5156012837740098,0.299,5.69e-05,0.132,0.0,0.0384,0.3555648698538502
3329,0.0482,0.576,0.5028226194418646,0.671,0.0,0.114,0.0,0.0474,0.4862021372080814
3330,0.0215,0.653,0.5053685276588213,0.658,1.66e-06,0.0939,1.0,0.0304,0.42333485749123606
3331,0.771,0.406,0.49249383857578755,0.408,7.88e-06,0.394,1.0,0.053,0.337452793442734
3332,0.0203,0.488,0.49379829161462174,0.763,0.37,0.343,0.0,0.03,0.659041643380921
3333,0.0677,0.689,0.517797831784367,0.687,0.0,0.0805,1.0,0.0376,0.46565564192450337
3334,0.0108,0.644,0.49067314787456384,0.474,0.00615,0.104,1.0,0.036,0.7536495114227166
3335,0.203,0.854,0.545251639206108,0.738,0.0,0.298,0.0,0.231,0.5503437822825111
3336,0.0188,0.715,0.5058293235767803,0.864,0.0,0.719,0.0,0.0751,0.5165879185083575
3337,0.0657,0.714,0.5073030596023176,0.596,0.0,0.0625,0.0,0.043,0.38946891564632763
3338,0.0903,0.759,0.5567863458627529,0.756,2.36e-06,0.265,0.0,0.266,0.36858795237853303
3339,0.403,0.752,0.39741344255206035,0.251,0.887,0.106,0.0,0.508,0.7198005046656167
3340,0.102,0.575,0.47726301012637884,0.543,0.0,0.176,1.0,0.0529,0.6770013040017612
3341,0.916,0.73,0.42401028753005443,0.125,0.0725,0.0783,1.0,0.034,0.49136310521770055
3342,0.474,0.634,0.46926066915739617,0.58,0.0,0.0891,1.0,0.0505,0.37581076732882857
3343,0.000294,0.408,0.47684218385570354,0.564,0.873,0.0744,1.0,0.0323,0.4448974580433199
3344,0.00058,0.447,0.4922767440747997,0.686,0.0136,0.0871,1.0,0.0357,0.44461802909448084
3345,0.882,0.182,0.5778618787091712,0.141,0.728,0.0934,1.0,0.0374,0.4226828566106115
3346,0.752,0.675,0.4807737719036371,0.604,0.0,0.111,1.0,0.193,0.7114176362004436
3347,0.748,0.732,0.3940375940417993,0.668,0.0,0.0473,1.0,0.123,0.4023353486087825
3348,0.993,0.636,0.20521677228501156,0.335,0.0,0.342,1.0,0.966,0.6845162492167521
3349,0.113,0.672,0.4914536377012484,0.8,0.000302,0.132,0.0,0.0372,0.4996401293840709
3350,0.522,0.518,0.4114455355036768,0.654,2.18e-06,0.0889,1.0,0.259,0.33132229165608224
3351,0.386,0.633,0.48021493104360324,0.567,0.0,0.069,0.0,0.113,0.36112804619891953
3352,0.321,0.677,0.4871181480199276,0.696,0.0,0.42,1.0,0.119,0.38116648884824467
3353,0.964,0.199,0.4251407355407155,0.0877,0.932,0.106,1.0,0.0643,0.2620747176074108
3354,0.926,0.442,0.4358823191418566,0.216,0.944,0.144,1.0,0.0555,0.5028831986993852
3355,0.986,0.0717,0.5153934443770969,0.0169,0.856,0.113,1.0,0.0437,0.3118511744483395
3356,0.844,0.679,0.5542259141848858,0.537,3.34e-06,0.108,1.0,0.0322,0.4740935494250537
3357,0.251,0.488,0.5617668580309134,0.57,0.0,0.107,1.0,0.0775,0.7184795678165591
3358,0.596,0.437,0.4994234884795419,0.563,0.00413,0.23,1.0,0.0283,0.4668410980710935
3359,0.861,0.225,0.49821575889726377,0.17,0.783,0.146,1.0,0.0353,0.30411607309183897
3360,0.304,0.56,0.5309782561996728,0.423,0.0513,0.109,1.0,0.0435,0.3429058917170485
3361,0.381,0.53,0.45075672005995426,0.592,0.0,0.294,1.0,0.0534,0.532274043590916
3362,0.253,0.627,0.5320804075755681,0.378,0.000104,0.143,0.0,0.0382,0.33015800436925263
3363,0.00215,0.769,0.5067470324342946,0.688,0.107,0.088,1.0,0.0501,0.5505004318447392
3364,0.0941,0.417,0.5473057077659531,0.793,0.0,0.0935,1.0,0.0438,0.6562981591559551
3365,0.104,0.815,0.4521034353449691,0.771,0.0027,0.067,0.0,0.0392,0.4993352978035191
3366,0.39,0.73,0.4859027273108094,0.861,0.0,0.213,1.0,0.0451,0.4994369083303697
3367,0.752,0.607,0.4813494946169796,0.669,0.0,0.105,1.0,0.0384,0.4897712069637081
3368,0.649,0.698,0.49217208445841476,0.367,0.0,0.119,1.0,0.0329,0.44392369049433517
3369,0.872,0.361,0.4988000220154367,0.311,0.0,0.0987,0.0,0.0369,0.37833832918423677
3370,0.0564,0.32,0.5124252144353281,0.799,0.584,0.31,1.0,0.389,0.7006553878981862
3371,0.26,0.733,0.5124718009162414,0.651,0.0,0.331,1.0,0.056,0.6267506647021964
3372,0.114,0.755,0.4870835234177382,0.536,0.0,0.0282,1.0,0.12,0.5883630544124371
3373,0.699,0.865,0.39033270985167445,0.255,0.673,0.0926,0.0,0.0776,0.3385239377466172
3374,0.701,0.767,0.4106535211787008,0.165,0.822,0.109,0.0,0.421,0.3429482294365696
3375,0.913,0.196,0.4612819130617696,0.0718,0.0313,0.172,0.0,0.0462,0.3252171925011431
3376,0.675,0.493,0.23730511935329335,0.0249,0.993,0.57,1.0,0.0446,0.48597774729461973
3377,0.0335,0.42,0.5862846810766231,0.319,0.000147,0.0954,1.0,0.0301,0.6122118918186591
3378,0.169,0.77,0.5010762859329669,0.636,0.0,0.0676,0.0,0.131,0.44848346288675506
3379,0.178,0.778,0.5994685373903192,0.737,6.83e-06,0.0632,1.0,0.195,0.5293527409439618
3380,1.99e-05,0.64,0.40959149035761233,0.891,0.916,0.188,0.0,0.0346,0.5080484004809565
3381,0.363,0.805,0.43201239704430505,0.816,0.826,0.121,1.0,0.346,0.5290775457670748
3382,0.921,0.598,0.5020420891174915,0.184,1.49e-06,0.105,0.0,0.0728,0.5504072888617927
3383,0.864,0.501,0.48053364461779413,0.309,1.52e-06,0.102,0.0,0.0398,0.38902013581940426
3384,0.0513,0.855,0.4615906210211649,0.546,0.000292,0.0725,1.0,0.0364,0.40216176395874614
3385,0.857,0.627,0.4559255958580546,0.269,0.0,0.11,1.0,0.0323,0.2793358058561533
3386,0.737,0.612,0.47236849032676975,0.289,0.0,0.0903,1.0,0.0279,0.3807431116530339
3387,0.0961,0.838,0.44841444181037016,0.617,0.0,0.0824,1.0,0.0504,0.5463344002438653
3388,0.166,0.677,0.47495002542911946,0.414,0.000253,0.464,1.0,0.0527,0.5926433978560178
3389,0.637,0.238,0.4913653158640572,0.466,0.0,0.106,1.0,0.038,0.746579112262697
3390,0.062,0.495,0.44151720844969256,0.909,0.0,0.367,1.0,0.0683,0.668961371064709
3391,0.253,0.716,0.4892189253129089,0.536,6.83e-06,0.106,1.0,0.412,0.5919659943436806
3392,0.522,0.653,0.5144486040025997,0.442,0.699,0.107,1.0,0.0337,0.46559213534522176
3393,0.12,0.412,0.4920425652185254,0.667,0.371,0.577,0.0,0.147,0.7283484902369218
3394,0.641,0.5,0.547161391425488,0.588,4.52e-05,0.327,0.0,0.0362,0.34705498823011394
3395,0.97,0.392,0.46158772959262184,0.0894,6.06e-05,0.108,1.0,0.0476,0.3710520076546597
3396,0.0588,0.791,0.4908295445864117,0.839,6.26e-05,0.259,1.0,0.266,0.7202196480888753
3397,0.0772,0.527,0.44434158440719584,0.879,0.613,0.124,0.0,0.0692,0.44457992514691186
3398,0.118,0.761,0.4457855708253813,0.532,0.0,0.158,1.0,0.14,0.5291029483987874
3399,0.0126,0.819,0.4443651488705107,0.563,0.0,0.21,0.0,0.706,0.6690079425561821
3400,0.0107,0.514,0.5118849709297284,0.703,7.62e-05,0.13,1.0,0.0298,0.6663914714897796
3401,0.265,0.33,0.49782019610218686,0.423,0.731,0.347,0.0,0.0279,0.605793493539264
3402,0.181,0.641,0.5319990213725938,0.902,0.0,0.654,1.0,0.18,0.5642474893732323
3403,0.955,0.462,0.4350975012881855,0.167,0.925,0.0893,1.0,0.102,0.33851123643076086
3404,0.0118,0.513,0.4971083955188549,0.768,1.94e-05,0.294,0.0,0.0587,0.3567545597723924
3405,0.127,0.37,0.5440735732348165,0.321,0.662,0.374,1.0,0.0487,0.5247082931124998
3406,0.73,0.382,0.5209008810112215,0.263,0.662,0.19,1.0,0.0359,0.4649274331487408
3407,0.843,0.55,0.4006845227806557,0.271,3.21e-06,0.107,1.0,0.0297,0.4714051042354654
3408,0.439,0.765,0.49647367377874874,0.709,0.0015,0.0911,1.0,0.247,0.3763315212789378
3409,0.196,0.722,0.5206332335006905,0.699,0.00462,0.111,0.0,0.0274,0.47432217311046754
3410,0.118,0.851,0.5165450036549313,0.806,1.64e-06,0.121,1.0,0.0787,0.5038146285288488
3411,0.0796,0.696,0.5179985414387058,0.654,0.00479,0.0695,0.0,0.0266,0.49975444122677776
3412,0.0339,0.629,0.47329246814389103,0.441,0.0,0.234,1.0,0.126,0.33098358989991367
3413,0.687,0.524,0.43081119647107413,0.497,5.66e-06,0.175,1.0,0.0372,0.5006985723720977
3414,0.0894,0.776,0.4823430264010391,0.985,0.854,0.337,1.0,0.0347,0.5504199901776491
3415,0.907,0.326,0.4850567855624661,0.169,0.0115,0.118,1.0,0.0345,0.6068688716150993
3416,0.0951,0.464,0.47227914445619956,0.659,0.204,0.0862,1.0,0.0241,0.6775601618994395
3417,0.953,0.279,0.40944697536618224,0.359,0.101,0.144,0.0,0.0386,0.5622914867313588
3418,0.000571,0.565,0.4937927526693964,0.897,0.000879,0.646,1.0,0.111,0.636573015631086
3419,0.0867,0.732,0.49775919573512484,0.678,2.41e-05,0.112,1.0,0.0886,0.4260275364527765
3420,0.731,0.578,0.556883158109597,0.561,0.0126,0.171,0.0,0.0597,0.7107952717234839
3421,0.000133,0.513,0.5824626040697725,0.64,0.728,0.158,0.0,0.0295,0.3725041914342325
3422,0.888,0.412,0.49494239862037914,0.305,0.0,0.066,1.0,0.0376,0.4633397686667005
3423,0.158,0.945,0.5376928453807466,0.491,0.26,0.0875,1.0,0.0509,0.5080356991651002
3424,0.0653,0.633,0.4676118524027715,0.829,0.0,0.0907,1.0,0.0496,0.4062981591559552
3425,0.208,0.578,0.5143921159931004,0.386,0.0453,0.307,1.0,0.0278,0.6558197429253669
3426,0.0181,0.653,0.4604173250159773,0.737,0.0,0.136,1.0,0.0388,0.41928313773306913
3427,0.0605,0.734,0.40126290619659555,0.643,0.0,0.424,0.0,0.26,0.34280428119019796
3428,0.225,0.619,0.4229867595981305,0.648,6.36e-06,0.251,0.0,0.0513,0.6096165896120171
3429,0.475,0.839,0.4616291685098908,0.444,2.58e-06,0.297,1.0,0.226,0.4448254839201341
3430,0.00402,0.6,0.4988882484249828,0.628,0.00562,0.0651,0.0,0.032,0.4572431370556656
3431,0.116,0.451,0.5150228344147494,0.915,0.0,0.103,1.0,0.0908,0.3682577181662687
3432,0.0103,0.781,0.46151349873207903,0.67,0.0,0.0761,0.0,0.0452,0.541880472150248
3433,0.841,0.594,0.4571087129824052,0.402,0.947,0.0793,0.0,0.211,0.3351538552727396
3434,0.256,0.86,0.509827925071547,0.146,0.621,0.105,1.0,0.0529,0.5080865044285254
3435,0.889,0.573,0.4599983941373642,0.258,0.913,0.119,1.0,0.031,0.3176091043032058
3436,0.614,0.653,0.40800411432807504,0.294,0.828,0.188,1.0,0.0576,0.3386001456417551
3437,0.0569,0.808,0.5200137503159259,0.97,6.13e-05,0.154,0.0,0.0506,0.4840386797405544
3438,0.991,0.393,0.42810414229451754,0.0421,0.905,0.0946,1.0,0.0575,0.2890565462581923
3439,0.988,0.324,0.44711266925493853,0.0264,0.941,0.093,1.0,0.0608,0.33520889430811696
3440,0.546,0.75,0.5053191321189257,0.56,0.0,0.111,1.0,0.105,0.5929820996121865
3441,0.447,0.671,0.519175971512289,0.67,1.1e-05,0.0638,1.0,0.396,0.4510660637775407
3442,0.384,0.907,0.45190617448502857,0.409,0.0,0.161,1.0,0.065,0.4869811512472692
3443,0.00185,0.506,0.5083001753944134,0.976,0.00204,0.338,0.0,0.155,0.40288573896255647
3444,0.942,0.648,0.5011315207749227,0.118,0.774,0.0683,1.0,0.032,0.4000279428948839
3445,0.000685,0.59,0.35952935164964694,0.981,0.901,0.415,0.0,0.0485,0.7619434706768954
3446,0.145,0.733,0.5181887829180036,0.71,0.115,0.0956,0.0,0.0292,0.5418169655709665
3447,0.235,0.939,0.5237011487829215,0.933,1.04e-06,0.0293,1.0,0.0819,0.5207285474775186
3448,0.47,0.67,0.510381440007754,0.674,0.222,0.133,1.0,0.0617,0.5206269369506681
3449,0.173,0.689,0.4968763906115923,0.545,4.9e-05,0.347,1.0,0.0377,0.48263730122440685
3450,0.162,0.642,0.5288286550992303,0.702,0.0,0.289,1.0,0.0551,0.5163973987705126
3451,0.0019,0.457,0.5008869838247274,0.899,0.0,0.831,0.0,0.132,0.6234991278429779
3452,0.958,0.593,0.4624691673344308,0.127,0.963,0.363,0.0,0.0343,0.5084717776761672
3453,0.9,0.481,0.4967925084010463,0.285,0.0,0.123,1.0,0.0424,0.5504792629849785
3454,0.294,0.796,0.4506567872928475,0.699,4.74e-06,0.162,1.0,0.101,0.5254746058358312
3455,0.0514,0.57,0.5356653031413416,0.368,0.0,0.108,1.0,0.0329,0.5924613456620773
3456,0.0563,0.399,0.4970176502451813,0.491,0.00089,0.11,0.0,0.0538,0.38555267659062814
3457,0.845,0.599,0.584381190920499,0.135,2.43e-05,0.11,1.0,0.0308,0.5169731917559992
3458,0.308,0.698,0.5971930300845609,0.844,5.38e-05,0.0707,1.0,0.0645,0.3385874443258988
3459,0.519,0.629,0.6039092372394168,0.523,0.000502,0.416,0.0,0.0362,0.37289793222577855
3460,0.103,0.507,0.5492480755735238,0.972,4.54e-06,0.319,1.0,0.162,0.7710503141458788
3461,0.398,0.666,0.48248046936182565,0.66,4.58e-06,0.12,0.0,0.0249,0.4573278124947078
3462,0.0135,0.689,0.47183892179339626,0.719,1.64e-06,0.107,1.0,0.031,0.512320276380633
3463,0.841,0.579,0.5052992222285635,0.418,0.000363,0.113,0.0,0.0309,0.520703144845806
3464,0.0418,0.819,0.4225270700380974,0.91,0.494,0.664,1.0,0.209,0.5165328794729801
3465,0.739,0.532,0.4610848066577127,0.12,0.921,0.106,1.0,0.037,0.4574209554776541
3466,0.887,0.454,0.5263446800395442,0.314,0.00166,0.111,1.0,0.0292,0.6052219343257295
3467,3.26e-05,0.736,0.48515442567130207,0.604,0.932,0.917,0.0,0.133,0.5334086944740808
3468,0.153,0.554,0.5131549522392098,0.856,0.0,0.106,1.0,0.294,0.7278870090941422
3469,0.235,0.716,0.46142862211971414,0.748,0.849,0.114,1.0,0.0356,0.5077054649528357
3470,0.632,0.709,0.43733900996531805,0.819,0.736,0.17,0.0,0.131,0.5304492878795577
3471,0.0111,0.741,0.3969086287943111,0.824,0.78,0.325,1.0,0.0348,0.5081711798675677
3472,0.0169,0.459,0.4827736335235173,0.663,0.0,0.0621,0.0,0.1,0.7484927771850497
3473,0.0556,0.737,0.41168775684962555,0.844,1.09e-06,0.252,1.0,0.128,0.4233983640705177
3474,0.0522,0.621,0.4559255958580546,0.601,0.0,0.46,0.0,0.148,0.49422936882927737
3475,0.00358,0.509,0.5711990275317103,0.862,0.0276,0.0659,0.0,0.039,0.671162932479805
3476,0.0393,0.752,0.46961890969641806,0.971,0.63,0.0916,0.0,0.052,0.4572897085471388
3477,0.0605,0.884,0.4199206533701674,0.649,0.0,0.167,0.0,0.337,0.37266930854036473
3478,0.383,0.738,0.5315305758295676,0.903,0.0109,0.146,1.0,0.253,0.33434520482988705
3479,0.709,0.706,0.49490232098850706,0.37,0.0,0.148,1.0,0.0282,0.4698343748412335
3480,0.0245,0.617,0.4742692237080641,0.768,0.0,0.169,1.0,0.0456,0.5503903537739843
3481,0.106,0.448,0.47755432243299745,0.784,0.000108,0.668,1.0,0.0627,0.5768302596148961
3482,0.265,0.766,0.5388732610020877,0.663,0.0,0.132,0.0,0.0304,0.4867482937899033
3483,0.0282,0.595,0.5307922617248297,0.961,0.0,0.271,1.0,0.31,0.736976917475317
3484,0.825,0.164,0.5490789602651458,0.124,0.0204,0.107,1.0,0.0429,0.3434435807549662
3485,0.86,0.716,0.44296575311462627,0.231,0.0393,0.112,1.0,0.0527,0.45322105370116345
3486,0.506,0.381,0.5200858414572638,0.234,0.00767,0.13,1.0,0.0422,0.5409194059171197
3487,0.935,0.369,0.4584042474364123,0.195,4.62e-05,0.347,1.0,0.0369,0.3898668902098257
3488,0.821,0.779,0.4174842273511088,0.35,0.888,0.108,0.0,0.0306,0.4911302477603346
3489,0.995,0.655,0.2958412832203101,0.00453,0.938,0.0794,0.0,0.064,0.28229944622262865
3490,0.000795,0.769,0.5128109167171595,0.703,0.84,0.0982,0.0,0.0368,0.4824975867499873
3491,0.781,0.563,0.5501818144324253,0.495,0.0,0.0837,1.0,0.0362,0.5334467984216498
3492,0.115,0.768,0.4835666013389237,0.963,6.7e-06,0.333,0.0,0.11,0.46549052481837117
3493,0.927,0.511,0.3676420138319396,0.318,0.0,0.0485,1.0,0.0515,0.7305077139324967
3494,0.934,0.631,0.41388787669047855,0.669,0.0,0.329,1.0,0.127,0.46611288929533096
3495,0.397,0.708,0.5862550388737446,0.843,0.0,0.799,1.0,0.314,0.6271909769852155
3496,0.465,0.9,0.6126722142847822,0.845,0.0,0.0724,0.0,0.257,0.47074040203898454
3497,0.16,0.677,0.4587115725264017,0.632,0.198,0.0842,0.0,0.0585,0.5249453843418178
3498,0.0292,0.492,0.48541534715612844,0.779,0.0,0.129,1.0,0.0498,0.4444021067249233
3499,0.00364,0.758,0.47702642881988466,0.913,6.92e-05,0.193,0.0,0.113,0.5420921607478534
3500,0.0081,0.744,0.48706538379066333,0.736,0.0,0.0771,1.0,0.171,0.5843748412335518
3501,0.162,0.799,0.509966300649142,0.586,2.03e-06,0.193,1.0,0.0377,0.512159393046453
3502,0.853,0.859,0.4245154223817509,0.545,0.0,0.0928,1.0,0.248,0.5419228098697692
3503,0.871,0.361,0.3236334927158302,0.0137,0.000432,0.0942,1.0,0.0377,0.7631881996308151
3504,0.0035,0.404,0.48833195227725823,0.901,0.0,0.0924,0.0,0.0616,0.7279886196209927
3505,0.684,0.761,0.278324012647724,0.427,0.0,0.529,1.0,0.941,0.2666683601754475
3506,0.852,0.493,0.536254495846956,0.139,1.1e-05,0.302,1.0,0.0401,0.5817668377110535
3507,0.115,0.738,0.49206575831230825,0.74,0.0,0.117,0.0,0.0814,0.5080060627614355
3508,0.173,0.502,0.47960670655606297,0.768,4.54e-05,0.148,0.0,0.0693,0.7199444529119883
3509,0.193,0.79,0.4448688285473805,0.531,0.0,0.13,1.0,0.147,0.44247997425866653
3510,0.745,0.569,0.503002213187985,0.38,0.0,0.159,1.0,0.143,0.4993861030669444
3511,0.563,0.701,0.503321252841535,0.577,0.000103,0.116,1.0,0.0828,0.512476925942861
3512,0.953,0.493,0.5012578097126537,0.284,0.00739,0.151,1.0,0.0309,0.33852817151856934
3513,0.00173,0.608,0.4892888945633478,0.785,0.0,0.0762,0.0,0.0472,0.49951311622550765
3514,0.154,0.671,0.48237697369252386,0.583,0.0,0.24,0.0,0.0737,0.5330996291215769
3515,0.0138,0.755,0.4647736691304134,0.738,0.0,0.137,0.0,0.035,0.47850937357110196
3516,0.00145,0.508,0.5073125292223,0.971,0.0,0.62,1.0,0.0788,0.5504877305288828
3517,0.627,0.715,0.46033673275231113,0.451,0.00292,0.161,1.0,0.201,0.321944486782164
3518,0.0236,0.658,0.5168750860281697,0.93,0.0,0.578,0.0,0.141,0.44038849091432536
3519,0.00766,0.461,0.49373260345233616,0.467,0.0,0.11,1.0,0.0586,0.3162034920151061
3520,0.807,0.386,0.49143196312855175,0.426,0.0,0.14,1.0,0.0363,0.7625192636623821
3521,0.000518,0.528,0.5067930750539102,0.983,0.000324,0.18,1.0,0.146,0.6138164913885078
3522,0.345,0.755,0.476677942926667,0.501,0.0,0.135,1.0,0.166,0.5694634964182289
3523,0.174,0.745,0.5689339048740556,0.353,0.00662,0.118,1.0,0.0983,0.6778734610238953
3524,0.265,0.806,0.4591250078147886,0.535,0.000164,0.112,1.0,0.0404,0.34086521363613265
3525,0.114,0.648,0.5211687596662351,0.594,0.0462,0.116,0.0,0.0293,0.48257802841707736
3526,0.0541,0.407,0.5004598701205305,0.558,1.51e-06,0.34,1.0,0.0552,0.3040483327406052
3527,0.97,0.57,0.5209162959481968,0.168,0.000164,0.0791,1.0,0.0422,0.5586292739927856
3528,0.613,0.582,0.5325616343589772,0.62,0.00141,0.106,0.0,0.0364,0.3810056055140646
3529,0.155,0.611,0.45418915716058095,0.828,0.000486,0.227,0.0,0.276,0.5348989822012227
3530,0.945,0.232,0.32626178982053267,0.0223,0.819,0.108,1.0,0.0476,0.28308269403376857
3531,0.118,0.441,0.5043621916692027,0.823,0.000116,0.143,1.0,0.0836,0.663728428931904
3532,0.81,0.602,0.44617159403680406,0.525,0.0,0.0943,0.0,0.0504,0.5797388609459939
3533,0.0825,0.663,0.47094306824756815,0.559,0.0,0.111,0.0,0.0339,0.42323324696438547
3534,0.585,0.679,0.5095019567017474,0.61,9.51e-05,0.156,0.0,0.0305,0.5248945790783924
3535,0.00112,0.504,0.44722742371649127,0.708,0.000424,0.788,0.0,0.0343,0.34720740402038985
3536,0.528,0.546,0.5351612153752039,0.313,1.5e-06,0.0915,1.0,0.0362,0.5494292875408558
3537,0.0494,0.672,0.47945472772682307,0.808,0.0,0.385,1.0,0.0407,0.5077774390760216
3538,0.0583,0.688,0.5118615954846701,0.835,2.87e-06,0.0795,1.0,0.0911,0.3592694203119443
3539,0.168,0.6,0.4967163557515879,0.782,0.0,0.0443,0.0,0.187,0.6345450388660265
3540,0.962,0.494,0.43312338221966695,0.163,0.89,0.104,0.0,0.0289,0.33020034208877375
3541,0.0879,0.458,0.5086473349641238,0.719,1.54e-06,0.494,0.0,0.228,0.6138715304238852
3542,0.00602,0.657,0.48193510743377455,0.839,0.00452,0.0871,1.0,0.0686,0.5082812579383224
3543,0.0385,0.61,0.4876760744742452,0.538,0.0,0.0791,0.0,0.0319,0.389600162576843
3544,0.457,0.5,0.5431930368164704,0.429,0.408,0.364,0.0,0.0396,0.3492692509610662
3545,0.173,0.706,0.4735676597824683,0.751,0.0,0.168,1.0,0.0708,0.38540449457230436
3546,0.803,0.646,0.43181936365189166,0.0427,0.933,0.0966,0.0,0.34,0.7198132059814729
3547,0.944,0.162,0.46183524313684643,0.0898,0.917,0.187,0.0,0.0354,0.5590568849599484
3548,0.342,0.685,0.44707264414561876,0.659,0.000343,0.165,1.0,0.0281,0.5082219851309929
3549,0.938,0.219,0.5394414386297894,0.173,0.00213,0.14,1.0,0.039,0.34654270182390895
3550,0.865,0.629,0.5033010978259873,0.538,0.0268,0.0977,0.0,0.0438,0.3894562143304713
3551,0.406,0.653,0.5129629727150671,0.828,0.0,0.11,0.0,0.312,0.3204287964233094
3552,0.782,0.746,0.4053205309116483,0.251,0.00203,0.106,0.0,0.259,0.5927238395231079
3553,0.962,0.0848,0.5046785876240252,0.0805,0.938,0.0768,1.0,0.0465,0.33170333113177186
3554,0.921,0.569,0.41047040456419626,0.0595,0.854,0.0876,0.0,0.0369,0.5420244203966197
3555,0.108,0.614,0.461121540593985,0.833,1.37e-06,0.18,1.0,0.0708,0.7241782248640959
3556,0.0716,0.684,0.5023427348068248,0.619,0.0,0.122,1.0,0.0386,0.5294162475232435
3557,0.0129,0.178,0.5220942395942276,0.583,0.817,0.0876,1.0,0.0454,0.3197894968585412
3558,0.0586,0.645,0.4572968229101877,0.887,0.0,0.061,1.0,0.246,0.5246405527612661
3559,0.0586,0.645,0.4572968229101877,0.887,0.0,0.061,1.0,0.246,0.5246405527612661
3560,0.0457,0.771,0.5093703799244009,0.722,2.85e-05,0.0556,1.0,0.245,0.5249707869735304
3561,0.0456,0.659,0.4756218093820792,0.433,0.0,0.276,0.0,0.0319,0.33047130349370857
3562,0.308,0.613,0.4740005725948744,0.305,0.716,0.0865,1.0,0.0984,0.7282892174295924
3563,0.00835,0.645,0.50012528947871,0.713,0.0,0.113,1.0,0.0393,0.3174863249165947
3564,0.00986,0.661,0.49272338916473934,0.705,0.00057,0.0516,1.0,0.252,0.4866212806313401
3565,0.328,0.562,0.5155320333660907,0.797,0.0,0.0752,1.0,0.0356,0.46592236955748617
3566,0.00631,0.636,0.4718506885486611,0.802,4.14e-05,0.059,1.0,0.167,0.5919448254839201
3567,0.0104,0.597,0.49005739350944344,0.751,0.0,0.0912,0.0,0.193,0.4401259970532947
3568,0.267,0.832,0.5189685663591255,0.87,0.0,0.412,0.0,0.167,0.5842732307067011
3569,0.0084,0.51,0.5367874576379319,0.589,0.000569,0.0958,0.0,0.0316,0.5082854917102745
3570,0.28,0.717,0.46345644043220835,0.734,0.000101,0.147,1.0,0.0426,0.3853325204491185
3571,0.431,0.484,0.49214890646374787,0.731,0.0,0.151,1.0,0.0379,0.43037985401954304
3572,0.327,0.687,0.4840612026035158,0.785,0.0,0.203,1.0,0.0333,0.44897458043319954
3573,0.254,0.614,0.4619208705543678,0.694,2.63e-06,0.0733,0.0,0.0932,0.6940930413724196
3574,0.115,0.794,0.49803081956327677,0.714,5.62e-06,0.167,0.0,0.287,0.40217446527460243
3575,0.953,0.348,0.5582981146787205,0.109,0.875,0.124,0.0,0.027,0.4021067249233687
3576,0.733,0.614,0.5027994075043107,0.449,0.00556,0.0665,1.0,0.0429,0.3466358448068553
3577,0.0104,0.366,0.5766339917478516,0.571,0.89,0.0939,1.0,0.0565,0.6566283933682195
3578,0.302,0.733,0.5013583173046823,0.477,2.97e-06,0.0579,0.0,0.0687,0.264640383410388
3579,0.838,0.775,0.4814809501165491,0.329,0.0,0.108,0.0,0.034,0.4235211434571288
3580,0.839,0.223,0.3431372530059096,0.205,0.905,0.119,1.0,0.0387,0.24652407322731967
3581,0.00042,0.602,0.48321239519245185,0.921,0.000272,0.0983,1.0,0.0604,0.4601771410184761
3582,0.316,0.459,0.42288784004065993,0.581,0.0,0.124,1.0,0.0713,0.7459694491015936
3583,0.00598,0.647,0.46565598289270027,0.815,0.0,0.0955,0.0,0.26,0.6441853376009754
3584,0.0451,0.689,0.47649066488126524,0.981,0.000436,0.67,1.0,0.376,0.31753713018002
3585,0.00228,0.713,0.5460217855532594,0.971,2.05e-05,0.242,1.0,0.381,0.542193771274704
3586,0.578,0.681,0.4123262819965525,0.504,6.52e-05,0.12,0.0,0.132,0.6610823214618368
3587,0.305,0.596,0.6035641933227223,0.627,0.0,0.299,1.0,0.0827,0.6354383647479211
3588,0.324,0.659,0.4837299517769327,0.646,0.00102,0.334,1.0,0.0315,0.5925375535572153
3589,0.0459,0.616,0.5264535528739915,0.91,0.0,0.343,1.0,0.0386,0.609967992684042
3590,0.0814,0.65,0.43643305370045393,0.637,0.000607,0.51,1.0,0.0369,0.5932149570695524
3591,0.0837,0.804,0.5174969883149569,0.886,0.0,0.266,1.0,0.04,0.613668309370184
3592,0.00932,0.562,0.5253876291926711,0.542,0.348,0.635,1.0,0.053,0.33036545919490595
3593,0.855,0.409,0.5591153594004372,0.287,0.768,0.0887,0.0,0.0287,0.39927433148740876
3594,0.842,0.601,0.49338869456956336,0.422,0.245,0.139,1.0,0.0231,0.3237142034581449
3595,0.992,0.215,0.41823632620054485,0.0112,0.968,0.0724,0.0,0.0433,0.2777989466375383
3596,0.453,0.571,0.42162471988441097,0.544,0.00805,0.322,1.0,0.0299,0.559078053819709
3597,0.0933,0.508,0.5680520274888354,0.761,2e-06,0.268,0.0,0.0422,0.4234237667022303
3598,0.454,0.318,0.45840228183677145,0.476,1.57e-05,0.503,1.0,0.0441,0.6805238022659147
3599,0.819,0.639,0.4316457856075646,0.235,0.871,0.113,0.0,0.196,0.33815983335873595
3600,0.935,0.0833,0.44690400966081767,0.00524,0.91,0.0818,1.0,0.0457,0.2977569476197734
3601,0.343,0.549,0.47640882817777186,0.398,0.0961,0.313,0.0,0.0332,0.3388668732747379
3602,0.404,0.401,0.47442610419773357,0.323,3.5e-06,0.0873,1.0,0.0292,0.3396628224017342
3603,0.841,0.626,0.5293068152655525,0.522,0.00129,0.358,1.0,0.0307,0.46988941387661093
3604,0.0307,0.271,0.5910405922725128,0.551,0.000581,0.118,1.0,0.0272,0.6092355501363275
3605,0.856,0.501,0.4098841058360745,0.15,4e-05,0.134,1.0,0.0411,0.5924613456620773
3606,0.593,0.749,0.48017967112350446,0.873,0.662,0.107,0.0,0.0568,0.4402741790716185
3607,0.0295,0.671,0.4591553374187787,0.847,0.0,0.768,1.0,0.0382,0.533455265965554
3608,0.0143,0.769,0.46862123444759307,0.719,0.00777,0.359,1.0,0.0474,0.5163296584192789
3609,0.345,0.66,0.4828574189961401,0.639,0.00109,0.0775,1.0,0.0286,0.5252756185540822
3610,0.0584,0.773,0.3984510478739507,0.875,0.0349,0.382,0.0,0.0417,0.5166175549120222
3611,0.0685,0.41,0.6417210319763131,0.761,0.00772,0.0758,0.0,0.0687,0.5627656691899947
3612,0.121,0.674,0.48047527465714457,0.428,0.0,0.132,1.0,0.122,0.3593540957509865
3613,0.593,0.759,0.5166991251387616,0.707,1.98e-05,0.109,0.0,0.0294,0.4447323409371877
3614,0.766,0.434,0.5402144071175763,0.378,0.000136,0.115,1.0,0.029,0.3936645836508662
3615,0.0422,0.773,0.5078070990587502,0.758,0.0,0.305,1.0,0.0381,0.6098028755779098
3616,0.000244,0.646,0.5088538338352913,0.97,0.00483,0.0668,1.0,0.129,0.5933419702281156
3617,0.00715,0.55,0.4825355837224776,0.883,0.0,0.0924,1.0,0.0934,0.6350276888685669
3618,0.117,0.611,0.4277725125954941,0.699,0.0,0.0632,1.0,0.0365,0.6552608850276889
3619,0.0427,0.448,0.48455765955659236,0.72,0.000292,0.614,1.0,0.0332,0.6685930329048756
3620,0.0336,0.624,0.4342177417748876,0.684,0.0,0.0771,0.0,0.0513,0.6902445426679537
3621,0.418,0.646,0.5173312878314671,0.703,0.00996,0.138,1.0,0.0344,0.4603591932124168
3622,0.274,0.588,0.4673301507790537,0.559,0.0,0.0756,1.0,0.0696,0.5314992633236802
3623,0.36,0.518,0.5037878544412617,0.754,0.0,0.11,1.0,0.0472,0.3935418042642551
3624,0.63,0.459,0.5243586727029421,0.276,9.5e-05,0.104,1.0,0.036,0.4833655100001693
3625,0.715,0.674,0.5034704718343743,0.413,6.64e-05,0.104,1.0,0.0351,0.5926264627682094
3626,0.00711,0.506,0.509421441427043,0.805,0.00193,0.0856,1.0,0.0469,0.5334891361411709
3627,0.00646,0.513,0.5074457740872673,0.847,0.0,0.0835,1.0,0.0472,0.42753052549577464
3628,0.0082,0.408,0.5104671992887821,0.868,0.0,0.151,0.0,0.0837,0.3533887110704669
3629,0.582,0.722,0.46782999971101513,0.631,0.0132,0.104,0.0,0.027,0.44463496418228926
3630,0.438,0.725,0.5091666942718529,0.843,5.67e-06,0.218,0.0,0.206,0.6266194177716811
3631,0.877,0.601,0.5170920265781551,0.375,0.0,0.0943,1.0,0.0316,0.44423698961879116
3632,0.955,0.858,0.35809327363588017,0.394,0.0,0.405,1.0,0.0737,0.35166979965791123
3633,0.978,0.472,0.40148588826209286,0.112,0.921,0.117,1.0,0.0387,0.4064548087181832
3634,0.719,0.629,0.5543144245364768,0.545,0.00308,0.0604,0.0,0.0546,0.4588392690816102
3635,0.388,0.724,0.5136440763907371,0.269,0.0,0.0808,1.0,0.0456,0.36428220630323965
3636,0.607,0.651,0.46332107959855184,0.303,0.0,0.107,0.0,0.0494,0.2664270351741774
3637,0.056,0.672,0.5031083798822138,0.722,3.23e-05,0.0946,0.0,0.0306,0.6602694372470321
3638,0.0592,0.732,0.4267842984276391,0.615,1.64e-06,0.115,1.0,0.0399,0.5715676810784264
3639,0.07,0.8,0.36559711201433887,0.746,0.0,0.0288,0.0,0.109,0.5084548425883588
3640,0.933,0.0793,0.5949965211175714,0.0301,0.929,0.0741,1.0,0.0425,0.8103989906687666
3641,0.258,0.74,0.45886256834825634,0.613,0.00372,0.123,1.0,0.145,0.3176302731629663
3642,0.135,0.676,0.36397374424480033,0.494,0.0,0.0995,1.0,0.261,0.7184075936933733
3643,0.0111,0.548,0.47220239432831224,0.63,0.000721,0.128,1.0,0.0343,0.3216481227455164
3644,0.000166,0.721,0.45432726254325484,0.692,0.275,0.104,1.0,0.0414,0.5080738031126691
3645,0.0439,0.667,0.4606307508085503,0.666,0.000466,0.133,0.0,0.0822,0.4825822621890294
3646,0.0446,0.744,0.46823211146529853,0.661,1.03e-05,0.0678,0.0,0.113,0.4623151958542905
3647,0.0214,0.651,0.5573336549606798,0.833,0.0,0.14,1.0,0.172,0.656450574946231
3648,0.339,0.69,0.472843278091738,0.537,0.817,0.236,0.0,0.0447,0.5080060627614355
3649,0.00434,0.812,0.44294954850978097,0.504,0.0151,0.717,1.0,0.388,0.4868626056326102
3650,0.000325,0.557,0.5155230286554304,0.595,8.88e-06,0.109,0.0,0.0371,0.5923512675913224
3651,0.544,0.515,0.496092589293768,0.479,0.00598,0.191,1.0,0.0261,0.37665328794729797
3652,0.107,0.565,0.4710804427213169,0.636,9.9e-06,0.447,1.0,0.0638,0.7197835695778082
3653,0.00277,0.934,0.40125174909589867,0.698,1.44e-05,0.101,0.0,0.248,0.4167301732459483
3654,0.442,0.649,0.4569471615773175,0.461,0.0,0.108,1.0,0.0449,0.597334417178953
3655,0.000888,0.471,0.5558951333514757,0.951,2.48e-05,0.157,0.0,0.0364,0.6565733543328423
3656,0.076,0.69,0.41129347267852934,0.683,0.000113,0.134,0.0,0.0968,0.6777760842689968
3657,0.0608,0.908,0.4128415462440105,0.45,0.0,0.0663,1.0,0.314,0.4574844620569357
3658,0.0196,0.674,0.511289626453554,0.893,0.192,0.361,0.0,0.0556,0.5421133296076139
3659,0.0543,0.703,0.4099065930135233,0.653,1.27e-05,0.345,0.0,0.0376,0.6266829243509627
3660,0.148,0.637,0.49710529394881453,0.715,0.0,0.0892,0.0,0.0455,0.6006536943894054
3661,0.0383,0.591,0.432546383122564,0.764,0.0,0.103,1.0,0.0483,0.7194364002777354
3662,0.449,0.453,0.49235100371679374,0.538,0.0,0.19,1.0,0.0638,0.5206396382665244
3663,0.172,0.788,0.3615800587379574,0.871,0.00164,0.115,0.0,0.043,0.5427483954004301
3664,0.0837,0.551,0.46049108547010764,0.636,4.28e-06,0.112,1.0,0.054,0.7369515148436044
3665,0.063,0.74,0.42911500045007966,0.934,0.831,0.198,1.0,0.0384,0.5067528662636115
3666,0.499,0.782,0.442004745855054,0.495,0.0,0.116,0.0,0.0424,0.5544463073041034
3667,0.195,0.739,0.5273431958147641,0.836,3.64e-06,0.197,1.0,0.0325,0.46152771427119843
3668,0.186,0.462,0.5834973652673776,0.457,0.0,0.334,0.0,0.106,0.7448898372538061
3669,1.3e-05,0.202,0.5729007608705228,0.932,0.000396,0.0823,0.0,0.125,0.6660993412250843
3670,0.438,0.562,0.4683431199027994,0.565,0.0,0.138,1.0,0.044,0.38045521516029057
3671,0.19,0.656,0.4232149008219952,0.585,0.000152,0.211,0.0,0.182,0.652233738081932
3672,0.622,0.65,0.5150270032478121,0.479,0.00298,0.135,1.0,0.0281,0.4826076648207421
3673,0.785,0.393,0.5305953181184999,0.309,0.0011,0.169,1.0,0.0298,0.33833341800877237
3674,0.9,0.233,0.3710334452701227,0.0601,0.937,0.0724,1.0,0.0385,0.6013522667615031
3675,0.614,0.786,0.5069873342162436,0.761,1.24e-06,0.125,1.0,0.0997,0.5925925925925926
3676,0.457,0.748,0.49154030723186004,0.486,0.0,0.0762,1.0,0.0621,0.5166260224559265
3677,0.0724,0.512,0.5088855797257086,0.526,0.0,0.0675,1.0,0.0251,0.35997222645599414
3678,0.0139,0.643,0.46681476578572734,0.648,0.0,0.162,1.0,0.0428,0.5927153719792038
3679,0.163,0.682,0.5689873353805659,0.704,0.0,0.297,1.0,0.227,0.5926645667157785
3680,0.00971,0.414,0.5223781038064268,0.527,5.05e-05,0.145,0.0,0.0287,0.5080907382004776
3681,0.021,0.726,0.5345791525188264,0.994,0.0108,0.222,0.0,0.0543,0.5503437822825111
3682,0.994,0.79,0.3659576026174711,0.0183,0.95,0.101,0.0,0.0789,0.4222848820471134
3683,0.985,0.697,0.3814340263504674,0.00781,0.962,0.0866,0.0,0.0529,0.42341953293027823
3684,0.989,0.432,0.3524093133785027,0.0531,0.873,0.107,0.0,0.0549,0.7010448949177801
3685,0.245,0.642,0.49772752833174927,0.728,0.00238,0.101,1.0,0.0315,0.5291495198902606
3686,0.635,0.814,0.4849891543444498,0.578,0.00134,0.123,0.0,0.0415,0.43595573168046875
3687,0.000176,0.655,0.48269658065335275,0.819,0.00374,0.104,1.0,0.0316,0.4993988043828007
3688,0.00705,0.151,0.6400928359801461,0.723,0.892,0.487,1.0,0.0414,0.3175413639519721
3689,0.0449,0.497,0.4928547572613815,0.757,0.0,0.119,1.0,0.127,0.7193263222069806
3690,0.146,0.615,0.46348025995209463,0.521,0.772,0.11,1.0,0.0318,0.48695151484360444
3691,0.231,0.502,0.5004196046601184,0.37,0.866,0.0699,0.0,0.0288,0.7765161137360497
3692,0.354,0.693,0.5579069229391425,0.638,3.32e-06,0.0972,1.0,0.0498,0.38106064454944194
3693,0.3,0.706,0.4708757034349855,0.674,0.0,0.202,1.0,0.044,0.35140730579688056
3694,0.969,0.81,0.4103596445313118,0.23,0.908,0.109,1.0,0.04,0.40226760825754876
3695,0.995,0.616,0.2969123149259407,0.0185,0.969,0.112,1.0,0.0887,0.2963767379633863
3696,0.992,0.719,0.2788590759887677,0.0252,0.966,0.167,1.0,0.0757,0.5926730342596825
3697,0.0362,0.765,0.6116039007922227,0.796,5.12e-05,0.249,1.0,0.0537,0.4362182255414994
3698,0.131,0.693,0.47174475721214737,0.835,0.0,0.073,1.0,0.0624,0.5421429660112788
3699,0.881,0.181,0.4881461145148607,0.337,0.839,0.0968,1.0,0.0391,0.37691154803637655
3700,0.891,0.533,0.4546604519588662,0.181,1.11e-05,0.149,1.0,0.0453,0.549670612542126
3701,0.942,0.518,0.4453060144672123,0.468,0.119,0.0928,1.0,0.0467,0.7620535487476502
3702,0.563,0.631,0.3844235425725897,0.498,0.888,0.0987,0.0,0.0394,0.5927661772426289
3703,0.996,0.699,0.2900395041288355,0.0148,0.975,0.104,0.0,0.104,0.41504513200900944
3704,0.0263,0.498,0.3519987413926722,0.833,0.0,0.352,0.0,0.228,0.40852088943081166
3705,0.108,0.712,0.47255064049687223,0.622,2.22e-06,0.074,1.0,0.0528,0.4276067333909126
3706,0.387,0.552,0.47150547986931857,0.638,0.00014,0.374,1.0,0.11,0.7105708818100221
3707,0.922,0.378,0.4323090152989886,0.294,0.95,0.106,0.0,0.0322,0.3171899608799471
3708,0.865,0.675,0.3910973628370875,0.147,0.137,0.109,1.0,0.0396,0.5082812579383224
3709,0.219,0.739,0.472843278091738,0.494,2.4e-05,0.16,1.0,0.113,0.508344764517604
3710,0.0272,0.776,0.5033115488853479,0.682,0.842,0.0979,1.0,0.0963,0.6689147995732357
3711,0.0705,0.481,0.5117957012203083,0.912,0.0,0.154,1.0,0.0414,0.6348583379904824
3712,0.00451,0.726,0.4715390360867808,0.652,3.32e-05,0.226,0.0,0.11,0.6938263137394367
3713,0.886,0.764,0.3692447636018681,0.342,0.000199,0.118,0.0,0.0633,0.5922835272400887
3714,0.122,0.69,0.5823191085099757,0.73,0.0,0.346,1.0,0.0307,0.4825187556097478
3715,0.443,0.743,0.4770237982122192,0.522,0.0633,0.132,1.0,0.135,0.4909354942505376
3716,0.544,0.475,0.488168229651742,0.48,0.0,0.106,1.0,0.0427,0.3300309912106894
3717,0.00391,0.871,0.4703229920087253,0.751,0.0,0.0853,0.0,0.0788,0.5926603329438264
3718,0.0215,0.65,0.48118545368017296,0.825,2.44e-05,0.0936,1.0,0.0325,0.4999703635963352
3719,0.000731,0.441,0.5037484014584463,0.815,0.0,0.414,1.0,0.0276,0.6943682365493065
3720,0.918,0.647,0.5219351397324172,0.115,0.000799,0.127,1.0,0.0394,0.4487205541160731
3721,0.931,0.377,0.519573101032722,0.44,0.0196,0.105,1.0,0.0325,0.5461523480499246
3722,0.703,0.499,0.5662550702390194,0.683,0.00161,0.0749,0.0,0.0334,0.5713475249369168
3723,0.771,0.617,0.5096800993613546,0.315,0.0,0.0809,1.0,0.0326,0.5072990228454335
3724,0.468,0.706,0.44216983014251543,0.297,0.0,0.0725,1.0,0.132,0.4405197378448407
3725,0.0269,0.849,0.48385277793058856,0.941,0.00717,0.0596,1.0,0.223,0.5693534183474742
3726,0.695,0.358,0.49779471770764827,0.557,0.0,0.0902,1.0,0.059,0.36005266812308423
3727,0.0849,0.605,0.4981564470128763,0.933,0.0276,0.138,1.0,0.038,0.5164482040339379
3728,0.0468,0.443,0.5136279593509716,0.623,0.0,0.247,0.0,0.0718,0.3360133109790174
3729,0.695,0.812,0.3751023696179028,0.974,0.512,0.582,1.0,0.227,0.6519119714135718
3730,9.45e-05,0.595,0.50622137351571,0.636,0.0529,0.196,0.0,0.0312,0.47421632881166487
3731,0.00336,0.523,0.5207271948782566,0.944,0.557,0.119,0.0,0.0837,0.5927153719792038
3732,0.00207,0.6,0.49204816385314554,0.871,0.3,0.127,0.0,0.235,0.5933377364561635
3733,0.000911,0.93,0.5837000654646238,0.641,0.0637,0.572,0.0,0.346,0.5418974072380565
3734,0.0154,0.618,0.5149477772131736,0.928,3.95e-06,0.201,1.0,0.211,0.5928593202255754
3735,0.515,0.532,0.31302314788844443,0.342,0.228,0.127,1.0,0.0923,0.8456663110298226
3736,0.992,0.561,0.4014844955694086,0.242,0.79,0.0962,1.0,0.0677,0.4954783315551491
3737,0.000985,0.639,0.45877826322267734,0.816,0.0604,0.141,0.0,0.0485,0.5842943995664618
3738,0.0603,0.632,0.5159933791781448,0.843,0.0,0.0662,0.0,0.0429,0.46987671256075464
3739,0.0225,0.644,0.5117957012203083,0.88,0.544,0.575,0.0,0.274,0.3176218056190621
3740,0.944,0.417,0.5301506912212304,0.0362,3e-06,0.0729,1.0,0.0413,0.33042473200223543
3741,0.011,0.514,0.5259195109790356,0.615,0.06,0.222,0.0,0.0326,0.5928931904011921
3742,0.71,0.795,0.4365342137949859,0.294,0.0,0.145,1.0,0.219,0.5416264458331217
3743,0.821,0.639,0.4325601997441253,0.067,0.924,0.358,0.0,0.0798,0.3725846331013226
3744,0.148,0.542,0.5239967046001381,0.676,0.0,0.101,1.0,0.0395,0.6135031922640519
3745,0.0628,0.58,0.448819321903249,0.254,0.835,0.342,0.0,0.0884,0.6096970312791072
3746,0.00107,0.46,0.5057808025385273,0.796,0.0,0.106,0.0,0.0333,0.4234237667022303
3747,0.868,0.652,0.41675148065920187,0.218,0.00139,0.109,0.0,0.0393,0.541050652847635
3748,0.0867,0.731,0.6265250850396833,0.888,0.856,0.111,0.0,0.0656,0.6098240444376705
3749,0.156,0.619,0.4970463529214224,0.914,3.13e-06,0.163,1.0,0.155,0.4014801266744568
3750,0.224,0.667,0.4670237253819687,0.729,0.000152,0.0788,1.0,0.038,0.39359684329963246
3751,0.369,0.689,0.511175134099628,0.481,1.03e-06,0.0649,1.0,0.0815,0.33880760046740843
3752,0.0395,0.75,0.4444957628466579,0.803,3.37e-06,0.159,0.0,0.033,0.5758945960134803
3753,0.951,0.645,0.4695711896791799,0.327,0.0,0.212,1.0,0.0567,0.40222527053802776
3754,0.627,0.375,0.5066629528876119,0.461,0.0,0.386,1.0,0.0279,0.3184516249216752
3755,0.124,0.65,0.47846340223148265,0.714,0.0,0.095,1.0,0.0274,0.5588960016257684
3756,0.134,0.701,0.5112106993266798,0.681,0.0,0.064,1.0,0.0466,0.5188021812393097
3757,0.0308,0.722,0.5001778031544291,0.716,0.006,0.105,1.0,0.0455,0.4997502074548256
3758,0.146,0.674,0.5012744392996629,0.832,5.06e-06,0.138,1.0,0.0308,0.5334383308777455
3759,0.173,0.734,0.43571865567929424,0.456,0.0,0.111,1.0,0.0358,0.5842901657945097
3760,0.836,0.757,0.45047840473069223,0.3,1.73e-06,0.0649,1.0,0.0434,0.6828862470151907
3761,0.607,0.384,0.46997453485912466,0.504,0.0,0.0983,1.0,0.0652,0.4461167843655269
3762,0.00913,0.368,0.5566140933416341,0.781,0.000308,0.0477,0.0,0.0379,0.24781960744466458
3763,0.00837,0.559,0.5015802726910721,0.89,0.00759,0.103,1.0,0.0387,0.3874282375654118
3764,0.0164,0.538,0.5352066593362941,0.774,0.265,0.0685,1.0,0.0484,0.538142051516537
3765,0.322,0.881,0.4725317135545437,0.75,0.0,0.117,0.0,0.193,0.5080399329370523
3766,0.1,0.707,0.48826648292554187,0.861,0.0,0.191,1.0,0.316,0.5504792629849785
3767,0.0392,0.759,0.48100242196415266,0.548,0.0,0.0828,0.0,0.029,0.4952116039221663
3768,0.413,0.678,0.48601148222165147,0.508,3.36e-05,0.327,1.0,0.35,0.7283188538332571
3769,0.012,0.591,0.507580364748287,0.539,0.588,0.29,0.0,0.0266,0.45134125895442767
3770,0.512,0.57,0.45803626817886833,0.473,2.14e-06,0.1,0.0,0.0677,0.6862182255414994
3771,0.0984,0.499,0.4735425800835693,0.865,0.000712,0.497,0.0,0.0468,0.6690248776439905
3772,0.32,0.557,0.5157168665158234,0.689,0.00282,0.24,1.0,0.0391,0.6352012735186032
3773,0.2,0.431,0.5453941913750748,0.813,0.0,0.115,0.0,0.233,0.4023184135209741
3774,0.581,0.825,0.5141268493118822,0.652,0.0,0.0931,0.0,0.0802,0.40634473064742843
3775,0.162,0.715,0.4644434626351428,0.658,0.0,0.0742,0.0,0.106,0.6690375789598468
3776,0.162,0.715,0.4644434626351428,0.658,0.0,0.0742,0.0,0.106,0.6690375789598468
3777,0.666,0.461,0.5502591055386241,0.224,5.26e-06,0.109,0.0,0.028,0.41992243729783735
3778,0.881,0.477,0.430406880135066,0.167,0.00157,0.268,1.0,0.228,0.3620552422564311
3779,0.772,0.504,0.501385511731153,0.418,0.371,0.111,1.0,0.0415,0.7579213873223932
3780,0.0364,0.649,0.46003926532812467,0.758,4.12e-05,0.36,0.0,0.0581,0.5080568680248607
3781,0.363,0.715,0.4938149073230107,0.46,3.81e-05,0.258,1.0,0.132,0.5673508442141272
3782,0.108,0.808,0.4657180177490041,0.538,0.0743,0.0555,0.0,0.0608,0.4573574488983725
3783,0.56,0.865,0.3404352730470661,0.226,0.883,0.181,1.0,0.0807,0.3811368524445799
3784,0.771,0.704,0.4227644118918803,0.478,0.000516,0.0875,1.0,0.047,0.5452632559399819
3785,0.0556,0.731,0.5027027804417208,0.583,0.0,0.0648,1.0,0.0469,0.36842706904435296
3786,0.0241,0.462,0.4928929535976798,0.738,0.0,0.293,1.0,0.033,0.5571813239851648
3787,0.00214,0.494,0.5053582074376402,0.915,0.0,0.11,1.0,0.0583,0.42394028688038743
3788,0.161,0.743,0.44045878206639366,0.832,0.0,0.0925,1.0,0.0611,0.6348583379904824
3789,0.305,0.803,0.544623390602033,0.859,6.18e-05,0.553,0.0,0.185,0.4276406035665295
3790,0.00293,0.276,0.5034838948572973,0.796,0.0,0.184,1.0,0.0579,0.8447475825162154
3791,0.0275,0.532,0.5085222979257322,0.748,4.76e-06,0.153,1.0,0.0358,0.550263340615421
3792,0.505,0.159,0.44323559336774276,0.197,0.94,0.127,0.0,0.0312,0.36354976375552506
3793,0.668,0.676,0.4623089977398789,0.692,0.00915,0.13,1.0,0.052,0.43402936544225984
3794,0.00378,0.621,0.5354453394127314,0.778,2.52e-05,0.103,1.0,0.0284,0.5206692746701892
3795,0.166,0.6,0.4764669100634542,0.76,4.09e-05,0.189,0.0,0.0452,0.6692662026452607
3796,0.451,0.658,0.6051277876265027,0.767,0.0,0.551,1.0,0.151,0.3809759691103998
3797,0.435,0.55,0.4887568643995259,0.699,0.0,0.197,1.0,0.17,0.7195507121204424
3798,0.5,0.786,0.36277775736049445,0.366,0.065,0.106,1.0,0.0418,0.46621449982218155
3799,0.344,0.693,0.44171762322124697,0.694,0.000109,0.112,1.0,0.0533,0.3810860471811546
3800,0.874,0.361,0.44999693431012533,0.172,0.168,0.132,1.0,0.0356,0.7498772206133888
3801,0.00922,0.7,0.5021195583178995,0.697,0.0,0.104,0.0,0.0685,0.3554293891513827
3802,0.0171,0.56,0.5183515735550146,0.742,0.0,0.178,1.0,0.0301,0.5293358058561534
3803,0.216,0.684,0.5199126343519151,0.605,0.941,0.103,0.0,0.0634,0.44305153347220105
3804,0.89,0.286,0.5047873691132954,0.288,0.00631,0.419,1.0,0.0311,0.4093549425053769
3805,2.07e-05,0.599,0.4760793066631728,0.787,5.27e-05,0.064,1.0,0.0338,0.48292519771715015
3806,0.0804,0.743,0.4794434964056338,0.836,0.0,0.384,1.0,0.116,0.4800038950701959
3807,0.313,0.816,0.4840544833780067,0.614,0.849,0.101,1.0,0.0678,0.4234534031058951
3808,0.2,0.484,0.513300368816473,0.545,0.0,0.188,1.0,0.0485,0.48683720300089756
3809,0.732,0.432,0.5493905601312132,0.695,0.0014,0.274,1.0,0.111,0.4917653135531508
3810,2.95e-05,0.436,0.5057315315806346,0.945,0.797,0.148,0.0,0.0952,0.6345831428135954
3811,0.0308,0.496,0.5370663400839839,0.679,0.00327,0.316,1.0,0.0345,0.44479584751646933
3812,0.325,0.485,0.4568559085716186,0.409,0.0,0.103,0.0,0.101,0.586034479838778
3813,0.312,0.653,0.425153988459368,0.474,6.65e-06,0.119,0.0,0.103,0.35997222645599414
3814,0.723,0.492,0.536099458302103,0.236,0.159,0.351,1.0,0.0359,0.31796474114718287
3815,0.1,0.569,0.47916419292654977,0.726,0.0,0.244,1.0,0.178,0.7872529594065945
3816,0.0979,0.546,0.4899537315302447,0.552,0.0,0.0552,0.0,0.36,0.36777506816372846
3817,0.00183,0.363,0.516012026922879,0.914,0.0,0.335,0.0,0.0983,0.7534759267726803
3818,0.0275,0.633,0.5142993216674792,0.854,0.0,0.337,1.0,0.044,0.43172619350031327
3819,0.354,0.767,0.49251776515832413,0.68,0.0,0.175,1.0,0.0993,0.4110103473386509
3820,0.739,0.929,0.48947262444544215,0.521,0.187,0.132,1.0,0.0538,0.5250258260089078
3821,0.0173,0.747,0.4617399418753947,0.728,8.59e-05,0.0813,0.0,0.0785,0.5335357076326441
3822,0.98,0.657,0.4506732752610392,0.156,0.923,0.111,1.0,0.0335,0.5084675439042151
3823,0.879,0.559,0.38745191134716217,0.0475,0.949,0.0942,0.0,0.049,0.49125302714694574
3824,0.995,0.659,0.2536015612617213,0.0252,0.971,0.118,1.0,0.0644,0.3077063117072262
3825,0.992,0.746,0.30879840362892086,0.0106,0.968,0.106,0.0,0.108,0.46180290944808544
3826,0.916,0.649,0.4782842530920637,0.151,0.95,0.0764,0.0,0.0299,0.42336449389490083
3827,0.0827,0.715,0.5365032247965091,0.641,0.125,0.122,1.0,0.0391,0.4869430472997002
3828,0.493,0.246,0.5558751169808356,0.486,0.0,0.136,0.0,0.0664,0.3384731324831919
3829,0.924,0.289,0.4742433596114535,0.0852,0.957,0.0982,0.0,0.0335,0.40244966045148944
3830,0.0859,0.447,0.5017197839937864,0.546,0.0,0.0739,0.0,0.156,0.37509949364087447
3831,0.0226,0.562,0.4709912989433589,0.53,0.00419,0.106,1.0,0.0286,0.5204152483530627
3832,0.351,0.688,0.47408808893727206,0.649,0.0,0.106,1.0,0.0856,0.4232798184558587
3833,0.875,0.644,0.4575331380584371,0.241,0.36,0.401,1.0,0.0416,0.5882656776575386
3834,0.675,0.637,0.44955139605704475,0.39,0.0,0.0687,1.0,0.23,0.422661687750851
3835,0.886,0.444,0.4484802509609378,0.301,0.0,0.183,1.0,0.0334,0.4033853240529052
3836,0.0864,0.55,0.48024760417204004,0.872,0.000291,0.0617,0.0,0.0588,0.6013692018493115
3837,0.712,0.566,0.5442444645227611,0.394,2.59e-05,0.156,0.0,0.0445,0.33424782807498854
3838,0.000145,0.445,0.5907603167973607,0.96,0.661,0.135,1.0,0.0515,0.7197539331741434
3839,0.0295,0.698,0.4785615899424438,0.783,4.25e-05,0.0868,0.0,0.0644,0.5417830953953496
3840,0.0351,0.641,0.5129256757862817,0.943,0.000259,0.328,0.0,0.264,0.727408592863554
3841,0.811,0.492,0.46567572381270517,0.378,0.0,0.136,1.0,0.0304,0.46955494589239444
3842,0.0307,0.486,0.6078802063297108,0.882,0.0,0.234,1.0,0.0966,0.5076546596894105
3843,0.26,0.903,0.38502848916230237,0.327,0.011,0.108,1.0,0.0877,0.42341106538637396
3844,0.047,0.758,0.4522565824798912,0.729,1.03e-06,0.067,1.0,0.132,0.5461057765584514
3845,0.428,0.557,0.4692045655124717,0.457,0.0,0.0567,1.0,0.0335,0.4484326576233298
3846,0.822,0.849,0.5027192635206124,0.285,2.9e-06,0.116,0.0,0.041,0.5313553150773087
3847,0.845,0.592,0.5174511293917798,0.263,5.68e-06,0.127,0.0,0.0568,0.3233162288946468
3848,0.891,0.519,0.4515867815833461,0.256,0.0,0.181,1.0,0.0444,0.5195473251028806
3849,0.0179,0.733,0.4740934455571333,0.653,0.0218,0.184,1.0,0.0391,0.5080356991651002
3850,0.0325,0.629,0.4562366213949469,0.87,1.71e-06,0.129,0.0,0.0304,0.49941573947060913
3851,0.984,0.597,0.42557871652629076,0.136,0.889,0.248,0.0,0.0366,0.5755982319768328
3852,0.0001,0.53,0.5160210047071376,0.752,0.00176,0.0926,1.0,0.043,0.6267591322461007
3853,0.249,0.389,0.49809094782610286,0.431,0.0,0.13,1.0,0.0344,0.6017883452725702
3854,0.691,0.15,0.4603066218213343,0.333,0.37,0.303,1.0,0.0374,0.7158884993818693
3855,0.474,0.426,0.5702149047731799,0.491,0.00331,0.083,0.0,0.0365,0.25852681671154465
3856,0.894,0.173,0.516498876540171,0.258,0.838,0.12,1.0,0.0319,0.5964156886653458
3857,0.948,0.593,0.29455152785357774,0.243,0.0462,0.113,1.0,0.0539,0.5025233280834561
3858,0.374,0.603,0.45760722508340845,0.509,2.91e-05,0.0627,1.0,0.0311,0.5782993784822774
3859,0.828,0.654,0.5053449376232955,0.236,0.0,0.0384,1.0,0.0387,0.5833460346491895
3860,0.815,0.636,0.4558367651162938,0.243,0.0,0.111,1.0,0.04,0.6012633575505089
3861,0.114,0.732,0.4833372983857518,0.85,2.02e-06,0.0388,1.0,0.0444,0.5250893325881895
3862,0.575,0.667,0.5198161787944788,0.361,0.00506,0.0805,0.0,0.0273,0.5674016494775526
3863,0.86,0.364,0.5131148872423621,0.178,0.000493,0.106,1.0,0.0295,0.3982497586749987
3864,0.341,0.347,0.4905965071818408,0.634,0.0,0.842,1.0,0.051,0.5373206997578283
3865,0.0996,0.758,0.5023825288594943,0.562,0.0,0.0996,1.0,0.0771,0.601343799217599
3866,0.22,0.796,0.46655225472201,0.337,0.0,0.115,1.0,0.0334,0.45268759843519785
3867,0.423,0.665,0.47494380872158337,0.61,0.0,0.127,0.0,0.0436,0.5418000304831581
3868,0.464,0.674,0.4442901592252866,0.491,1.77e-05,0.106,0.0,0.36,0.5336161492997341
3869,0.00703,0.204,0.5619129085853869,0.747,0.000261,0.13,0.0,0.0338,0.6384697454656302
3870,0.0202,0.493,0.513300368816473,0.586,0.00106,0.102,1.0,0.046,0.481032701654558
3871,0.321,0.939,0.49848278052325545,0.742,0.0,0.107,0.0,0.0467,0.5037257193178546
3872,0.329,0.602,0.4919881684897407,0.565,0.0,0.0622,1.0,0.0498,0.880785449372555
3873,2.55e-05,0.502,0.5559378627967813,0.912,0.000173,0.106,1.0,0.0564,0.4943394469000321
3874,0.913,0.48,0.45093891412680565,0.363,0.75,0.11,1.0,0.029,0.5106352351436942
3875,0.296,0.764,0.46878086690045095,0.548,1.01e-05,0.0769,1.0,0.14,0.6393842402072855
3876,0.483,0.716,0.4581760799053578,0.512,0.0,0.0928,1.0,0.0331,0.4443640027773543
3877,0.279,0.733,0.5413212106326268,0.395,2.37e-06,0.468,0.0,0.0366,0.40680197801825596
3878,0.0696,0.806,0.4431568460992332,0.515,2.46e-06,0.0639,1.0,0.0455,0.4783696590966824
3879,0.149,0.714,0.4946041805944099,0.68,6.27e-06,0.098,1.0,0.132,0.6774924215482057
3880,0.435,0.526,0.4747545299257643,0.52,0.0,0.197,0.0,0.0569,0.631335839726329
3881,0.941,0.451,0.48863767375492606,0.159,7.71e-06,0.12,1.0,0.0487,0.5989728869244186
3882,0.121,0.803,0.4577671384244639,0.491,9.69e-06,0.0689,1.0,0.0821,0.51645243780589
3883,0.3,0.799,0.46918248666189144,0.791,0.00089,0.104,1.0,0.109,0.5080229978492438
3884,0.116,0.754,0.4264571457296238,0.441,0.0,0.119,0.0,0.0383,0.5504707954410744
3885,0.0979,0.701,0.5264360603493783,0.591,2.53e-05,0.551,1.0,0.0301,0.41514674253586004
3886,0.722,0.593,0.5225805622414872,0.773,0.0,0.117,1.0,0.0339,0.5672195972836118
3887,0.875,0.698,0.446608479582139,0.197,0.0,0.0799,1.0,0.0334,0.4648427577096987
3888,0.0767,0.611,0.4925855381082882,0.562,3.23e-06,0.118,0.0,0.0874,0.31750749377635523
3889,0.975,0.415,0.6164328342620262,0.216,0.92,0.105,0.0,0.0439,0.4821207810462497
3890,0.0775,0.417,0.4341128549754343,0.868,0.792,0.305,0.0,0.0451,0.337452793442734
3891,0.0484,0.575,0.4937397275426445,0.568,0.000417,0.286,0.0,0.03,0.39791529069078224
3892,0.594,0.626,0.5987482300066405,0.399,0.0,0.101,1.0,0.0363,0.4653592778878558
3893,0.286,0.749,0.4875396491500994,0.393,0.000218,0.113,0.0,0.199,0.5306440413893546
3894,0.237,0.73,0.4825533859252016,0.483,7.99e-05,0.31,1.0,0.0879,0.37255499669765785
3895,0.988,0.265,0.29826750776219146,0.146,0.92,0.124,0.0,0.0432,0.3270123118088367
3896,0.0371,0.718,0.44225339471841796,0.677,5.81e-05,0.112,1.0,0.0361,0.5165328794729801
3897,0.000354,0.442,0.47485941570738865,0.847,0.011,0.374,0.0,0.107,0.7615370285694931
3898,0.823,0.678,0.4342268591828251,0.101,0.879,0.11,0.0,0.0366,0.5166598926315433
3899,0.392,0.702,0.4785077243498199,0.595,0.0,0.0753,1.0,0.0912,0.3831436603498789
3900,0.153,0.718,0.4599575127135167,0.725,0.0,0.32,1.0,0.0519,0.4235634811766499
3901,0.0158,0.401,0.4727604923474875,0.503,0.0,0.134,1.0,0.0439,0.5016427035174177
3902,0.0854,0.559,0.47403272690632337,0.849,0.0,0.328,1.0,0.0454,0.36824501685041233
3903,0.101,0.592,0.501297869025239,0.839,0.0,0.0528,0.0,0.0564,0.713394807702078
3904,0.89,0.766,0.4900379619006723,0.432,0.83,0.0983,1.0,0.129,0.4742967704787549
3905,0.0918,0.688,0.4917848202883517,0.767,0.0,0.117,0.0,0.0386,0.5718640451150739
3906,0.865,0.617,0.496014548245868,0.195,3.52e-05,0.0964,1.0,0.0467,0.4864349946654473
3907,0.429,0.443,0.5063283995335519,0.533,3.66e-06,0.332,1.0,0.0473,0.7781291808498026
3908,0.736,0.539,0.4634945499963028,0.407,0.0,0.122,1.0,0.0408,0.49098629951396294
3909,0.00517,0.52,0.5041061070438198,0.903,0.0,0.254,1.0,0.042,0.31748209114464254
3910,0.751,0.501,0.47343684472135616,0.405,0.0,0.105,1.0,0.0319,0.4652534335890532
3911,0.746,0.594,0.4748922897517025,0.455,0.0,0.0943,1.0,0.027,0.4651899270097715
3912,0.00614,0.695,0.453719532307139,0.854,0.0,0.158,0.0,0.0431,0.47421632881166487
3913,0.064,0.69,0.4216961072563872,0.397,0.0,0.0784,1.0,0.0453,0.8625167233992108
3914,0.745,0.427,0.5130291010379509,0.201,0.263,0.109,1.0,0.0317,0.44546901725685445
3915,0.0498,0.617,0.5232611036669654,0.635,1.44e-05,0.164,0.0,0.0317,0.43615895273416994
3916,0.276,0.705,0.4684984050345,0.864,0.00037,0.0872,0.0,0.0344,0.5081034395163339
3917,0.00221,0.626,0.6018863283747589,0.725,0.686,0.116,1.0,0.0285,0.5123583803282019
3918,0.937,0.409,0.5136279593509716,0.0914,0.0,0.0986,1.0,0.0555,0.31681315517620956
3919,0.0298,0.463,0.4940560402889489,0.9,0.000459,0.0651,0.0,0.0523,0.6772510965469356
3920,0.94,0.581,0.4615886934078255,0.152,0.925,0.0942,0.0,0.0517,0.4324459347321716
3921,0.924,0.358,0.5211627372268857,0.277,0.0,0.19,1.0,0.0344,0.463830886213145
3922,0.882,0.555,0.3738288007753352,0.151,0.573,0.0832,0.0,0.0477,0.6214415146742536
3923,0.939,0.632,0.48268218212936365,0.193,0.0882,0.0903,0.0,0.0309,0.47483869328862466
3924,0.844,0.529,0.4451557971856619,0.64,0.0,0.106,1.0,0.0628,0.34507358295652757
3925,0.176,0.486,0.48100242196415266,0.633,0.0,0.312,1.0,0.0365,0.6865399922098595
3926,0.922,0.545,0.45728099042788806,0.0706,0.828,0.0776,0.0,0.0376,0.5419990177649071
3927,0.00698,0.829,0.5321655066692337,0.852,0.000278,0.055,1.0,0.0477,0.5588113261867262
3928,0.0701,0.615,0.5531011606334792,0.76,3.95e-05,0.12,1.0,0.0761,0.728001320936849
3929,0.504,0.637,0.5696848199147064,0.591,3.29e-06,0.135,1.0,0.0342,0.5078663482870158
3930,0.813,0.561,0.4432194155219804,0.0783,0.0,0.067,1.0,0.0397,0.5503226134227506
3931,0.953,0.49,0.3895854321866603,0.225,0.671,0.296,1.0,0.0428,0.5390269098545276
3932,0.0177,0.65,0.5104943470069481,0.9,0.000611,0.0946,0.0,0.0375,0.5333621229826077
3933,0.821,0.124,0.35146988212247976,0.133,0.852,0.12,1.0,0.0421,0.35464614134024286
3934,0.913,0.513,0.5046548976914509,0.25,0.0,0.117,0.0,0.0367,0.31373520296702734
3935,0.0797,0.654,0.4893328134247732,0.76,0.0,0.299,0.0,0.045,0.4231443377533912
3936,0.19,0.566,0.5056528142806882,0.586,1.3e-05,0.379,0.0,0.0313,0.3343155684262223
3937,0.0561,0.789,0.48657733170253126,0.797,0.0186,0.129,1.0,0.0478,0.5376721028298531
3938,0.0687,0.614,0.4617832675262341,0.65,0.0,0.117,1.0,0.0323,0.5968517671764128
3939,0.196,0.516,0.5843875516889074,0.679,0.245,0.167,0.0,0.032,0.3514157733407848
3940,0.0508,0.698,0.5266005455932095,0.633,0.272,0.264,0.0,0.0406,0.39833443411404085
3941,0.399,0.866,0.48202612767651787,0.667,0.00242,0.156,0.0,0.0558,0.5924698132059815
3942,0.148,0.857,0.4922983068051341,0.621,0.0,0.0865,0.0,0.0825,0.4148630798150688
3943,0.0396,0.887,0.4520523543629349,0.581,0.000198,0.0788,0.0,0.172,0.4955291368185744
3944,0.0417,0.668,0.5428359724344687,0.886,0.0,0.459,1.0,0.117,0.6012040847431794
3945,0.387,0.557,0.426222721288511,0.429,0.000478,0.192,1.0,0.189,0.3834696607901912
3946,0.229,0.508,0.5656722142815473,0.792,0.124,0.145,0.0,0.0297,0.6226481396806043
3947,0.937,0.849,0.442823097368215,0.308,0.859,0.102,0.0,0.0367,0.44455028874324715
3948,0.56,0.539,0.6064945204292314,0.508,0.0,0.113,1.0,0.0348,0.5248099036393503
3949,0.729,0.634,0.605985823094827,0.506,1.11e-06,0.12,1.0,0.0316,0.5250004233771952
3950,0.687,0.372,0.6501593561160535,0.426,0.00784,0.109,1.0,0.0339,0.5249580856576741
3951,0.802,0.416,0.4522218817165704,0.55,0.0,0.319,1.0,0.0493,0.42076495791630675
3952,0.188,0.674,0.48138706413166354,0.555,9.6e-06,0.3,1.0,0.0323,0.4063616657352368
3953,0.226,0.765,0.39246301246571047,0.572,0.0,0.192,0.0,0.128,0.5927831123304375
3954,0.67,0.805,0.48434483754735025,0.842,0.116,0.14,0.0,0.0357,0.4233094548595234
3955,0.491,0.829,0.4373345373912576,0.57,0.206,0.0847,1.0,0.11,0.5149875527104608
3956,0.341,0.672,0.48418881538047054,0.717,2.4e-05,0.106,1.0,0.034,0.6815568426222289
3957,0.000969,0.424,0.5388978750334847,0.797,0.841,0.234,1.0,0.0577,0.7616259377804874
3958,0.000155,0.41,0.4891122865909041,0.901,1.08e-05,0.243,1.0,0.0691,0.643698453826483
3959,0.254,0.608,0.49339662689562713,0.732,0.0,0.161,0.0,0.108,0.634409558163559
3960,0.731,0.453,0.5051332119958234,0.236,0.596,0.12,0.0,0.0282,0.415184846483429
3961,0.967,0.451,0.4839040683538196,0.259,0.0,0.138,0.0,0.0389,0.43290318210299916
3962,0.0371,0.78,0.6035371239610203,0.768,2.34e-06,0.518,0.0,0.238,0.3389684838015885
3963,0.625,0.693,0.49070540688087916,0.549,0.0,0.122,0.0,0.418,0.3478128334095412
3964,0.3,0.694,0.4620324074665505,0.389,0.0,0.158,1.0,0.0706,0.38520550729055525
3965,7.18e-05,0.42,0.5587681181424418,0.964,0.000274,0.543,1.0,0.107,0.7404062727565243
3966,0.237,0.321,0.5050106250454602,0.177,0.837,0.102,1.0,0.035,0.41951599519043503
3967,0.141,0.679,0.5118332571246351,0.587,6.35e-06,0.137,1.0,0.276,0.7874942844078645
3968,0.00304,0.512,0.5020323088386309,0.483,0.0011,0.12,1.0,0.0298,0.6774416162847804
3969,0.743,0.653,0.46996263211548617,0.384,0.0,0.11,1.0,0.051,0.4024538942234416
3970,0.841,0.694,0.39201496738396524,0.347,0.916,0.108,1.0,0.0627,0.2956188927839591
3971,0.162,0.564,0.45790028000977556,0.722,0.0,0.0931,0.0,0.124,0.4194948263306745
3972,0.0436,0.631,0.4990254799700726,0.932,0.137,0.0918,1.0,0.0354,0.5183364663245779
3973,0.618,0.583,0.4704499345077633,0.642,2.48e-06,0.119,1.0,0.113,0.6859853680841335
3974,0.798,0.332,0.4774266638973734,0.329,0.0,0.0909,1.0,0.0333,0.6806169452488611
3975,0.0128,0.728,0.4635583635959948,0.727,0.0,0.0882,1.0,0.206,0.6060390523124862
3976,0.00523,0.812,0.5693289768672836,0.621,0.841,0.0904,0.0,0.0817,0.5927746447865332
3977,0.00612,0.0863,0.6068635252194672,0.0476,0.906,0.125,1.0,0.0449,0.3614286440075191
3978,0.0346,0.458,0.49443559668515635,0.239,0.0,0.0815,0.0,0.0599,0.4021786990465545
3979,0.299,0.512,0.49737800683496936,0.76,0.0,0.103,0.0,0.0682,0.5507967958813866
3980,0.577,0.504,0.5088307420376315,0.76,0.0,0.251,0.0,0.176,0.3669579501769717
3981,0.0487,0.616,0.49329109542554406,0.654,0.0,0.113,1.0,0.0564,0.6515817372013074
3982,0.547,0.639,0.47961965275774276,0.552,0.0,0.0903,0.0,0.145,0.6411031516198411
3983,0.263,0.626,0.4821961230374052,0.839,0.000741,0.18,0.0,0.0465,0.6349387796575725
3984,0.256,0.892,0.43082166975331737,0.595,1.79e-05,0.116,1.0,0.0811,0.6565987569645549
3985,0.608,0.743,0.41828659446624594,0.389,1.65e-06,0.272,1.0,0.128,0.41493505393825464
3986,0.273,0.733,0.47712723684283453,0.481,0.0739,0.287,1.0,0.0347,0.5292595979610154
3987,0.605,0.621,0.5261857769148213,0.713,8.28e-06,0.103,1.0,0.102,0.330327355247337
3988,0.185,0.783,0.44245182480983103,0.89,0.00417,0.0969,1.0,0.2,0.5419058747819607
3989,0.0319,0.646,0.49740277634431784,0.795,0.0,0.267,1.0,0.0976,0.3809971379701603
3990,0.845,0.348,0.4654706779571991,0.353,0.0,0.181,1.0,0.0334,0.34106420091788175
3991,0.471,0.316,0.44526554397888485,0.63,0.262,0.205,1.0,0.117,0.37952801910277906
3992,0.772,0.534,0.4350532855422746,0.15,0.859,0.112,0.0,0.0287,0.25407712238987956
3993,0.949,0.488,0.4897275524899827,0.141,0.00153,0.0929,1.0,0.035,0.4445883926908161
3994,0.00551,0.589,0.5184693082773282,0.955,0.00103,0.369,0.0,0.116,0.5930159697878034
3995,0.875,0.402,0.49297806745149053,0.488,0.000159,0.314,0.0,0.374,0.35013717421124824
3996,0.133,0.617,0.4796274199860717,0.803,5.5e-05,0.0902,1.0,0.0858,0.6352817151856932
3997,0.153,0.591,0.4810417825450386,0.691,4.19e-06,0.101,1.0,0.0259,0.4573616826703246
3998,0.0151,0.752,0.4942139671701318,0.754,0.0,0.0486,1.0,0.0615,0.634172466934241
3999,0.0198,0.775,0.4532018873903485,0.485,4.06e-05,0.0942,1.0,0.0474,0.6183254585175023
4000,0.948,0.473,0.535520736405346,0.128,5.36e-05,0.101,1.0,0.0365,0.3977628749005064
4001,0.85,0.776,0.4531724610143051,0.314,0.0,0.138,1.0,0.066,0.3323002929770191
4002,0.0337,0.723,0.4687817891778796,0.545,0.0,0.0901,0.0,0.0334,0.44037155582651694
4003,0.00351,0.69,0.48863359034229004,0.845,2.79e-06,0.418,1.0,0.15,0.5166175549120222
4004,0.128,0.65,0.4569729412300447,0.538,4.95e-06,0.127,1.0,0.0464,0.6485249538518857
4005,0.146,0.659,0.47004227241635443,0.742,0.0,0.217,1.0,0.0283,0.45278920896204844
4006,0.728,0.288,0.47458372418268646,0.346,0.00016,0.108,0.0,0.0338,0.5560339717861437
4007,0.162,0.578,0.48994319967812916,0.537,0.0,0.076,1.0,0.0832,0.35525157072939423
4008,0.295,0.62,0.46876887681980217,0.709,0.0,0.22,1.0,0.0384,0.5884096259039102
4009,0.366,0.65,0.4576101878653063,0.462,0.0,0.159,0.0,0.089,0.3805610594590933
4010,0.0462,0.734,0.4905852097220478,0.637,2.29e-05,0.0602,0.0,0.141,0.7196438551033887
4011,0.963,0.35,0.4953050073306915,0.0324,0.433,0.089,1.0,0.0455,0.5323333163982455
4012,0.00564,0.617,0.5612305679049938,0.717,0.0,0.408,0.0,0.153,0.4402784128435706
4013,0.0658,0.673,0.493121149614401,0.916,0.0587,0.0769,0.0,0.0344,0.6775093566360142
4014,0.121,0.781,0.573652617055441,0.602,0.0,0.148,1.0,0.107,0.5165117106132195
4015,0.018,0.538,0.5304133129394373,0.742,0.014,0.152,0.0,0.0521,0.7025986892242035
4016,0.135,0.758,0.5181962789382419,0.683,0.000227,0.345,1.0,0.0314,0.5472192585818557
4017,0.135,0.758,0.5181962789382419,0.683,0.000227,0.345,1.0,0.0314,0.5472192585818557
4018,0.33,0.885,0.4350532855422746,0.685,0.0,0.148,0.0,0.0627,0.4231824417009602
4019,0.0481,0.668,0.4971859156286329,0.776,2.2e-06,0.0798,0.0,0.111,0.4022210367660756
4020,0.337,0.797,0.5699034154208631,0.306,0.0,0.169,0.0,0.0487,0.5250004233771952
4021,0.0105,0.57,0.5022623663038321,0.895,0.00111,0.0978,1.0,0.0255,0.4233390912631882
4022,0.0591,0.748,0.5153657124580175,0.788,0.0,0.0863,1.0,0.0334,0.5083744009212687
4023,0.688,0.652,0.487291984414568,0.391,3.52e-05,0.145,1.0,0.145,0.34719893647648564
4024,0.168,0.792,0.4869160675894908,0.719,0.0,0.0276,0.0,0.257,0.4234618706497993
4025,5.25e-06,0.366,0.3973820266336656,0.947,0.0359,0.337,1.0,0.0599,0.7535267320361055
4026,0.524,0.748,0.3392448119316356,0.734,1.15e-05,0.0975,1.0,0.124,0.4138639096343714
4027,0.123,0.658,0.4442815867867771,0.756,0.0,0.0537,1.0,0.0936,0.4111627631289268
4028,0.892,0.0994,0.5468111939235563,0.155,0.8,0.0939,1.0,0.0404,0.37486663618350863
4029,0.994,0.288,0.5641704291954635,0.00341,0.914,0.0655,1.0,0.047,0.3161018814882555
4030,0.922,0.0769,0.586134618244412,0.0846,0.929,0.113,1.0,0.045,0.746536774543176
4031,0.179,0.661,0.45609414156257166,0.723,1.23e-05,0.14,0.0,0.0566,0.4817101051668953
4032,0.262,0.696,0.452551241595766,0.686,0.0,0.174,0.0,0.0309,0.49104133854934034
4033,0.0344,0.611,0.5104943470069481,0.903,0.0186,0.107,0.0,0.0311,0.5334976036850752
4034,0.165,0.86,0.4691042667130594,0.541,0.163,0.0663,0.0,0.0325,0.486816034141137
4035,0.422,0.349,0.4790750265493178,0.745,1.18e-05,0.34,1.0,0.0454,0.4063574319632847
4036,0.0581,0.783,0.4481750070916024,0.825,6.12e-05,0.0631,0.0,0.0751,0.5925417873291672
4037,0.467,0.829,0.432767308893125,0.571,3.13e-06,0.361,1.0,0.0791,0.5772282341783942
4038,0.784,0.726,0.39888038358895783,0.322,0.897,0.663,1.0,0.0442,0.4407356602143982
4039,0.435,0.891,0.4889305962113766,0.627,0.0,0.266,1.0,0.0566,0.5758945960134803
4040,0.0297,0.776,0.4751692350059493,0.808,0.000127,0.103,1.0,0.117,0.5249369167979135
4041,0.835,0.483,0.49208894811212534,0.271,0.0,0.13,1.0,0.0569,0.3677284966722552
4042,0.0311,0.509,0.4865169464233823,0.84,0.000169,0.0969,0.0,0.0441,0.6346720520245898
4043,0.226,0.692,0.5908896001560584,0.773,0.0104,0.108,1.0,0.0359,0.5926815018035868
4044,0.00791,0.619,0.5133663606639103,0.858,0.0,0.173,1.0,0.0929,0.4488518010465884
4045,0.6,0.801,0.36879961883127055,0.358,0.928,0.145,0.0,0.079,0.5125065623465258
4046,0.461,0.584,0.5877034413579412,0.655,0.0,0.0595,1.0,0.0773,0.3151408152551271
4047,0.481,0.331,0.6190448349747553,0.424,2.68e-05,0.0893,1.0,0.0459,0.3412504868837745
4048,0.183,0.878,0.4507917335689544,0.525,0.0,0.0714,1.0,0.0578,0.4742756016189944
4049,0.406,0.863,0.4276301791331194,0.576,0.00824,0.141,1.0,0.0567,0.4235042083693204
4050,0.556,0.76,0.45024404605308344,0.479,0.0,0.0703,1.0,0.0466,0.3806626699859439
4051,0.703,0.482,0.5627071149412881,0.595,0.000203,0.136,0.0,0.0289,0.34744872902165996
4052,0.512,0.451,0.48202612767651787,0.422,0.162,0.139,0.0,0.0433,0.5080441667090044
4053,0.352,0.768,0.4553157842033777,0.714,0.0,0.15,1.0,0.0401,0.5564996867008756
4054,0.903,0.753,0.3534368569153534,0.24,0.000451,0.109,1.0,0.0458,0.3302045758607258
4055,0.0542,0.412,0.5002569223032194,0.477,0.798,0.0975,0.0,0.029,0.31881149553760435
4056,0.137,0.697,0.4561439738228361,0.875,0.0,0.28,1.0,0.034,0.5930202035597554
4057,0.13,0.711,0.44085102482724836,0.775,0.873,0.137,1.0,0.0372,0.5928423851377669
4058,0.818,0.68,0.47148643138037527,0.34,0.0,0.285,1.0,0.034,0.5505046656166911
4059,0.914,0.589,0.5050734069694447,0.242,0.0,0.0887,1.0,0.0442,0.37997679892970243
4060,0.0145,0.487,0.4594954256433388,0.669,0.00349,0.102,1.0,0.232,0.7283188538332571
4061,0.00814,0.34,0.5223495402845901,0.923,0.000829,0.385,0.0,0.131,0.5410294839878744
4062,0.945,0.756,0.4146117125057376,0.394,0.0371,0.12,0.0,0.0956,0.2964783484902369
4063,0.329,0.633,0.6127436455562449,0.691,0.000211,0.134,1.0,0.0557,0.3387102237125099
4064,0.8,0.39,0.4742790331558395,0.448,0.182,0.107,0.0,0.0276,0.613431218140866
4065,0.851,0.491,0.4916702253311511,0.417,0.0,0.117,1.0,0.0287,0.4865958779996274
4066,0.988,0.457,0.4901286229634605,0.223,0.918,0.135,0.0,0.0317,0.6392910972243391
4067,0.615,0.571,0.5159871627899393,0.415,0.0,0.187,0.0,0.0305,0.33034005656319326
4068,0.95,0.586,0.38490212946264446,0.129,0.0,0.253,0.0,0.0474,0.6110941760233026
4069,0.985,0.497,0.35768037483769555,0.118,0.863,0.113,0.0,0.0312,0.47839929550034715
4070,0.0495,0.612,0.5187330524186997,0.807,0.0177,0.101,1.0,0.0336,0.5252121119748006
4071,0.048,0.722,0.48542617513759323,0.495,0.0,0.154,1.0,0.079,0.6771706548798455
4072,0.992,0.642,0.5008794071735259,0.01,0.945,0.103,1.0,0.0446,0.3724491523988552
4073,0.092,0.827,0.45551797415755657,0.73,1.35e-05,0.258,1.0,0.0934,0.4022210367660756
4074,0.0479,0.528,0.4292701438644433,0.771,0.00802,0.0437,1.0,0.046,0.6607944249690935
4075,0.0901,0.446,0.5828721599092614,0.952,0.0857,0.112,1.0,0.0523,0.530504326914935
4076,0.252,0.76,0.4731865706411711,0.532,0.0,0.252,1.0,0.127,0.5210249115141662
4077,0.225,0.692,0.5019615724612527,0.711,0.0,0.12,0.0,0.0317,0.529793053226981
4078,0.969,0.696,0.399748351839295,0.472,0.858,0.205,1.0,0.0346,0.5080399329370523
4079,0.229,0.648,0.46695099300804443,0.727,0.0,0.17,1.0,0.142,0.6775051228640621
4080,0.914,0.245,0.42702625596570165,0.425,0.646,0.116,1.0,0.0324,0.8629104641907568
4081,0.0392,0.67,0.48206014091047655,0.843,0.0,0.225,1.0,0.0454,0.495393656116107
4082,0.0684,0.72,0.47809793831273506,0.706,0.0,0.166,1.0,0.0473,0.5631001371742113
4083,0.27,0.666,0.5106485746637786,0.542,0.0,0.0765,1.0,0.0392,0.508619959694491
4084,0.0187,0.493,0.5142804772803937,0.782,1.88e-05,0.321,1.0,0.0353,0.4442962624261207
4085,0.0805,0.651,0.5168187441949752,0.492,0.0206,0.0912,1.0,0.0301,0.6436772849667225
4086,0.0082,0.589,0.5152734699458534,0.661,0.0,0.36,1.0,0.0261,0.47400464021405947
4087,0.0506,0.464,0.5661661996728502,0.945,0.756,0.112,1.0,0.0401,0.6993217497332723
4088,0.00939,0.628,0.5364136528768997,0.647,2.78e-05,0.0783,1.0,0.035,0.44459262646276815
4089,0.932,0.346,0.32877455153824964,0.0578,0.928,0.211,1.0,0.0352,0.4117724262900303
4090,0.875,0.342,0.38348080144504726,0.0192,0.0787,0.0615,1.0,0.0533,0.6741689105658012
4091,0.883,0.69,0.4972479052286527,0.423,0.0123,0.111,0.0,0.0294,0.5509026401801893
4092,0.0199,0.708,0.5091760564265639,0.777,0.0023,0.193,0.0,0.0568,0.5079171535504412
4093,0.239,0.715,0.4987693233907642,0.605,1.41e-05,0.189,0.0,0.0428,0.5205676641433385
4094,0.919,0.326,0.6127283687669371,0.196,0.871,0.0909,0.0,0.0437,0.5135057325272231
4095,0.954,0.306,0.4837181690704875,0.188,0.928,0.142,1.0,0.032,0.365988416399939
4096,0.931,0.364,0.39867506675158126,0.349,0.94,0.11,0.0,0.0321,0.2770029975105421
4097,0.909,0.124,0.6251982272167393,0.0388,0.861,0.124,0.0,0.0424,0.2859193212416806
4098,0.903,0.163,0.502438074148162,0.0902,0.895,0.083,1.0,0.0384,0.5518213686937966
4099,0.652,0.28,0.46647744122966284,0.159,0.627,0.0948,0.0,0.0392,0.24858168639604394
4100,0.00117,0.694,0.4027773587009875,0.924,0.917,0.259,1.0,0.0557,0.5289378312926553
4101,0.195,0.73,0.41840466400991017,0.892,0.862,0.279,0.0,0.219,0.5123795491879626
4102,0.162,0.713,0.34372152993480687,0.443,4.72e-06,0.29,1.0,0.0544,0.6960871479618622
4103,0.0508,0.692,0.39750765405631117,0.488,0.0,0.154,0.0,0.135,0.7277853985672915
4104,0.00614,0.737,0.4349409917683731,0.846,0.0,0.0486,0.0,0.22,0.37249149011837623
4105,0.0922,0.433,0.47671133146604006,0.443,0.000293,0.117,0.0,0.0361,0.3382910802892513
4106,0.868,0.356,0.446015809889611,0.369,0.0,0.208,0.0,0.0527,0.7413122999542753
4107,0.000223,0.633,0.42109696315038114,0.926,0.816,0.12,1.0,0.044,0.4995723890328371
4108,0.0451,0.745,0.44402849716637394,0.65,0.00758,0.111,1.0,0.346,0.6098621483852393
4109,0.000178,0.718,0.41068248484988845,0.87,0.234,0.0869,1.0,0.0447,0.5035521346678182
4110,0.177,0.667,0.4949785386368408,0.824,0.0152,0.0933,1.0,0.0665,0.48687530694846654
4111,0.528,0.412,0.4929995377706484,0.613,1.96e-06,0.104,1.0,0.125,0.37691154803637655
4112,0.0289,0.656,0.491935354328632,0.655,0.756,0.157,0.0,0.0272,0.5292850005927281
4113,0.668,0.656,0.4505485436674539,0.68,0.000379,0.124,0.0,0.224,0.7199994919473658
4114,0.356,0.796,0.4499555401383606,0.681,0.0,0.105,1.0,0.0463,0.47416128977628746
4115,0.514,0.468,0.6009575779253429,0.462,4.14e-06,0.162,1.0,0.127,0.6787032803265084
4116,0.0211,0.627,0.6196789140043402,0.629,0.189,0.0765,1.0,0.0406,0.5928339175938627
4117,0.17,0.796,0.5398424064866978,0.94,0.000168,0.249,1.0,0.0804,0.4953851885722027
4118,0.00728,0.584,0.49815798785387067,0.979,0.0619,0.617,0.0,0.0924,0.533336720350895
4119,0.322,0.71,0.4539358285181274,0.72,2.49e-06,0.0936,1.0,0.0409,0.5630281630510254
4120,4.14e-05,0.729,0.5006519440007056,0.675,0.00126,0.0867,0.0,0.0286,0.5293739098037223
4121,0.00281,0.465,0.48653266528979566,0.813,0.0,0.0464,1.0,0.0841,0.6267210282985317
4122,0.896,0.493,0.4062159095356259,0.336,0.0113,0.149,1.0,0.0361,0.4064336398584227
4123,0.546,0.38,0.48689625849913143,0.43,1.71e-05,0.188,1.0,0.0288,0.3480329895510508
4124,0.634,0.566,0.519608910204997,0.664,0.0,0.116,0.0,0.0464,0.5459237243645108
4125,0.266,0.554,0.5183692732121692,0.485,0.0,0.12,1.0,0.036,0.5335399414045962
4126,0.291,0.563,0.4837274269828433,0.819,2.87e-06,0.319,1.0,0.0296,0.41498585920167996
4127,0.0332,0.789,0.4805791243866724,0.711,0.0,0.0876,1.0,0.041,0.47835272400887396
4128,0.0264,0.841,0.48662115908128456,0.935,0.654,0.203,1.0,0.15,0.5434681366322884
4129,0.018,0.573,0.5081263184250622,0.902,0.00125,0.0928,0.0,0.054,0.3573811580213043
4130,0.16,0.557,0.538481338376585,0.532,4.42e-06,0.0999,1.0,0.0307,0.4402784128435706
4131,0.157,0.842,0.49859038908291886,0.801,4.82e-06,0.0642,0.0,0.228,0.40593828854002606
4132,0.0386,0.691,0.4702270347172819,0.857,0.0632,0.191,1.0,0.271,0.5502929770190859
4133,0.0873,0.698,0.4667550138937058,0.763,0.0,0.647,0.0,0.205,0.5924698132059815
4134,0.00138,0.575,0.5047777519022274,0.945,5.45e-05,0.111,0.0,0.0305,0.5716565902894206
4135,0.104,0.638,0.5889395185416446,0.413,0.0,0.107,1.0,0.0602,0.41061660654710497
4136,0.423,0.156,0.5067674974236778,0.44,0.884,0.117,1.0,0.0343,0.3885671222205287
4137,0.203,0.533,0.47736804744363837,0.591,0.000644,0.395,0.0,0.042,0.42338566275466133
4138,0.0064,0.667,0.4598396780242655,0.679,5.28e-05,0.17,1.0,0.0475,0.423605818896171
4139,0.00569,0.863,0.4773794224308845,0.401,9.14e-06,0.123,1.0,0.0748,0.5205930667750512
4140,0.911,0.136,0.4591181584147672,0.164,0.916,0.109,0.0,0.0364,0.24684160612372774
4141,0.91,0.427,0.4491660104172812,0.403,0.34,0.101,1.0,0.0372,0.605873935206354
4142,0.992,0.653,0.4218437062534306,0.123,0.898,0.153,1.0,0.0405,0.37650510592897424
4143,0.121,0.605,0.5090896161379521,0.724,0.431,0.108,0.0,0.0441,0.37851191383427324
4144,0.0506,0.463,0.4542042838837521,0.857,0.0,0.184,1.0,0.0632,0.47268793713695406
4145,0.0437,0.745,0.49312353325517466,0.454,3.47e-06,0.0741,0.0,0.0392,0.5885239377466173
4146,0.973,0.453,0.5663905682018351,0.0528,0.000252,0.092,1.0,0.0442,0.5621221358532743
4147,9.93e-05,0.348,0.4591103301771897,0.95,9.68e-06,0.0868,0.0,0.124,0.7153550441159037
4148,0.000729,0.591,0.4843205213186257,0.746,0.0,0.127,1.0,0.0444,0.45709918880929395
4149,0.103,0.672,0.4718325854970091,0.717,0.0,0.398,1.0,0.226,0.6685337600975461
4150,0.255,0.696,0.48462212171104824,0.519,0.0,0.0903,0.0,0.0462,0.5920972412741959
4151,0.0284,0.731,0.46623687068181985,0.647,0.0191,0.0937,1.0,0.0486,0.4867652288777117
4152,0.498,0.38,0.4840544833780067,0.292,0.0262,0.126,1.0,0.054,0.3199546139646734
4153,0.0984,0.611,0.4327845561366854,0.449,0.0,0.226,0.0,0.294,0.7035639892292841
4154,0.191,0.88,0.4589615223096448,0.497,0.0,0.108,1.0,0.0523,0.5926306965401615
4155,0.136,0.666,0.5064748967390336,0.481,0.0,0.274,1.0,0.0599,0.3176218056190621
4156,0.106,0.951,0.5031913212967791,0.6,0.0,0.0712,0.0,0.0685,0.5293908448915308
4157,0.287,0.768,0.5593845733108371,0.873,1.76e-05,0.114,0.0,0.103,0.4318489728869244
4158,0.000436,0.609,0.5538697491097038,0.953,0.849,0.262,1.0,0.0344,0.5376128300225237
4159,0.259,0.554,0.5798545840790741,0.509,3.2e-06,0.138,1.0,0.0356,0.3725380616098494
4160,0.794,0.363,0.4017377701833422,0.469,0.0176,0.106,0.0,0.0528,0.728157970499077
4161,0.0978,0.624,0.5435300675020835,0.906,0.0,0.0963,0.0,0.0514,0.5503480160544633
4162,0.748,0.315,0.4873347972008497,0.491,0.0,0.128,1.0,0.0311,0.4655709664854612
4163,0.0661,0.401,0.5681223115332683,0.517,0.0,0.202,0.0,0.0481,0.5438322410201696
4164,0.0233,0.576,0.5477839480942515,0.735,0.00118,0.188,0.0,0.0352,0.44479161374451726
4165,0.753,0.536,0.5019615724612527,0.321,0.212,0.105,1.0,0.03,0.5163931649985605
4166,0.809,0.673,0.5422477502475784,0.453,8.17e-06,0.112,1.0,0.0468,0.6855238869413538
4167,0.801,0.592,0.4905529269576534,0.237,0.000246,0.0928,1.0,0.042,0.7860336330843875
4168,0.223,0.341,0.48055681513956006,0.519,0.0,0.271,1.0,0.0615,0.8034175007197413
4169,0.306,0.779,0.4305887715925476,0.572,0.739,0.106,1.0,0.0396,0.48685837186065806
4170,0.0299,0.905,0.4665587992719711,0.962,0.0,0.0272,1.0,0.0856,0.5502591068434689
4171,0.739,0.713,0.4361089195893939,0.442,0.0,0.112,1.0,0.0604,0.4574082541617978
4172,0.013,0.853,0.49406631017915714,0.56,0.0,0.0944,1.0,0.0406,0.5676048705312536
4173,0.091,0.487,0.5270181369902112,0.621,0.0,0.132,1.0,0.0333,0.5928974241731443
4174,0.929,0.387,0.5015961151080601,0.135,0.0,0.0948,1.0,0.051,0.35134803298955103
4175,0.814,0.445,0.49596223986847443,0.101,0.576,0.0817,0.0,0.0555,0.637246185371471
4176,0.387,0.796,0.49132997374787357,0.334,0.0,0.206,1.0,0.172,0.5716015512540432
4177,0.465,0.613,0.4579653319603272,0.319,0.873,0.104,0.0,0.0333,0.5419355111856254
4178,0.747,0.732,0.5545911195158664,0.408,0.000229,0.069,1.0,0.036,0.3684016664126403
4179,0.131,0.245,0.5284451162098822,0.64,8.11e-06,0.0766,0.0,0.0608,0.5746879710071296
4180,0.909,0.507,0.49473247128626197,0.387,0.0,0.113,1.0,0.0324,0.43602347203170244
4181,0.134,0.631,0.472753291603103,0.625,0.0196,0.117,1.0,0.0374,0.6604133854934038
4182,0.104,0.896,0.48593594260011286,0.586,0.0,0.79,0.0,0.0559,0.49522853900997477
4183,0.702,0.439,0.5594687440203336,0.488,0.000339,0.16,1.0,0.0615,0.39381276566918993
4184,0.00742,0.706,0.50768141668076,0.915,1.1e-06,0.0343,1.0,0.0535,0.4868499043167539
4185,0.0415,0.689,0.4966370570917995,0.87,0.0,0.172,0.0,0.121,0.48695998238750865
4186,0.831,0.518,0.5287596845531057,0.12,0.0,0.117,1.0,0.0398,0.5574734542498603
4187,0.909,0.303,0.37934372483974577,0.00338,0.89,0.116,0.0,0.0493,0.21575301867940186
4188,0.00162,0.52,0.5143181638799748,0.825,0.0,0.711,0.0,0.046,0.5292680655049196
4189,0.59,0.489,0.5128693623953313,0.413,0.0,0.0639,1.0,0.0314,0.5762841030330743
4190,0.00689,0.572,0.4838595054614774,0.551,0.695,0.117,1.0,0.0823,0.5184084404477637
4191,0.00075,0.616,0.5509893222453135,0.946,0.0777,0.355,1.0,0.0687,0.5418889396941523
4192,0.231,0.655,0.4970378202203749,0.727,0.0,0.173,0.0,0.046,0.47846280207962877
4193,0.964,0.323,0.3773974978214103,0.117,0.495,0.079,0.0,0.0349,0.7624261206794357
4194,0.793,0.332,0.47024988680690183,0.234,0.00375,0.187,1.0,0.0277,0.3979406933224949
4195,0.431,0.688,0.5324492667409162,0.761,0.847,0.0849,0.0,0.0396,0.42337296143880504
4196,0.0628,0.529,0.5604254462775096,0.843,0.000827,0.0608,0.0,0.0616,0.4981540754288811
4197,0.39,0.538,0.47915207608383925,0.541,0.0,0.103,1.0,0.16,0.674943690833037
4198,0.016,0.319,0.5665391314377484,0.757,0.0,0.102,0.0,0.0432,0.5184888821148538
4199,0.138,0.754,0.5043124907081005,0.909,0.0,0.281,0.0,0.23,0.537663635285949
4200,0.00595,0.617,0.5628974205073249,0.887,0.000332,0.353,1.0,0.0317,0.5415968094294569
4201,0.0866,0.491,0.5095601617687762,0.48,3.2e-05,0.382,0.0,0.0287,0.3933978560178834
4202,0.000239,0.417,0.5560605801514527,0.824,0.0545,0.0725,0.0,0.105,0.6685972666768276
4203,0.596,0.502,0.48838185502471254,0.433,0.0,0.096,1.0,0.11,0.7439838100560551
4204,0.000272,0.299,0.49007115616665065,0.905,0.0,0.376,1.0,0.156,0.6916628562719097
4205,0.0671,0.585,0.519986792180966,0.564,0.0,0.135,0.0,0.0515,0.4784289319040119
4206,0.0115,0.721,0.47117771762719807,0.65,0.00014,0.34,0.0,0.135,0.5524522007146606
4207,0.0105,0.53,0.5348704433129257,0.816,0.00061,0.379,1.0,0.0503,0.3684186015004488
4208,0.0333,0.667,0.4963335007001133,0.747,0.00112,0.362,0.0,0.122,0.3176514420227269
4209,0.0529,0.401,0.5094257557519719,0.624,2.5e-05,0.265,1.0,0.0334,0.5369608291418991
4210,0.0731,0.639,0.43708275763231885,0.776,1.97e-06,0.18,1.0,0.0829,0.6778311233043743
4211,0.0152,0.59,0.4741871579696617,0.85,6.79e-06,0.0898,0.0,0.0575,0.33846466493928773
4212,0.078,0.632,0.49381332494743835,0.668,0.111,0.0863,1.0,0.0514,0.46146844146386895
4213,0.681,0.658,0.5054724306785938,0.441,0.241,0.109,0.0,0.0436,0.5486926112211891
4214,0.3,0.794,0.4795488676531583,0.711,0.0,0.0955,0.0,0.0699,0.7405502210028958
4215,0.598,0.606,0.5426923412554885,0.519,0.0,0.287,0.0,0.0276,0.3218259411675049
4216,0.0115,0.64,0.5014995279270287,0.74,0.00678,0.167,1.0,0.0284,0.4948390319903809
4217,0.001,0.678,0.4371756815874672,0.874,0.223,0.339,1.0,0.0667,0.5293146369963928
4218,0.144,0.677,0.4253358062383743,0.821,0.0,0.125,1.0,0.0611,0.44399566461752105
4219,0.822,0.432,0.574205300182753,0.33,0.293,0.152,0.0,0.0434,0.5717031617808938
4220,0.425,0.483,0.5322155442493934,0.753,0.000142,0.257,0.0,0.0832,0.4873156192314857
4221,0.828,0.204,0.4746148739661309,0.319,0.588,0.34,1.0,0.0387,0.3656497146437704
4222,0.171,0.753,0.47572525583529357,0.657,0.0,0.112,1.0,0.0449,0.45305593659503124
4223,0.0534,0.627,0.5002668095017397,0.685,0.756,0.096,1.0,0.0272,0.41062930786296126
4224,0.0301,0.754,0.45710177847576206,0.763,2.23e-05,0.0901,0.0,0.0435,0.4993861030669444
4225,0.969,0.545,0.4952618818295662,0.366,0.267,0.641,1.0,0.0378,0.3683254585175024
4226,0.0166,0.527,0.4684281752907993,0.835,0.0,0.249,1.0,0.0433,0.5333832918423682
4227,0.973,0.617,0.4348717621830125,0.211,0.884,0.115,0.0,0.0397,0.32160578502599535
4228,0.977,0.578,0.3103851795419532,0.323,0.884,0.104,1.0,0.0334,0.5243611238124269
4229,0.745,0.682,0.49970762354016474,0.26,0.0,0.137,0.0,0.0495,0.5844044776372165
4230,0.246,0.661,0.5499452332101686,0.421,0.779,0.1,1.0,0.0283,0.5083024267980829
4231,0.836,0.396,0.47329246814389103,0.375,0.0,0.287,1.0,0.0342,0.3817084116581144
4232,0.00433,0.638,0.500023258124882,0.795,0.00139,0.153,1.0,0.302,0.651958542905045
4233,0.92,0.367,0.5267415859531224,0.255,2.38e-05,0.0944,0.0,0.033,0.579501769716676
4234,0.0505,0.785,0.5018305539941625,0.623,0.125,0.0539,1.0,0.0403,0.42757286321529575
4235,0.917,0.476,0.4985112268236356,0.253,0.0,0.113,1.0,0.0298,0.3667843655269352
4236,0.0922,0.433,0.47671133146604006,0.443,0.000293,0.117,0.0,0.0361,0.3382910802892513
4237,0.924,0.3,0.6232636100635705,0.297,0.925,0.314,0.0,0.037,0.5921141763620044
4238,0.000841,0.273,0.4810623147342976,0.896,0.351,0.305,1.0,0.0913,0.584226659215228
4239,0.398,0.573,0.38890543299792646,0.469,0.903,0.268,0.0,0.0246,0.465642940608647
4240,0.993,0.63,0.30174182106887293,0.00728,0.973,0.145,0.0,0.0484,0.601940761062846
4241,0.0302,0.949,0.5460620074538842,0.661,0.0,0.0454,0.0,0.0572,0.4424461040830497
4242,0.00486,0.552,0.535941828370778,0.804,2.75e-05,0.414,0.0,0.0968,0.5378541550237937
4243,0.925,0.471,0.538264535592639,0.484,0.499,0.0987,0.0,0.0317,0.3174566885129299
4244,0.0781,0.62,0.4136476068979835,0.555,0.878,0.303,0.0,0.0726,0.7619900421683686
4245,0.598,0.789,0.5238499809417432,0.789,0.0,0.099,1.0,0.298,0.5078409456553032
4246,0.00112,0.393,0.4444251157995962,0.567,0.841,0.204,0.0,0.0319,0.32187251265897815
4247,0.0534,0.627,0.5002668095017397,0.685,0.756,0.096,1.0,0.0272,0.41062930786296126
4248,0.808,0.72,0.49249064809986054,0.383,0.0,0.0917,1.0,0.0314,0.3981735507798608
4249,0.909,0.502,0.4049200942320077,0.178,0.000541,0.0925,1.0,0.0336,0.3835162322816643
4250,0.913,0.601,0.5108211939032379,0.126,1.05e-06,0.148,1.0,0.0379,0.5076969974089315
4251,0.191,0.756,0.5228026457147981,0.77,0.0,0.178,1.0,0.0343,0.5078875171467764
4252,0.0105,0.487,0.4886580892864496,0.935,0.000256,0.203,1.0,0.233,0.6986274111331268
4253,0.713,0.613,0.44171871176014776,0.299,0.943,0.132,1.0,0.0367,0.5081584785517113
4254,0.223,0.241,0.5687340096690834,0.295,0.0319,0.11,1.0,0.0318,0.48411912140764446
4255,0.335,0.604,0.4831144312600937,0.601,0.0,0.105,1.0,0.046,0.5970084167386407
4256,0.017,0.474,0.5275209303789357,0.838,0.683,0.106,0.0,0.102,0.4001210858778303
4257,0.208,0.689,0.5905749486055316,0.786,0.0319,0.161,1.0,0.039,0.5080356991651002
4258,0.446,0.623,0.4937682207959897,0.579,0.0,0.108,0.0,0.0289,0.48272197666344896
4259,0.596,0.652,0.5037804112118454,0.705,0.00717,0.514,1.0,0.0314,0.5929143592609528
4260,0.586,0.247,0.5820446441647968,0.19,0.000877,0.0568,0.0,0.0379,0.5367152703686768
4261,0.955,0.585,0.45653711493842164,0.141,0.924,0.121,0.0,0.0444,0.6770436417212823
4262,0.314,0.755,0.47691239692997245,0.769,2.38e-06,0.0628,0.0,0.186,0.48673982624599904
4263,0.772,0.533,0.4697949859672841,0.5,0.0,0.112,1.0,0.0481,0.4224034276617724
4264,0.00282,0.466,0.4784034178563277,0.659,0.0,0.273,1.0,0.115,0.7881970905519146
4265,0.94,0.543,0.455016042703545,0.206,0.453,0.385,1.0,0.0319,0.4788692441870311
4266,0.715,0.872,0.47440382921981805,0.52,0.0,0.0982,1.0,0.0618,0.5585107283781267
4267,0.048,0.698,0.48519446626744567,0.881,0.612,0.409,0.0,0.621,0.44459262646276815
4268,0.96,0.156,0.42076315288618504,0.0235,0.082,0.0936,0.0,0.0432,0.26090619654862907
4269,0.989,0.239,0.4296432942373163,0.125,0.896,0.101,1.0,0.0448,0.5673889481616962
4270,0.139,0.66,0.5194737401356364,0.658,0.738,0.0717,0.0,0.0308,0.46588003183796506
4271,0.934,0.332,0.45856338247681094,0.129,0.903,0.111,1.0,0.0533,0.29219800504665616
4272,0.563,0.14,0.35934016522518486,0.0532,0.889,0.0748,1.0,0.0393,0.4055106775728632
4273,0.791,0.555,0.49651258939876053,0.35,6.64e-06,0.11,0.0,0.0503,0.3292689122593101
4274,0.97,0.209,0.5020541255796309,0.167,0.928,0.156,1.0,0.0373,0.3422708259242324
4275,0.867,0.207,0.36508621105865147,0.00948,0.868,0.0928,0.0,0.0404,0.28922166336432453
4276,0.317,0.798,0.5290328413959169,0.56,0.000292,0.133,1.0,0.0469,0.45289081948889903
4277,0.0235,0.159,0.44113748921561413,0.946,8.06e-06,0.387,1.0,0.0629,0.6986316449050789
4278,0.557,0.815,0.4246556621374884,0.658,0.322,0.114,1.0,0.0464,0.4840302121966502
4279,0.76,0.468,0.23282862780237945,0.247,0.938,0.101,1.0,0.0356,0.38965096784026826
4280,0.987,0.615,0.5225905127400488,0.152,0.906,0.111,1.0,0.0583,0.5237218242476587
4281,0.692,0.817,0.4146785247359921,0.162,0.971,0.127,1.0,0.0484,0.3514496435164016
4282,0.0307,0.657,0.4460295927114408,0.757,4.93e-06,0.098,1.0,0.032,0.5925502548730714
4283,0.0162,0.745,0.4769738086124178,0.6,0.00271,0.0628,1.0,0.118,0.42327135091195445
4284,0.49,0.755,0.46675874902762704,0.625,0.0,0.157,1.0,0.0897,0.6224576199427594
4285,0.194,0.653,0.49725797631614155,0.809,0.0,0.165,1.0,0.0474,0.3904088130196955
4286,0.753,0.157,0.55214029120167,0.262,0.955,0.0866,1.0,0.0393,0.42350844214127253
4287,0.119,0.652,0.5020887254666713,0.692,8.73e-06,0.109,1.0,0.0653,0.6856043286084439
4288,0.149,0.821,0.48712391807319033,0.463,0.0213,0.15,1.0,0.0942,0.43915646327626207
4289,0.26,0.57,0.482128146129825,0.531,0.000304,0.0922,1.0,0.293,0.46481312130603397
4290,0.846,0.684,0.47513464252680837,0.173,0.0,0.162,1.0,0.0595,0.583168216227201
4291,0.165,0.547,0.4610403282013118,0.487,2.1e-05,0.272,0.0,0.0502,0.6135455299835729
4292,0.536,0.67,0.48112817141707764,0.711,0.00149,0.242,1.0,0.0563,0.6943301326017375
4293,0.474,0.781,0.5445381653781669,0.445,0.0,0.184,1.0,0.0295,0.33445951667259394
4294,0.733,0.605,0.48443452473003656,0.377,0.0,0.0808,1.0,0.0443,0.31277837050585106
4295,0.117,0.854,0.5084832494072247,0.463,0.0,0.354,1.0,0.137,0.5081542447797591
4296,6.58e-05,0.59,0.5091285199308544,0.685,3.08e-05,0.165,1.0,0.0282,0.4759225389083642
4297,0.00583,0.284,0.5148198224630045,0.704,0.000115,0.0424,1.0,0.186,0.8116225507629257
4298,0.199,0.631,0.5058491689373992,0.927,0.119,0.148,0.0,0.0332,0.5248268387271587
4299,0.516,0.145,0.46726127845805254,0.174,0.633,0.0784,1.0,0.0396,0.4237540009144947
4300,0.228,0.62,0.5368440017227725,0.712,3.39e-06,0.0561,1.0,0.1,0.7207319344950803
4301,0.0266,0.541,0.5156061302028245,0.572,0.186,0.0925,1.0,0.0277,0.5347338650950906
4302,0.506,0.736,0.4905424336847999,0.449,6.63e-05,0.117,0.0,0.0633,0.6264754695253095
4303,0.0036,0.671,0.5600725465366825,0.666,0.339,0.226,0.0,0.0284,0.5249623194296262
4304,0.00254,0.667,0.4254320515558052,0.761,0.000793,0.0787,1.0,0.153,0.7489669596436856
4305,0.695,0.593,0.5048095605156417,0.352,2.22e-05,0.3,1.0,0.0284,0.5080018289894833
4306,0.687,0.495,0.4598903281456306,0.406,0.000184,0.32,1.0,0.0264,0.6684321495706955
4307,0.138,0.685,0.47659004571122,0.464,3.97e-05,0.111,1.0,0.0579,0.3810860471811546
4308,0.00375,0.693,0.5179616948914609,0.683,0.00039,0.347,1.0,0.0347,0.5929058917170485
4309,0.755,0.657,0.5131071542690782,0.44,7.07e-05,0.22,0.0,0.0522,0.38933766871581227
4310,0.0858,0.376,0.45706511976172304,0.657,0.0,0.0884,1.0,0.0768,0.34109383732154647
4311,0.762,0.562,0.49387660801211575,0.383,0.0,0.0775,1.0,0.0356,0.5042972785313892
4312,0.383,0.851,0.3964553997946667,0.424,0.0,0.0843,1.0,0.0463,0.4018992700977155
4313,0.0586,0.79,0.479399427606809,0.73,0.0,0.0878,1.0,0.0926,0.3979110569188301
4314,0.0342,0.67,0.4522565824798912,0.896,3.21e-05,0.344,1.0,0.058,0.42852546190451996
4315,0.000147,0.502,0.5509742704186462,0.89,0.0117,0.217,1.0,0.0364,0.565293231045403
4316,0.0991,0.755,0.48844073701011426,0.837,0.0,0.289,0.0,0.142,0.5081711798675677
4317,0.369,0.779,0.47000657639534227,0.705,7.91e-06,0.124,1.0,0.0344,0.4277041101458111
4318,0.271,0.261,0.6379289656524607,0.231,0.9,0.239,0.0,0.0388,0.5075869193381768
4319,0.136,0.608,0.5029423705516813,0.845,0.0,0.111,1.0,0.0597,0.41904181273179897
4320,0.0582,0.766,0.4141548586850512,0.394,0.00523,0.279,1.0,0.0637,0.677737980321428
4321,0.242,0.807,0.503679149591457,0.563,0.00322,0.0488,1.0,0.0287,0.47835272400887396
4322,0.421,0.346,0.5064119190477685,0.501,0.0,0.0657,1.0,0.0364,0.4227632982777016
4323,0.00644,0.522,0.4790836856137033,0.918,0.0023,0.163,0.0,0.0416,0.5336796558790157
4324,0.138,0.677,0.5187527481538217,0.688,0.0,0.114,0.0,0.0633,0.4151171061321953
4325,0.128,0.665,0.5119451650031115,0.703,0.0,0.115,1.0,0.07,0.41477417060407457
4326,0.0103,0.683,0.4387007862883745,0.598,9.84e-05,0.251,1.0,0.188,0.45712459144100664
4327,0.906,0.465,0.38605270084459753,0.0871,0.93,0.112,1.0,0.0406,0.30497552879811685
4328,0.533,0.628,0.5264276373543004,0.563,0.0,0.111,1.0,0.0702,0.33857050923809034
4329,0.00265,0.742,0.5453711144472662,0.623,0.376,0.0692,1.0,0.0581,0.4365061220342427
4330,0.121,0.445,0.4691990460797104,0.924,0.0,0.0588,0.0,0.171,0.7361852021202729
4331,0.986,0.324,0.45143915849213534,0.0158,0.96,0.0947,1.0,0.0619,0.28533506071228976
4332,0.0244,0.678,0.5471088811151477,0.692,0.512,0.206,1.0,0.0293,0.45300936510355805
4333,0.0966,0.57,0.5191366796543968,0.618,0.0802,0.247,0.0,0.0287,0.5377737133567038
4334,0.636,0.722,0.4454763065745675,0.564,2.47e-06,0.331,1.0,0.112,0.6438042981252857
4335,0.0678,0.604,0.5218545321175969,0.788,0.153,0.127,0.0,0.103,0.5337092922826805
4336,0.00196,0.308,0.5630491947677005,0.727,0.852,0.13,1.0,0.0392,0.4229030127521211
4337,0.854,0.59,0.6226178042622448,0.439,0.0,0.107,0.0,0.0735,0.6443377533912513
4338,0.671,0.356,0.5105107763280867,0.324,0.0135,0.0999,0.0,0.0472,0.5169012176328134
4339,0.774,0.763,0.44857108668122514,0.35,4e-06,0.258,0.0,0.0478,0.5931556842622229
4340,0.134,0.485,0.5164072721489132,0.928,2.92e-05,0.217,0.0,0.445,0.6781020847093091
4341,0.0419,0.413,0.5531523292028298,0.474,0.508,0.384,1.0,0.0328,0.4699910244034615
4342,0.968,0.649,0.4295471546386005,0.0454,0.872,0.116,1.0,0.0363,0.4235423123168893
4343,0.984,0.596,0.44376856503937456,0.113,0.939,0.0841,1.0,0.0415,0.5421683686429913
4344,0.0549,0.56,0.4871436995650955,0.742,0.153,0.0948,1.0,0.0387,0.44867398262459984
4345,0.848,0.703,0.5091090691930664,0.33,0.00122,0.072,1.0,0.0508,0.48692187843993967
4346,0.178,0.761,0.5284707135165587,0.892,4.19e-05,0.0712,1.0,0.133,0.5378583887957459
4347,0.0697,0.745,0.4687559634405294,0.825,0.0,0.168,1.0,0.0748,0.423292519771715
4348,0.594,0.628,0.512797534642869,0.642,0.0,0.221,0.0,0.182,0.5592855086453623
4349,0.00716,0.516,0.5408076135588731,0.805,3.43e-06,0.0588,0.0,0.145,0.6349895849209978
4350,0.0294,0.648,0.5130755155641622,0.89,3.58e-06,0.116,0.0,0.0523,0.533256278683805
4351,0.000684,0.629,0.49549305815596933,0.931,0.0,0.0693,0.0,0.126,0.4998475842097241
4352,0.147,0.293,0.6306014301937064,0.575,0.603,0.111,0.0,0.0551,0.3810437094616336
4353,0.545,0.692,0.5959897509005714,0.875,5.78e-05,0.326,1.0,0.0571,0.35807126284949786
4354,0.755,0.73,0.4485032256872119,0.558,0.0,0.362,1.0,0.0853,0.41901641010008633
4355,0.00151,0.612,0.5036903212342403,0.89,0.868,0.0894,1.0,0.0628,0.537744076953039
4356,0.842,0.515,0.49586851131780074,0.27,0.0,0.114,1.0,0.0357,0.5100975461057765
4357,0.43,0.744,0.4696143218392068,0.394,1.38e-05,0.346,1.0,0.0499,0.5334764348253145
4358,0.089,0.769,0.459729557215512,0.836,2.83e-06,0.369,1.0,0.266,0.5588113261867262
4359,0.00587,0.755,0.5007763297975876,0.615,1.75e-06,0.109,1.0,0.0454,0.44858930718555773
4360,0.171,0.349,0.516701188278883,0.621,0.448,0.15,1.0,0.07,0.5076546596894105
4361,0.309,0.802,0.47516834811084707,0.737,0.0,0.0815,1.0,0.0432,0.495160798658741
4362,0.731,0.391,0.4559854544909574,0.549,0.0,0.0831,1.0,0.11,0.7794247150671476
4363,0.633,0.52,0.4926261883797767,0.531,0.0,0.101,1.0,0.0428,0.5158385408728344
4364,0.701,0.311,0.4957434561644569,0.485,0.0,0.0726,0.0,0.0365,0.3275034293552812
4365,0.249,0.609,0.4692110046148925,0.43,1.13e-06,0.0996,1.0,0.0547,0.7302494538434181
4366,0.488,0.689,0.4751302070635208,0.412,0.00016,0.0659,0.0,0.0301,0.5366475300174431
4367,0.646,0.506,0.46317701634237896,0.352,0.0,0.405,1.0,0.0608,0.33178377279886195
4368,0.92,0.527,0.5233146057365179,0.0861,0.000334,0.0988,1.0,0.0301,0.43854256634320643
4369,0.978,0.0786,0.48813382703330843,0.0152,0.865,0.07,1.0,0.0397,0.7513759758844349
4370,0.0888,0.691,0.4524248785877323,0.595,5.56e-05,0.0886,0.0,0.0377,0.5123033412928246
4371,0.681,0.345,0.49906992132805206,0.471,3.09e-05,0.155,1.0,0.0579,0.7794882216464292
4372,0.979,0.586,0.4048300651486183,0.269,0.000524,0.813,1.0,0.593,0.5757591153110129
4373,0.128,0.57,0.4640527872318798,0.585,0.000105,0.111,1.0,0.251,0.41188250436078505
4374,0.507,0.881,0.5353674539360327,0.357,0.0,0.114,1.0,0.0765,0.46560060288912597
4375,0.849,0.761,0.4020780975665743,0.734,0.0,0.293,0.0,0.0387,0.46970312791071817
4376,0.015,0.762,0.47647922780779295,0.863,0.0,0.125,0.0,0.0561,0.4488306321868279
4377,0.11,0.715,0.46531813748662887,0.624,0.0,0.123,0.0,0.114,0.6693043065928296
4378,0.0725,0.478,0.476066958711161,0.802,0.0,0.136,0.0,0.0454,0.8467543904215143
4379,0.364,0.782,0.394873620259111,0.834,0.313,0.122,1.0,0.0704,0.7194236989618792
4380,0.41,0.74,0.47952123587133544,0.754,0.000102,0.137,0.0,0.0887,0.5250004233771952
4381,0.0227,0.423,0.5109523195717327,0.943,0.0,0.0798,1.0,0.498,0.5905265118799641
4382,0.00719,0.446,0.566596391057979,0.975,0.289,0.214,0.0,0.163,0.5924317092584125
4383,0.839,0.68,0.48738418262467254,0.703,0.0218,0.0863,0.0,0.0439,0.43306829920913137
4384,0.43,0.689,0.3995779450470538,0.412,0.184,0.118,0.0,0.0557,0.5690612880827787
4385,0.573,0.311,0.5394187015739695,0.538,0.0,0.113,0.0,0.0263,0.5807761350742603
4386,0.463,0.571,0.5976066865914977,0.734,0.000691,0.128,0.0,0.0402,0.5033150434385002
4387,0.795,0.576,0.5203980932247991,0.591,6.85e-05,0.266,1.0,0.0332,0.5250427610967163
4388,0.82,0.609,0.5633869426314564,0.278,0.000514,0.103,0.0,0.0358,0.5329599146471574
4389,0.0631,0.7,0.4796929951846203,0.82,1.69e-06,0.133,1.0,0.367,0.5505088993886432
4390,0.151,0.602,0.48150313346365947,0.688,0.0,0.158,0.0,0.055,0.5847050754458161
4391,0.315,0.56,0.54454628398295,0.604,1.12e-06,0.176,1.0,0.0866,0.3589561211874884
4392,0.464,0.644,0.5432976667140528,0.423,0.0,0.11,0.0,0.0324,0.558447221798845
4393,0.259,0.579,0.5623086742559491,0.712,0.000253,0.18,0.0,0.0308,0.3429270605768091
4394,0.845,0.598,0.47580920263368887,0.236,0.0,0.109,1.0,0.0363,0.6343841555318463
4395,0.518,0.356,0.5636383771348643,0.47,1e-05,0.0807,1.0,0.0278,0.3975300174431404
4396,0.173,0.56,0.5578625678835603,0.702,0.0,0.125,0.0,0.0366,0.6347863638672966
4397,0.586,0.271,0.5421665713348149,0.726,0.0,0.353,1.0,0.0527,0.37013751291300445
4398,0.676,0.72,0.5573095239546726,0.621,0.0,0.0679,1.0,0.0491,0.4868287354569933
4399,0.5,0.615,0.5088877439934918,0.91,0.511,0.281,1.0,0.0347,0.47000372571931787
4400,0.572,0.525,0.578873490087783,0.448,1.51e-05,0.107,0.0,0.0391,0.34349015224643936
4401,0.0981,0.7,0.5325067087404118,0.526,0.471,0.102,1.0,0.0355,0.38957052617317817
4402,0.0642,0.853,0.5843266598816155,0.745,1.87e-06,0.0274,0.0,0.109,0.4571838642483361
4403,0.00107,0.818,0.4995350628066966,0.799,0.128,0.057,0.0,0.156,0.42343646801808665
4404,0.0103,0.753,0.544754330431616,0.56,0.0,0.109,1.0,0.0445,0.5758353232061507
4405,0.000257,0.601,0.4865558271771937,0.82,0.000266,0.0825,1.0,0.0474,0.6138080238446036
4406,0.0454,0.752,0.4881354654176089,0.462,0.000954,0.091,0.0,0.0519,0.43184050534302015
4407,0.964,0.404,0.5031009056135036,0.0182,0.00037,0.108,1.0,0.0414,0.4619341563786008
4408,0.0111,0.889,0.39992982954029777,0.884,0.804,0.0999,1.0,0.0379,0.5250004233771952
4409,0.958,0.815,0.42378811531202687,0.0403,0.922,0.11,1.0,0.0678,0.4233983640705177
4410,0.000761,0.764,0.5968957759853026,0.431,0.798,0.0476,1.0,0.0713,0.508031465393148
4411,0.57,0.798,0.5526824068453426,0.931,0.0,0.576,1.0,0.0745,0.5088062456603837
4412,0.00138,0.783,0.42613891664132764,0.864,0.00457,0.0998,1.0,0.116,0.507951023726058
4413,0.0189,0.716,0.5432649405443235,0.832,1.17e-06,0.305,1.0,0.062,0.3809632677945435
4414,0.000712,0.595,0.47186335949070446,0.817,0.0386,0.142,0.0,0.0474,0.6137318159494657
4415,0.00536,0.647,0.5571066825842999,0.792,5.82e-05,0.054,1.0,0.0373,0.5589933783806669
4416,0.896,0.734,0.4328018015586297,0.22,0.0,0.339,1.0,0.226,0.45291622212061167
4417,0.103,0.623,0.49787654327851083,0.962,0.000174,0.264,0.0,0.0895,0.6349091432539077
4418,0.827,0.349,0.5169533826303274,0.446,0.00722,0.0808,1.0,0.0522,0.3358989991363105
4419,0.364,0.704,0.4718751244850794,0.86,2.39e-06,0.486,1.0,0.13,0.42379633863401583
4420,0.219,0.531,0.5437475703939234,0.422,0.0198,0.0608,1.0,0.0571,0.7961862182255415
4421,0.105,0.532,0.47978699787747314,0.66,0.000222,0.0996,1.0,0.0825,0.5504453928093617
4422,0.149,0.644,0.4908545219381346,0.811,0.000473,0.17,1.0,0.0517,0.6558493793290318
4423,0.0101,0.567,0.45288298826290485,0.963,0.35,0.387,1.0,0.0403,0.5503861200020321
4424,0.00123,0.682,0.4453070793446159,0.907,0.401,0.217,0.0,0.0475,0.5421768361868956
4425,0.0635,0.733,0.4756200404967843,0.69,1.18e-06,0.105,0.0,0.0427,0.495317448220969
4426,0.958,0.381,0.4436524285967942,0.0422,0.942,0.0929,0.0,0.0297,0.3993082016630256
4427,0.251,0.716,0.41039393542797,0.665,0.000186,0.254,1.0,0.0313,0.37069637081068263
4428,0.0756,0.651,0.48922624908118717,0.708,1.08e-05,0.42,1.0,0.0491,0.5167615031583939
4429,0.582,0.677,0.45469363299801224,0.467,0.918,0.0945,0.0,0.034,0.5631975139291098
4430,0.00708,0.477,0.4382722114206832,0.572,0.784,0.144,1.0,0.0319,0.8214914731832884
4431,0.00882,0.59,0.466712053711283,0.677,0.000147,0.157,1.0,0.0577,0.7814399905163508
4432,0.0293,0.726,0.5142588384499138,0.769,0.0101,0.104,1.0,0.123,0.4148461447272604
4433,0.013,0.714,0.44910671953049675,0.472,4.51e-06,0.266,1.0,0.0864,0.5551364121322969
4434,0.00284,0.743,0.4682820746018188,0.893,0.000369,0.113,1.0,0.129,0.5506951853545361
4435,0.427,0.597,0.5049056884227223,0.363,0.000416,0.35,1.0,0.0291,0.392081152940778
4436,0.00877,0.798,0.6301211103321083,0.755,0.876,0.109,0.0,0.0446,0.5377398431810869
4437,0.897,0.429,0.4474524871329053,0.214,0.0,0.105,1.0,0.242,0.3295949126996223
4438,0.205,0.764,0.4879756455594231,0.561,2.74e-05,0.694,1.0,0.0384,0.5504919643008349
4439,0.291,0.385,0.5470997471631982,0.468,0.0293,0.0892,1.0,0.0251,0.3443369066368609
4440,0.385,0.532,0.5093969914322902,0.433,0.0,0.355,1.0,0.0933,0.3261697911903673
4441,0.925,0.389,0.27295731235212695,0.0884,0.456,0.134,1.0,0.101,0.6871750580026756
4442,0.887,0.386,0.40528379703981354,0.202,0.494,0.0915,0.0,0.0349,0.3498873816660739
4443,0.737,0.495,0.4505371997054648,0.333,0.0,0.112,0.0,0.0288,0.422348388626395
4444,0.881,0.638,0.4157502000750901,0.124,0.904,0.208,0.0,0.0725,0.3810733458652983
4445,0.777,0.551,0.4682265590618375,0.55,0.0,0.202,1.0,0.0286,0.42841538383376515
4446,0.599,0.464,0.4098841058360745,0.596,0.00196,0.248,1.0,0.0302,0.592139578993717
4447,0.979,0.401,0.48427187799479654,0.111,0.00345,0.13,1.0,0.037,0.7742552795136243
4448,0.927,0.603,0.4758692643766198,0.148,0.0,0.101,1.0,0.0279,0.40411776660061977
4449,0.907,0.801,0.47967056452760115,0.122,0.929,0.102,0.0,0.0443,0.3176387407068706
4450,0.325,0.564,0.49015451688099865,0.303,3.87e-05,0.11,1.0,0.0304,0.38119612525190943
4451,0.000399,0.606,0.44890267763896463,0.812,0.686,0.152,1.0,0.0314,0.5678377279886196
4452,0.284,0.816,0.399748351839295,0.444,0.0243,0.225,1.0,0.0546,0.508145777235855
4453,0.315,0.573,0.46880761083109457,0.584,1.19e-06,0.109,1.0,0.047,0.4862106047519856
4454,0.0914,0.711,0.4371264272820825,0.931,4.41e-05,0.0892,1.0,0.0323,0.4996231942962624
4455,0.723,0.471,0.46669524012781416,0.474,0.0,0.0964,1.0,0.0382,0.5108299886534912
4456,0.00513,0.709,0.520492189973901,0.475,0.579,0.115,1.0,0.031,0.529166454978069
4457,0.0232,0.653,0.4879756455594231,0.634,0.0,0.0908,0.0,0.0391,0.6774585513725888
4458,0.0219,0.547,0.4891383421735296,0.412,0.0593,0.0831,0.0,0.0355,0.6180460295686633
4459,0.457,0.494,0.5116730529287006,0.74,0.368,0.37,1.0,0.0678,0.4275389930396789
4460,0.924,0.361,0.4187784062216886,0.231,0.0,0.17,0.0,0.0375,0.709343087943911
4461,0.332,0.595,0.4986072925535421,0.61,2.14e-06,0.0628,0.0,0.0499,0.4147995732357872
4462,0.182,0.591,0.44141036531503497,0.559,0.0,0.146,0.0,0.0536,0.44290335145387727
4463,0.0789,0.438,0.5980477153379664,0.509,0.0239,0.119,1.0,0.0351,0.593003268471947
4464,0.333,0.656,0.5088509475391714,0.423,0.0,0.129,1.0,0.0247,0.4403503869667564
4465,0.0166,0.833,0.5118998444707747,0.754,0.0,0.246,1.0,0.0513,0.45725160459956987
4466,0.526,0.613,0.35141879430948264,0.612,0.000482,0.129,1.0,0.0599,0.33877796406374366
4467,0.373,0.876,0.44829319998222794,0.786,0.00545,0.145,0.0,0.081,0.46565564192450337
4468,0.537,0.699,0.4732664488511882,0.493,0.0,0.258,1.0,0.0699,0.4021659977306982
4469,0.241,0.643,0.45563696897350425,0.671,0.0178,0.12,1.0,0.0842,0.4103541126860743
4470,0.473,0.731,0.46794128177176075,0.59,3.39e-05,0.107,1.0,0.108,0.6819421158698707
4471,0.0118,0.476,0.5266607290882219,0.853,0.107,0.114,0.0,0.114,0.6349895849209978
4472,0.0177,0.924,0.40915623232889087,0.716,1.15e-06,0.128,0.0,0.0541,0.5079383224102016
4473,0.627,0.57,0.39870765148282583,0.63,0.0,0.464,0.0,0.0715,0.40263171264543
4474,0.981,0.556,0.3431113693009298,0.494,0.891,0.0759,0.0,0.0592,0.5491752612237294
4475,0.989,0.222,0.3551401218421115,0.054,0.957,0.114,1.0,0.0441,0.23155768937661939
4476,0.835,0.558,0.4702745634719234,0.328,0.583,0.109,0.0,0.0376,0.38098443665430404
4477,0.992,0.76,0.3627724614905534,0.0705,0.726,0.116,1.0,0.0623,0.6055818049416586
4478,0.0954,0.486,0.5200676532369664,0.617,3.23e-06,0.109,0.0,0.0287,0.5843240359701264
4479,0.871,0.319,0.4893588338434429,0.203,0.0,0.0811,1.0,0.0321,0.4146810276211282
4480,0.966,0.359,0.4768772941669026,0.448,0.818,0.163,1.0,0.0344,0.5740105674947925
4481,0.785,0.59,0.5002668095017397,0.577,0.0,0.107,1.0,0.0395,0.41512133990414735
4482,0.386,0.109,0.5935167382052349,0.335,0.91,0.0992,0.0,0.0353,0.31954393808531895
4483,0.00237,0.503,0.4750769721039305,0.759,1.06e-06,0.13,0.0,0.0423,0.38110298226896305
4484,0.203,0.486,0.4734476005980912,0.403,0.00154,0.0677,0.0,0.0296,0.600560551406459
4485,0.047,0.534,0.4916582002191885,0.582,0.0328,0.0883,1.0,0.0401,0.3564116242442717
4486,0.692,0.606,0.5458015387127282,0.896,0.13,0.705,0.0,0.0452,0.42344916933394294
4487,0.797,0.598,0.4613852022512295,0.262,0.00135,0.174,0.0,0.153,0.4245668851292994
4488,0.432,0.151,0.4655967458084347,0.235,0.804,0.137,0.0,0.0309,0.37047198089722094
4489,0.104,0.868,0.4210104852560006,0.66,0.0,0.0755,1.0,0.0526,0.5162026452607157
4490,0.0194,0.935,0.4781893810083575,0.454,0.0,0.0824,1.0,0.375,0.5634007349828108
4491,0.0144,0.768,0.38909335382209087,0.858,0.861,0.0829,1.0,0.0767,0.607800301444563
4492,0.261,0.82,0.4880420512647523,0.504,7e-06,0.104,0.0,0.141,0.35993835628037735
4493,0.358,0.814,0.43720366037047564,0.647,0.00468,0.146,1.0,0.129,0.4021151924672729
4494,0.093,0.871,0.4824227913433534,0.513,0.00302,0.352,0.0,0.101,0.47408084810919743
4495,0.0923,0.702,0.370119615793264,0.961,0.0,0.048,1.0,0.0775,0.6775135904079663
4496,0.28,0.782,0.4794849620599384,0.637,0.0,0.114,0.0,0.264,0.43179816762349915
4497,0.344,0.716,0.49724635577544163,0.535,1.85e-05,0.123,1.0,0.0432,0.5250342935528121
4498,0.451,0.741,0.4785303153102245,0.827,0.0,0.292,0.0,0.549,0.6702780741418144
4499,0.103,0.578,0.4055054352379046,0.998,0.842,0.41,1.0,0.155,0.4338769496519839
4500,0.213,0.662,0.45366389584580413,0.413,0.0,0.134,1.0,0.0299,0.39376196040576467
4501,0.173,0.655,0.45366389584580413,0.469,0.0,0.0956,1.0,0.0292,0.3918779318870768
4502,0.15,0.604,0.45691344358113173,0.601,0.000579,0.168,0.0,0.0628,0.592220020660807
4503,0.152,0.63,0.4739844930643333,0.781,0.000247,0.289,1.0,0.0406,0.4235973513522668
4504,0.776,0.378,0.4358078443889206,0.334,0.0,0.115,1.0,0.304,0.7675659198292942
4505,0.0139,0.82,0.409494719235469,0.731,0.0,0.0805,1.0,0.0443,0.508107673288286
4506,0.221,0.437,0.5768877298365944,0.229,0.0599,0.0935,1.0,0.0308,0.626221443208183
4507,0.779,0.506,0.45901538292088984,0.579,0.0,0.148,1.0,0.0683,0.3611195786550153
4508,0.352,0.651,0.49329109542554406,0.7,0.0,0.061,0.0,0.0318,0.44439363918101915
4509,0.203,0.764,0.44947148512604995,0.524,0.0683,0.129,0.0,0.0348,0.5165371132449321
4510,0.641,0.587,0.5217198753016419,0.489,0.254,0.115,1.0,0.0922,0.6563997696828057
4511,0.31,0.579,0.5119465810670745,0.736,0.0,0.198,0.0,0.0527,0.541918576097817
4512,0.0415,0.487,0.5127003055985648,0.961,1.15e-06,0.553,1.0,0.132,0.7197624007180476
4513,0.00204,0.687,0.5135108878921018,0.678,0.0929,0.363,0.0,0.181,0.49102863723348406
4514,0.271,0.62,0.5124555677423595,0.573,0.0,0.0607,1.0,0.0423,0.34525563515046825
4515,0.0573,0.71,0.4268534657465979,0.816,4.87e-06,0.176,0.0,0.186,0.554628359498044
4516,0.881,0.387,0.5435306510072642,0.374,0.0,0.851,1.0,0.0332,0.4939160697048214
4517,0.000108,0.511,0.46143633999879885,0.847,0.0,0.107,1.0,0.0339,0.6432750766312723
4518,0.0181,0.59,0.5306786694056878,0.529,0.794,0.129,0.0,0.0349,0.4405028027570323
4519,0.512,0.398,0.5054370668602526,0.56,0.0151,0.224,1.0,0.0312,0.6804094904232079
4520,0.0528,0.883,0.503489860291078,0.573,0.838,0.111,1.0,0.038,0.5293315720842012
4521,0.429,0.685,0.5101052751173283,0.787,0.0888,0.223,1.0,0.0348,0.4148884824467815
4522,0.805,0.483,0.5568654134942843,0.439,0.0,0.637,0.0,0.238,0.3471100272654914
4523,0.716,0.829,0.44549119868735354,0.24,0.903,0.177,0.0,0.203,0.32611898592694205
4524,0.664,0.508,0.501910382355732,0.404,0.0,0.104,1.0,0.0788,0.34595420752256595
4525,0.761,0.38,0.49592006867867466,0.138,0.00086,0.108,0.0,0.0356,0.3863824958932412
4526,0.99,0.504,0.43907403900628483,0.103,0.932,0.105,0.0,0.0332,0.2752417483784653
4527,0.0163,0.54,0.5135627742247681,0.761,0.0,0.0941,1.0,0.0372,0.42341106538637396
4528,0.984,0.32,0.4216690329616297,0.0261,0.928,0.0749,0.0,0.0416,0.29331148707006044
4529,0.996,0.387,0.36598876153437954,0.00906,0.889,0.0985,1.0,0.0455,0.2872825958102593
4530,0.944,0.149,0.6081997667704631,0.128,0.928,0.0703,1.0,0.0462,0.2005199071957188
4531,0.932,0.557,0.4304535382902357,0.0703,0.87,0.0912,0.0,0.0363,0.5587732222391573
4532,0.0447,0.731,0.47691239692997245,0.821,8.51e-05,0.107,1.0,0.0389,0.5585700011854561
4533,0.127,0.588,0.4852036408546414,0.653,0.0,0.423,0.0,0.0373,0.44410997646022793
4534,0.114,0.518,0.5158738449138873,0.686,0.0,0.114,1.0,0.0313,0.6099383562803773
4535,0.192,0.578,0.5023217076177984,0.724,2.38e-05,0.235,0.0,0.0865,0.7190087893105725
4536,0.317,0.669,0.4819342565379423,0.782,0.000355,0.466,0.0,0.105,0.3917424511846094
4537,0.3,0.571,0.5236306366524843,0.443,6.95e-06,0.101,1.0,0.0451,0.609337160663178
4538,0.014,0.622,0.48318959849023546,0.671,0.0,0.304,1.0,0.026,0.3598536808413351
4539,0.156,0.372,0.4741942957584382,0.835,0.000369,0.0973,0.0,0.264,0.3387610289759352
4540,0.324,0.445,0.5841524930604511,0.446,0.119,0.106,1.0,0.0286,0.39146725600772236
4541,0.0743,0.773,0.5104943470069481,0.974,1.17e-05,0.145,1.0,0.183,0.4446307304103371
4542,0.1,0.14,0.49239410672536654,0.478,0.000112,0.105,0.0,0.0484,0.7837600975461058
4543,0.00123,0.591,0.4832967997098727,0.721,0.000386,0.097,1.0,0.0335,0.5079256210943454
4544,0.0127,0.698,0.46945458405513696,0.725,0.122,0.288,1.0,0.0431,0.4445037172517739
4545,0.103,0.758,0.44033038643115385,0.574,1.14e-05,0.229,1.0,0.0436,0.5138698369151043
4546,0.612,0.427,0.5355421844727575,0.407,0.386,0.109,1.0,0.0382,0.7148469914816508
4547,0.0104,0.44,0.48530369378792315,0.993,0.0,0.964,0.0,0.184,0.7187674643093025
4548,0.227,0.643,0.4485408137222473,0.46,0.0,0.0916,1.0,0.0347,0.6352563125539805
4549,0.388,0.723,0.5034301961434622,0.504,7.4e-05,0.087,1.0,0.0392,0.5672195972836118
4550,0.964,0.444,0.4979074101990939,0.26,0.0815,0.125,1.0,0.0316,0.5099281952276922
4551,0.122,0.548,0.46595278477764723,0.816,0.0,0.335,1.0,0.0465,0.40385950651154123
4552,0.057,0.695,0.49961831176880533,0.656,0.0,0.267,1.0,0.0489,0.3852139748344595
4553,0.135,0.84,0.42299408458935495,0.338,0.0225,0.0635,1.0,0.0436,0.45734898135446833
4554,0.0228,0.673,0.4585427626076588,0.728,3.69e-06,0.0903,1.0,0.0376,0.6691434232586496
4555,0.362,0.503,0.5168524142133739,0.785,0.0,0.191,0.0,0.0374,0.43188284306254127
4556,0.0106,0.799,0.450878205356986,0.711,8.48e-05,0.0694,0.0,0.0337,0.5333832918423682
4557,0.03,0.585,0.4457749529009951,0.941,8.41e-06,0.196,0.0,0.145,0.5504919643008349
4558,0.579,0.489,0.4995151989848514,0.505,0.000333,0.104,0.0,0.117,0.6911844400413215
4559,0.421,0.601,0.49401021290733627,0.513,8.42e-05,0.0868,0.0,0.0378,0.5155887483276601
4560,9.09e-06,0.446,0.4888115323647124,0.931,1.09e-05,0.377,0.0,0.0469,0.4402445426679537
4561,0.598,0.393,0.4806417455995817,0.297,0.000436,0.249,0.0,0.0366,0.5366517637893952
4562,0.000119,0.444,0.49407736933858026,0.974,1.64e-05,0.233,0.0,0.114,0.5381208826567766
4563,0.00879,0.592,0.5061135435215354,0.935,0.0154,0.132,0.0,0.0581,0.5292765330488238
4564,0.0668,0.654,0.448998484157914,0.782,0.0,0.303,0.0,0.0494,0.6353960270284001
4565,0.587,0.598,0.49020224802892165,0.56,0.00122,0.178,1.0,0.263,0.7277769310233873
4566,0.0771,0.712,0.5480793012059006,0.967,0.0,0.356,1.0,0.047,0.6139985435824484
4567,0.655,0.563,0.4401865073060023,0.553,0.00737,0.17,1.0,0.0331,0.6768912259310064
4568,0.621,0.728,0.5025431081674907,0.563,0.0,0.179,0.0,0.134,0.42344916933394294
4569,0.727,0.712,0.36520626002782386,0.21,0.912,0.136,0.0,0.033,0.359887551016952
4570,0.695,0.702,0.4321267223648966,0.438,0.892,0.382,0.0,0.0476,0.5502591068434689
4571,0.955,0.385,0.3871952213586971,0.185,0.941,0.106,1.0,0.0394,0.33055174516079866
4572,0.0521,0.554,0.5100092950792332,0.899,0.0,0.0568,1.0,0.408,0.7280648275161307
4573,0.197,0.747,0.5355519883653055,0.491,1.77e-05,0.0837,1.0,0.0639,0.6140408813019695
4574,0.261,0.82,0.4880420512647523,0.504,7e-06,0.104,0.0,0.141,0.35993835628037735
4575,0.974,0.625,0.45803134304820414,0.125,0.000569,0.138,1.0,0.0492,0.523814967230605
4576,0.0129,0.502,0.5040065338965638,0.925,0.0,0.162,1.0,0.0501,0.6316279699910243
4577,0.939,0.527,0.5129446771730386,0.242,0.0435,0.114,1.0,0.0313,0.60901962776677
4578,0.183,0.772,0.4372819754670829,0.437,0.0,0.243,1.0,0.0298,0.41055309996782335
4579,0.139,0.507,0.46837270941115405,0.581,0.0,0.54,0.0,0.143,0.4091517214516757
4580,0.223,0.447,0.4775665584199158,0.522,0.0,0.122,1.0,0.124,0.6925646496977086
4581,0.919,0.672,0.4260634556651375,0.306,0.921,0.105,1.0,0.0288,0.5931556842622229
4582,0.0195,0.453,0.5397839062295104,0.987,0.283,0.268,1.0,0.0889,0.5230571220511778
4583,0.949,0.703,0.4879805654268268,0.179,0.0,0.102,1.0,0.0366,0.4124836999779844
4584,0.000289,0.217,0.5608321772450773,0.905,0.00011,0.222,1.0,0.0752,0.41046419075682905
4585,0.275,0.706,0.43636445398430146,0.932,0.00031,0.291,0.0,0.253,0.5252417483784654
4586,0.692,0.795,0.4263196415849817,0.438,0.0,0.23,1.0,0.266,0.4042236108994225
4587,0.581,0.672,0.5021421152526271,0.715,2.08e-06,0.101,1.0,0.0268,0.4444994834798218
4588,0.902,0.607,0.4849164821907368,0.199,0.000876,0.146,1.0,0.0644,0.5920295009229622
4589,0.542,0.682,0.3869883608330924,0.571,0.00757,0.339,0.0,0.0271,0.3893800064353333
4590,0.0129,0.56,0.47312910596741653,0.802,3.37e-05,0.157,0.0,0.0574,0.6986147098172704
4591,0.315,0.699,0.4689283650654017,0.463,0.0,0.0803,1.0,0.475,0.6096208233839693
4592,0.662,0.516,0.4653011797454314,0.467,0.0,0.0853,1.0,0.0302,0.562503175328964
4593,0.873,0.536,0.5380957119600511,0.279,0.000816,0.118,1.0,0.0269,0.33869328862470155
4594,0.0687,0.614,0.4756660252876359,0.647,0.0,0.104,0.0,0.0524,0.6937543396162509
4595,0.963,0.441,0.4665419698992015,0.0515,0.913,0.0772,0.0,0.0284,0.24836999779843857
4596,0.59,0.845,0.4932641065053267,0.567,0.00142,0.0811,0.0,0.0956,0.5293061694524885
4597,0.964,0.187,0.437508877062043,0.103,0.935,0.199,1.0,0.056,0.2919397449575776
4598,0.0141,0.623,0.4932109093961281,0.93,1.64e-06,0.138,1.0,0.0324,0.5085564531152094
4599,0.114,0.396,0.49895649528597286,0.686,0.0,0.142,1.0,0.0374,0.3298447052447967
4600,0.189,0.735,0.5036493548066292,0.584,0.0,0.125,1.0,0.14,0.3938085318972379
4601,0.63,0.596,0.4834385011508635,0.366,7.04e-06,0.0554,1.0,0.115,0.3573049501261664
4602,0.172,0.526,0.5284028718788218,0.877,0.0108,0.223,0.0,0.033,0.616301715524395
4603,0.88,0.538,0.47258218052615253,0.318,7.28e-05,0.116,0.0,0.0417,0.6138461277921726
4604,0.0564,0.447,0.4898200075900139,0.781,0.0,0.204,0.0,0.193,0.6119070602381073
4605,0.65,0.709,0.4522565824798912,0.548,1.59e-06,0.133,1.0,0.353,0.3556156751172755
4606,0.0245,0.873,0.5106293041714474,0.704,0.00441,0.112,1.0,0.0821,0.4362139917695473
4607,0.111,0.513,0.48260339125325524,0.842,0.0,0.0955,1.0,0.47,0.6941438466358448
4608,0.448,0.509,0.47612692573278204,0.289,0.00117,0.101,1.0,0.0299,0.5712416806381141
4609,0.00472,0.578,0.5047777519022274,0.926,0.0127,0.14,0.0,0.0548,0.6349641822892851
4610,0.00363,0.701,0.5059571736065265,0.755,0.000795,0.121,1.0,0.0417,0.4023607512404952
4611,0.088,0.791,0.49053113248290536,0.639,0.0,0.114,0.0,0.337,0.7194956730850649
4612,0.971,0.309,0.5065444368939849,0.0925,0.00212,0.102,1.0,0.0356,0.380315500685871
4613,0.337,0.612,0.47789832833245915,0.413,9.82e-05,0.0916,0.0,0.0883,0.4234576368778472
4614,0.32,0.817,0.48605795077834313,0.814,0.0,0.152,1.0,0.185,0.4656895121001202
4615,0.46,0.649,0.49179923913119206,0.568,0.0,0.0933,1.0,0.0496,0.4944749276024996
4616,0.564,0.718,0.47374132054057183,0.515,0.000525,0.179,1.0,0.0326,0.44474504225304407
4617,0.973,0.604,0.4783355828863767,0.0458,0.0,0.0963,1.0,0.0762,0.3227616047689207
4618,0.984,0.386,0.47457927372847686,0.175,0.0,0.0868,1.0,0.043,0.2844883063218682
4619,0.00306,0.547,0.5512934062715553,0.936,0.27,0.278,1.0,0.049,0.38949431827804026
4620,0.262,0.758,0.48377539139589354,0.367,0.0,0.103,0.0,0.0574,0.5246024488136971
4621,0.0946,0.645,0.5339492248226652,0.938,0.0226,0.159,0.0,0.0391,0.5964791952446273
4622,0.0248,0.603,0.4643183965243971,0.691,0.0,0.583,1.0,0.0372,0.6229910752087249
4623,0.081,0.738,0.4426489317009432,0.767,0.0,0.346,1.0,0.0336,0.4444825483920134
4624,0.041,0.432,0.5253132751934992,0.781,4.21e-06,0.0789,0.0,0.0567,0.5903232908262629
4625,0.00505,0.553,0.5129087838081787,0.778,0.0502,0.356,0.0,0.0367,0.5926560991718742
4626,0.346,0.516,0.4114363633126381,0.482,3.48e-06,0.437,0.0,0.0254,0.37276245152331117
4627,0.199,0.722,0.44071417559402826,0.668,0.0,0.209,1.0,0.222,0.7539035377398431
4628,0.863,0.226,0.6251394767387621,0.0244,0.952,0.371,1.0,0.0421,0.40623465257667357
4629,0.704,0.847,0.4565490436632442,0.346,0.0,0.128,1.0,0.444,0.5166387237717828
4630,0.868,0.604,0.49031626089684033,0.36,0.0343,0.112,0.0,0.0253,0.44024877643990584
4631,0.883,0.612,0.46055511357999945,0.378,0.0217,0.132,1.0,0.0303,0.528061440498569
4632,0.00269,0.764,0.5927014225141725,0.863,0.0,0.27,0.0,0.0416,0.5589468068891936
4633,0.967,0.622,0.4132502575509396,0.347,0.939,0.103,0.0,0.0651,0.6771198496164202
4634,0.91,0.845,0.342178815273521,0.5,0.0,0.744,1.0,0.104,0.3387821978356958
4635,0.112,0.785,0.4702745634719234,0.692,0.00505,0.326,1.0,0.0776,0.4319251807820624
4636,0.0134,0.624,0.5652569462093968,0.753,0.0,0.123,0.0,0.0329,0.5718682788870261
4637,0.558,0.632,0.47186245445602415,0.337,0.0,0.104,0.0,0.033,0.5999297193855949
4638,0.784,0.373,0.47573232670379895,0.493,0.233,0.147,1.0,0.0338,0.5501447950007621
4639,0.0101,0.51,0.5091760564265639,0.846,0.0,0.208,1.0,0.0461,0.5924190079425561
4640,0.28,0.414,0.40704853551548403,0.393,0.151,0.49,1.0,0.0295,0.29164338092093006
4641,0.0843,0.682,0.48507014150283223,0.927,0.0,0.149,1.0,0.0479,0.42769140882995477
4642,0.992,0.245,0.6163663608901144,0.0169,0.957,0.058,0.0,0.0368,0.40669613371945335
4643,0.293,0.703,0.4663904274363109,0.624,0.0,0.178,1.0,0.0632,0.6643338583210554
4644,0.353,0.676,0.4398135892624475,0.67,0.0,0.103,1.0,0.0374,0.4784585683076767
4645,0.319,0.717,0.41374194848804,0.815,0.0,0.0862,0.0,0.0454,0.5164609053497943
4646,0.169,0.633,0.46320469398335806,0.557,0.0,0.0671,0.0,0.203,0.37965079848939015
4647,0.662,0.827,0.5466406793945895,0.195,0.141,0.0987,1.0,0.0638,0.5841165811444733
4648,0.208,0.612,0.37301510450984754,0.436,0.0,0.0905,1.0,0.0465,0.38928686345238694
4649,0.582,0.713,0.4780822572787873,0.867,8.38e-05,0.116,1.0,0.0313,0.5504284577215532
4650,0.28,0.838,0.46397776925151724,0.305,0.000116,0.203,0.0,0.0824,0.5083278294297956
4651,0.000718,0.725,0.45728099042788806,0.984,0.895,0.372,1.0,0.0351,0.5079806601297228
4652,0.00563,0.751,0.34961674861697967,0.467,0.0,0.111,0.0,0.507,0.760901962776677
4653,0.0802,0.697,0.4831245681860392,0.621,0.0,0.162,0.0,0.25,0.34694067638740705
4654,0.557,0.816,0.5266950172884615,0.596,0.812,0.0842,1.0,0.0294,0.5208682619519382
4655,0.0118,0.498,0.5359399945692842,0.764,0.0104,0.156,1.0,0.0382,0.4910117021456756
4656,0.0991,0.608,0.5135908140275847,0.86,0.0,0.262,0.0,0.0554,0.5380065708140697
4657,0.0481,0.757,0.49869792677120506,0.848,0.0,0.121,1.0,0.335,0.5927069044352995
4658,0.673,0.564,0.44378791308474486,0.352,0.000213,0.449,1.0,0.0321,0.359925654964521
4659,0.174,0.644,0.5046511958289872,0.768,0.0,0.469,1.0,0.0455,0.46144727260410845
4660,0.767,0.68,0.4258644548110593,0.69,0.0,0.0948,1.0,0.0419,0.3856627546613829
4661,0.763,0.323,0.47536069153715355,0.682,0.647,0.127,1.0,0.062,0.7168834357906145
4662,0.446,0.515,0.47928185262863643,0.719,0.0,0.365,0.0,0.0545,0.31763450693491846
4663,0.000178,0.576,0.48288618388962434,0.766,0.154,0.872,1.0,0.0869,0.46575725245135396
4664,0.841,0.682,0.41772396482581375,0.218,0.88,0.093,0.0,0.054,0.5074345035479009
4665,0.0004,0.568,0.48294200716229585,0.569,0.102,0.342,0.0,0.0329,0.3090272485562838
4666,0.747,0.732,0.4311181339308059,0.304,6.13e-05,0.143,0.0,0.111,0.5925798912767363
4667,0.0611,0.424,0.4630376024248093,0.735,0.0,0.178,0.0,0.0685,0.49813714034107265
4668,0.735,0.481,0.5727890978078629,0.262,0.0114,0.832,1.0,0.0414,0.5201654558078883
4669,0.672,0.816,0.4073376779492217,0.468,0.843,0.244,1.0,0.0608,0.6692365662415959
4670,0.914,0.694,0.4293394406287594,0.237,0.018,0.111,1.0,0.0366,0.5316897830615251
4671,0.156,0.75,0.48013924184569867,0.708,1.01e-06,0.0954,1.0,0.0629,0.4699232840522278
4672,0.156,0.75,0.48013924184569867,0.708,1.01e-06,0.0954,1.0,0.0629,0.4699232840522278
4673,0.3,0.648,0.4467045855411429,0.607,0.0,0.163,1.0,0.0577,0.655815509153415
4674,0.213,0.654,0.47077187079218796,0.56,0.0,0.128,0.0,0.102,0.31746938982878625
4675,0.343,0.366,0.5973261354050852,0.572,0.00895,0.186,1.0,0.0377,0.5077901403918779
4676,0.00286,0.908,0.5495407944843982,0.669,0.0,0.237,1.0,0.0738,0.4751900963606496
4677,0.297,0.752,0.4900420103432046,0.488,9.11e-06,0.0936,1.0,0.0705,0.5759665701366661
4678,0.94,0.244,0.5143795604477646,0.07,0.025,0.09,1.0,0.041,0.2990440142932141
4679,0.112,0.346,0.5185237233876152,0.745,5.98e-06,0.151,0.0,0.0992,0.30415417703940795
4680,0.00341,0.536,0.495555693666782,0.678,0.000411,0.218,1.0,0.0314,0.33882876932716893
4681,0.245,0.649,0.5833849499739521,0.525,1.2e-05,0.17,1.0,0.0665,0.4317897000795949
4682,0.0888,0.824,0.4646592605408959,0.764,0.00294,0.117,0.0,0.0854,0.4572389032837135
4683,0.758,0.562,0.522245872517551,0.395,0.0165,0.228,1.0,0.0388,0.46190875374688817
4684,0.847,0.63,0.42965267068037405,0.175,0.949,0.109,0.0,0.329,0.618427069044353
4685,0.533,0.433,0.5126347490062417,0.523,0.000112,0.162,1.0,0.041,0.7548773052888279
4686,0.172,0.889,0.4644065212535933,0.879,0.0,0.792,0.0,0.294,0.4065098477535606
4687,0.0245,0.739,0.4335462145780138,0.586,0.000252,0.308,0.0,0.0472,0.5250978001320936
4688,0.85,0.789,0.41111763743427154,0.212,3.08e-05,0.107,1.0,0.0493,0.4677428914968924
4689,0.176,0.48,0.454112493551595,0.692,0.00011,0.221,0.0,0.0582,0.3613227997087165
4690,0.116,0.68,0.47216084391539903,0.696,0.0,0.607,1.0,0.051,0.49095666311029823
4691,0.0543,0.621,0.4266924275563486,0.758,0.0,0.282,1.0,0.0773,0.6487789801690121
4692,0.0149,0.631,0.48237782228438864,0.862,6.23e-05,0.103,1.0,0.0515,0.6139392707751189
4693,0.00136,0.465,0.4897007793981427,0.92,1.46e-06,0.311,1.0,0.0791,0.6311410862165321
4694,0.0517,0.675,0.4868607612010025,0.67,0.000635,0.0759,1.0,0.0473,0.37267354231231686
4695,0.0768,0.818,0.4729332150149652,0.615,2.44e-06,0.142,1.0,0.0691,0.435807549662145
4696,0.224,0.358,0.4738709980215545,0.557,2.17e-05,0.0766,0.0,0.0431,0.5675455977239241
4697,0.315,0.707,0.5046430514361302,0.729,6.1e-06,0.117,1.0,0.0421,0.4488475672746363
4698,0.678,0.367,0.48538369201562404,0.387,0.0,0.0855,1.0,0.0666,0.7647716303409032
4699,0.000327,0.305,0.4941294952890656,0.833,2.36e-05,0.091,1.0,0.0398,0.42623499127842973
4700,0.225,0.94,0.4390607627481731,0.616,0.0,0.13,0.0,0.0936,0.5558688546800116
4701,0.0493,0.744,0.4833516392583652,0.628,0.0,0.317,1.0,0.0287,0.5079086860065369
4702,0.73,0.325,0.5017190301989718,0.271,0.0,0.301,1.0,0.0418,0.30421768361868956
4703,0.0587,0.644,0.5039269803701019,0.945,0.0,0.184,1.0,0.0717,0.3853452217649748
4704,0.00696,0.58,0.5266264336861353,0.982,4.82e-06,0.165,0.0,0.0729,0.4157098342054903
4705,0.0446,0.757,0.3903222715343073,0.978,0.000796,0.0355,0.0,0.215,0.39647580822706563
4706,0.418,0.755,0.4516963873741269,0.242,0.895,0.149,0.0,0.0491,0.6179359514979085
4707,0.0426,0.273,0.6008208282349945,0.576,0.91,0.117,1.0,0.059,0.770622703178716
4708,0.619,0.672,0.46628838446985754,0.588,0.241,0.0992,1.0,0.133,0.7156471743805991
4709,0.0144,0.786,0.47031568296126425,0.719,0.000638,0.0887,0.0,0.0353,0.4995046486816034
4710,0.143,0.78,0.45464737878884875,0.672,7.27e-05,0.125,1.0,0.0328,0.41090450303984827
4711,0.937,0.372,0.49878237101148226,0.537,0.873,0.287,1.0,0.0305,0.5238657724940303
4712,0.00126,0.369,0.5206835766772211,0.725,3.6e-06,0.0894,1.0,0.0396,0.5916611627631289
4713,0.59,0.347,0.5077903954156402,0.522,8.03e-06,0.134,1.0,0.0413,0.5108807939169164
4714,0.186,0.626,0.552594111140873,0.778,0.0,0.109,0.0,0.0468,0.5207751189689918
4715,0.168,0.581,0.5616415677799038,0.65,0.000413,0.0945,1.0,0.0533,0.3894350454707108
4716,0.108,0.742,0.5381825573437484,0.491,0.0,0.121,0.0,0.226,0.6273687954072041
4717,0.615,0.82,0.5398262911605833,0.517,0.00081,0.494,1.0,0.0425,0.5555216853799386
4718,0.733,0.64,0.5370062292442683,0.498,7.33e-06,0.136,1.0,0.0289,0.48220545648529184
4719,0.151,0.58,0.526876043092463,0.622,0.0,0.265,1.0,0.0376,0.33883300309912107
4720,0.547,0.509,0.42217654391343884,0.38,1.21e-06,0.36,1.0,0.158,0.5414147572355162
4721,0.397,0.52,0.8057570189755774,0.591,0.0,0.632,1.0,0.06,0.5790445223458484
4722,0.289,0.516,0.600859031117726,0.757,7.21e-06,0.367,1.0,0.0551,0.5252459821504175
4723,0.765,0.471,0.5619619105672946,0.517,1.57e-06,0.102,1.0,0.0309,0.4987256346424156
4724,0.00239,0.429,0.5357295819679613,0.661,0.000121,0.234,1.0,0.0281,0.7340175108807939
4725,0.0776,0.598,0.4739728790851929,0.575,0.798,0.0925,0.0,0.0484,0.4528950532608511
4726,0.844,0.444,0.4634774017931709,0.21,0.0,0.0956,1.0,0.0516,0.6178936137783874
4727,0.237,0.565,0.46635111567992515,0.473,0.0,0.0843,1.0,0.091,0.6349811173770935
4728,0.00902,0.606,0.4478220114296403,0.772,0.0,0.101,1.0,0.0634,0.3913317753052549
4729,0.041,0.808,0.5129397510999056,0.697,0.0,0.0546,1.0,0.241,0.40246236176734573
4730,0.236,0.74,0.5293360968971288,0.556,0.0,0.117,1.0,0.0306,0.49936916797913594
4731,0.117,0.762,0.4806597554738665,0.797,0.0,0.202,1.0,0.135,0.5167996071059628
4732,0.0592,0.691,0.51389823485902,0.695,0.0,0.0647,1.0,0.0367,0.44905078832833745
4733,0.382,0.593,0.5452631865236444,0.392,0.000114,0.131,0.0,0.0257,0.3178080915849548
4734,0.918,0.329,0.4921856700292302,0.235,0.0,0.137,1.0,0.0303,0.7240004064421074
4735,0.00617,0.636,0.5079704142035193,0.878,0.76,0.14,1.0,0.0464,0.47854747751867094
4736,0.848,0.399,0.45321609132923446,0.274,0.0,0.109,1.0,0.0313,0.48064319463496413
4737,0.611,0.661,0.46153471099314936,0.796,0.0,0.0679,0.0,0.178,0.5252586834662737
4738,0.0322,0.516,0.49491725302073597,0.56,0.0,0.15,0.0,0.486,0.4188893969415231
4739,0.742,0.458,0.5015500924057177,0.61,0.099,0.1,1.0,0.027,0.33495910176294263
4740,0.0843,0.75,0.4438813963309971,0.794,0.0,0.235,1.0,0.0395,0.5081711798675677
4741,0.164,0.879,0.4986464711428398,0.665,0.0,0.319,0.0,0.145,0.5248903453064404
4742,0.607,0.705,0.47564391883154244,0.581,1.52e-05,0.117,0.0,0.0455,0.69112093346204
4743,0.367,0.685,0.45728099042788806,0.23,0.000971,0.101,0.0,0.0388,0.40680197801825596
4744,0.00737,0.786,0.5617741636621241,0.627,0.00186,0.181,1.0,0.0339,0.5354070348354756
4745,0.186,0.551,0.4449520907161941,0.881,0.0791,0.152,0.0,0.0542,0.3727243475757422
4746,0.159,0.96,0.21927655057487438,0.804,0.00043,0.197,1.0,0.195,0.5762205964537925
4747,0.141,0.726,0.4245154223817509,0.481,0.0,0.155,1.0,0.207,0.3386086131856593
4748,0.00756,0.186,0.5843693774074432,0.679,0.884,0.128,0.0,0.0441,0.36777506816372846
4749,0.0205,0.626,0.5109238229479511,0.968,0.0,0.321,0.0,0.0462,0.5460253348913614
4750,0.22,0.701,0.47086932964875183,0.548,0.0,0.105,0.0,0.0351,0.46588003183796506
4751,0.34,0.489,0.47086932964875183,0.551,0.0,0.0981,1.0,0.049,0.46546512218665853
4752,0.94,0.755,0.430055349211631,0.085,0.936,0.136,1.0,0.0363,0.4655836678013175
4753,0.784,0.807,0.5067053636357364,0.289,0.916,0.0781,1.0,0.0912,0.7281622042710292
4754,0.326,0.716,0.45273042780367123,0.563,0.0,0.119,1.0,0.0426,0.36412555674101166
4755,0.262,0.324,0.5157535313669213,0.416,3.69e-05,0.11,0.0,0.0368,0.48259072973293365
4756,0.199,0.799,0.4907578141768616,0.539,1.66e-05,0.165,1.0,0.0421,0.5798066012972277
4757,0.0169,0.596,0.49145845388225773,0.854,0.0,0.124,0.0,0.463,0.509212687767786
4758,0.0192,0.465,0.47886360295490915,0.891,0.0,0.24,0.0,0.368,0.5227268878389134
4759,0.286,0.784,0.4843238754965089,0.845,1.59e-05,0.074,1.0,0.0596,0.44869938525631253
4760,0.202,0.745,0.5059667216024164,0.477,0.0,0.12,0.0,0.088,0.5760258429439956
4761,0.961,0.537,0.5063386586173539,0.143,0.00572,0.11,1.0,0.0331,0.5551237108164405
4762,0.438,0.282,0.3948649185708335,0.158,0.134,0.474,1.0,0.0311,0.2758387102237125
4763,0.932,0.632,0.5224245918775576,0.284,0.000476,0.233,0.0,0.0801,0.5488746634151298
4764,0.866,0.56,0.49945406437179996,0.344,0.00147,0.111,1.0,0.0306,0.488547646869549
